timestamp,station_id,station_name,lat,lon,rainfall_mm_hr,water_level_m,soil_moisture_pct,ground_tremor_index
2023-10-02 00:00:00,chungthang,Chungthang,27.6167,88.65,0.0,2.009,45.0,0.0019
2023-10-02 00:00:00,dikchu,Dikchu,27.3833,88.6167,0.07,2.015,45.0,0.008
2023-10-02 00:00:00,gangtok,Gangtok,27.3389,88.6065,0.3,,45.0,0.0062
2023-10-02 00:00:00,gyalshing,Gyalshing,27.2833,88.2667,0.38,,45.01,0.0208
2023-10-02 00:00:00,lachen,Lachen,27.7167,88.5567,0.13,2.958,45.0,0.0055
2023-10-02 00:00:00,mangan,Mangan,27.5167,88.5333,1.3,1.96,45.0,0.0185
2023-10-02 00:00:00,singtam,Singtam,27.2333,88.4833,0.0,1.992,45.0,0.0192
2023-10-02 00:10:00,chungthang,Chungthang,27.6167,88.65,0.03,2.034,44.94,0.0247
2023-10-02 00:10:00,dikchu,Dikchu,27.3833,88.6167,0.34,2.012,44.65,0.0242
2023-10-02 00:10:00,gangtok,Gangtok,27.3389,88.6065,0.05,,44.9,0.0105
2023-10-02 00:10:00,gyalshing,Gyalshing,27.2833,88.2667,0.01,,44.98,0.0078
2023-10-02 00:10:00,lachen,Lachen,27.7167,88.5567,6.95,2.958,45.23,0.002
2023-10-02 00:10:00,mangan,Mangan,27.5167,88.5333,0.53,1.904,44.84,0.0184
2023-10-02 00:10:00,singtam,Singtam,27.2333,88.4833,0.02,1.979,44.96,0.0142
2023-10-02 00:20:00,chungthang,Chungthang,27.6167,88.65,0.46,2.006,45.22,0.0311
2023-10-02 00:20:00,dikchu,Dikchu,27.3833,88.6167,0.03,2.037,44.53,0.0028
2023-10-02 00:20:00,gangtok,Gangtok,27.3389,88.6065,2.76,,44.47,0.0155
2023-10-02 00:20:00,gyalshing,Gyalshing,27.2833,88.2667,0.95,,45.33,0.0082
2023-10-02 00:20:00,lachen,Lachen,27.7167,88.5567,0.14,2.995,45.3,0.0114
2023-10-02 00:20:00,mangan,Mangan,27.5167,88.5333,0.11,1.998,44.75,0.0111
2023-10-02 00:20:00,singtam,Singtam,27.2333,88.4833,0.28,1.957,44.81,0.0247
2023-10-02 00:30:00,chungthang,Chungthang,27.6167,88.65,0.38,2.006,45.09,0.0231
2023-10-02 00:30:00,dikchu,Dikchu,27.3833,88.6167,0.0,2.022,44.51,0.0159
2023-10-02 00:30:00,gangtok,Gangtok,27.3389,88.6065,0.13,,44.22,0.0216
2023-10-02 00:30:00,gyalshing,Gyalshing,27.2833,88.2667,0.79,,45.3,0.0012
2023-10-02 00:30:00,lachen,Lachen,27.7167,88.5567,2.94,2.978,45.64,0.0246
2023-10-02 00:30:00,mangan,Mangan,27.5167,88.5333,0.01,1.975,44.77,0.0037
2023-10-02 00:30:00,singtam,Singtam,27.2333,88.4833,2.93,1.984,44.78,0.0466
2023-10-02 00:40:00,chungthang,Chungthang,27.6167,88.65,0.21,2.004,44.87,0.0006
2023-10-02 00:40:00,dikchu,Dikchu,27.3833,88.6167,0.32,1.987,44.39,0.0106
2023-10-02 00:40:00,gangtok,Gangtok,27.3389,88.6065,0.0,,44.31,0.0045
2023-10-02 00:40:00,gyalshing,Gyalshing,27.2833,88.2667,0.37,,45.43,0.0036
2023-10-02 00:40:00,lachen,Lachen,27.7167,88.5567,1.2,3.011,45.65,0.0071
2023-10-02 00:40:00,mangan,Mangan,27.5167,88.5333,0.33,2.012,44.92,0.031
2023-10-02 00:40:00,singtam,Singtam,27.2333,88.4833,0.02,1.994,44.58,0.0141
2023-10-02 00:50:00,chungthang,Chungthang,27.6167,88.65,0.63,1.939,44.91,0.0231
2023-10-02 00:50:00,dikchu,Dikchu,27.3833,88.6167,0.62,1.981,44.49,0.0332
2023-10-02 00:50:00,gangtok,Gangtok,27.3389,88.6065,0.0,,44.41,0.0211
2023-10-02 00:50:00,gyalshing,Gyalshing,27.2833,88.2667,0.11,,45.11,0.0154
2023-10-02 00:50:00,lachen,Lachen,27.7167,88.5567,0.01,3.014,45.77,0.0218
2023-10-02 00:50:00,mangan,Mangan,27.5167,88.5333,1.26,1.941,44.87,0.0114
2023-10-02 00:50:00,singtam,Singtam,27.2333,88.4833,0.08,1.991,44.26,0.0092
2023-10-02 01:00:00,chungthang,Chungthang,27.6167,88.65,0.03,1.998,45.04,0.0307
2023-10-02 01:00:00,dikchu,Dikchu,27.3833,88.6167,0.01,1.999,44.35,0.0027
2023-10-02 01:00:00,gangtok,Gangtok,27.3389,88.6065,0.01,,44.34,0.0141
2023-10-02 01:00:00,gyalshing,Gyalshing,27.2833,88.2667,2.12,,44.84,0.0283
2023-10-02 01:00:00,lachen,Lachen,27.7167,88.5567,0.0,3.01,45.85,0.0097
2023-10-02 01:00:00,mangan,Mangan,27.5167,88.5333,0.32,1.981,44.81,0.0202
2023-10-02 01:00:00,singtam,Singtam,27.2333,88.4833,0.57,2.003,44.47,0.0102
2023-10-02 01:10:00,chungthang,Chungthang,27.6167,88.65,0.03,1.98,45.45,0.0073
2023-10-02 01:10:00,dikchu,Dikchu,27.3833,88.6167,0.67,1.977,44.14,0.0062
2023-10-02 01:10:00,gangtok,Gangtok,27.3389,88.6065,0.0,,44.63,0.0145
2023-10-02 01:10:00,gyalshing,Gyalshing,27.2833,88.2667,0.12,,45.14,0.0121
2023-10-02 01:10:00,lachen,Lachen,27.7167,88.5567,0.43,3.007,45.76,0.0028
2023-10-02 01:10:00,mangan,Mangan,27.5167,88.5333,0.24,2.014,44.38,0.0143
2023-10-02 01:10:00,singtam,Singtam,27.2333,88.4833,2.09,2.013,44.45,0.0094
2023-10-02 01:20:00,chungthang,Chungthang,27.6167,88.65,0.09,1.964,45.53,0.0221
2023-10-02 01:20:00,dikchu,Dikchu,27.3833,88.6167,1.44,1.968,44.32,0.0179
2023-10-02 01:20:00,gangtok,Gangtok,27.3389,88.6065,0.1,,44.98,0.0363
2023-10-02 01:20:00,gyalshing,Gyalshing,27.2833,88.2667,0.05,,45.28,0.0328
2023-10-02 01:20:00,lachen,Lachen,27.7167,88.5567,0.06,3.047,45.85,0.0019
2023-10-02 01:20:00,mangan,Mangan,27.5167,88.5333,0.46,1.969,44.53,0.0163
2023-10-02 01:20:00,singtam,Singtam,27.2333,88.4833,0.01,2.02,44.61,0.0123
2023-10-02 01:30:00,chungthang,Chungthang,27.6167,88.65,0.01,2.043,45.68,0.0352
2023-10-02 01:30:00,dikchu,Dikchu,27.3833,88.6167,0.13,1.936,44.68,0.0388
2023-10-02 01:30:00,gangtok,Gangtok,27.3389,88.6065,0.32,,44.96,0.0284
2023-10-02 01:30:00,gyalshing,Gyalshing,27.2833,88.2667,0.0,,45.24,0.0007
2023-10-02 01:30:00,lachen,Lachen,27.7167,88.5567,2.06,2.968,46.41,0.0167
2023-10-02 01:30:00,mangan,Mangan,27.5167,88.5333,0.21,2.012,44.36,0.0466
2023-10-02 01:30:00,singtam,Singtam,27.2333,88.4833,0.0,1.981,44.69,0.0299
2023-10-02 01:40:00,chungthang,Chungthang,27.6167,88.65,0.13,2.015,45.85,0.0129
2023-10-02 01:40:00,dikchu,Dikchu,27.3833,88.6167,0.0,1.954,44.4,0.0158
2023-10-02 01:40:00,gangtok,Gangtok,27.3389,88.6065,0.15,,45.03,0.0497
2023-10-02 01:40:00,gyalshing,Gyalshing,27.2833,88.2667,0.0,,45.71,0.0306
2023-10-02 01:40:00,lachen,Lachen,27.7167,88.5567,0.01,2.998,46.32,0.0014
2023-10-02 01:40:00,mangan,Mangan,27.5167,88.5333,0.15,1.983,44.56,0.0112
2023-10-02 01:40:00,singtam,Singtam,27.2333,88.4833,0.66,1.953,44.84,0.0337
2023-10-02 01:50:00,chungthang,Chungthang,27.6167,88.65,0.0,1.999,45.55,0.0291
2023-10-02 01:50:00,dikchu,Dikchu,27.3833,88.6167,0.15,2.06,44.48,0.0359
2023-10-02 01:50:00,gangtok,Gangtok,27.3389,88.6065,0.03,,44.92,0.0207
2023-10-02 01:50:00,gyalshing,Gyalshing,27.2833,88.2667,0.48,,46.18,0.0597
2023-10-02 01:50:00,lachen,Lachen,27.7167,88.5567,0.0,3.034,46.41,0.0252
2023-10-02 01:50:00,mangan,Mangan,27.5167,88.5333,0.52,1.999,44.9,0.0034
2023-10-02 01:50:00,singtam,Singtam,27.2333,88.4833,0.77,2.038,44.34,0.0303
2023-10-02 02:00:00,chungthang,Chungthang,27.6167,88.65,0.0,1.983,45.3,0.0125
2023-10-02 02:00:00,dikchu,Dikchu,27.3833,88.6167,0.13,1.98,44.01,0.0354
2023-10-02 02:00:00,gangtok,Gangtok,27.3389,88.6065,1.5,,45.09,0.0127
2023-10-02 02:00:00,gyalshing,Gyalshing,27.2833,88.2667,0.13,,46.28,0.0098
2023-10-02 02:00:00,lachen,Lachen,27.7167,88.5567,0.56,3.038,46.7,0.0024
2023-10-02 02:00:00,mangan,Mangan,27.5167,88.5333,0.92,2.018,44.85,0.0349
2023-10-02 02:00:00,singtam,Singtam,27.2333,88.4833,0.0,2.012,44.13,0.037
2023-10-02 02:10:00,chungthang,Chungthang,27.6167,88.65,0.06,2.009,45.03,0.0149
2023-10-02 02:10:00,dikchu,Dikchu,27.3833,88.6167,1.28,2.057,43.67,0.0197
2023-10-02 02:10:00,gangtok,Gangtok,27.3389,88.6065,0.17,,44.8,0.0141
2023-10-02 02:10:00,gyalshing,Gyalshing,27.2833,88.2667,0.03,,45.9,0.0239
2023-10-02 02:10:00,lachen,Lachen,27.7167,88.5567,5.67,2.957,46.98,0.0178
2023-10-02 02:10:00,mangan,Mangan,27.5167,88.5333,0.02,2.029,44.6,0.0234
2023-10-02 02:10:00,singtam,Singtam,27.2333,88.4833,1.25,1.971,44.3,0.0114
2023-10-02 02:20:00,chungthang,Chungthang,27.6167,88.65,0.05,2.03,44.7,0.0075
2023-10-02 02:20:00,dikchu,Dikchu,27.3833,88.6167,2.25,2.012,43.56,0.0315
2023-10-02 02:20:00,gangtok,Gangtok,27.3389,88.6065,0.0,,45.25,0.0102
2023-10-02 02:20:00,gyalshing,Gyalshing,27.2833,88.2667,0.0,,45.86,0.0053
2023-10-02 02:20:00,lachen,Lachen,27.7167,88.5567,0.07,2.991,46.95,0.0098
2023-10-02 02:20:00,mangan,Mangan,27.5167,88.5333,0.0,2.003,44.6,0.0134
2023-10-02 02:20:00,singtam,Singtam,27.2333,88.4833,0.0,2.008,44.0,0.0118
2023-10-02 02:30:00,chungthang,Chungthang,27.6167,88.65,0.02,1.975,44.9,0.0071
2023-10-02 02:30:00,dikchu,Dikchu,27.3833,88.6167,0.0,1.999,43.87,0.0178
2023-10-02 02:30:00,gangtok,Gangtok,27.3389,88.6065,1.48,,45.55,0.0007
2023-10-02 02:30:00,gyalshing,Gyalshing,27.2833,88.2667,0.01,,45.64,0.022
2023-10-02 02:30:00,lachen,Lachen,27.7167,88.5567,0.01,3.041,46.33,0.004
2023-10-02 02:30:00,mangan,Mangan,27.5167,88.5333,1.27,1.976,44.7,0.0211
2023-10-02 02:30:00,singtam,Singtam,27.2333,88.4833,0.01,2.032,44.11,0.0048
2023-10-02 02:40:00,chungthang,Chungthang,27.6167,88.65,0.16,2.0,44.97,0.0145
2023-10-02 02:40:00,dikchu,Dikchu,27.3833,88.6167,0.01,1.955,43.69,0.0325
2023-10-02 02:40:00,gangtok,Gangtok,27.3389,88.6065,0.0,,45.24,0.009
2023-10-02 02:40:00,gyalshing,Gyalshing,27.2833,88.2667,0.0,,45.65,0.0248
2023-10-02 02:40:00,lachen,Lachen,27.7167,88.5567,0.17,3.015,46.44,0.0075
2023-10-02 02:40:00,mangan,Mangan,27.5167,88.5333,0.13,1.986,44.63,0.0144
2023-10-02 02:40:00,singtam,Singtam,27.2333,88.4833,0.0,2.052,43.77,0.0001
2023-10-02 02:50:00,chungthang,Chungthang,27.6167,88.65,0.01,2.026,44.99,0.0013
2023-10-02 02:50:00,dikchu,Dikchu,27.3833,88.6167,0.28,2.0,43.51,0.0002
2023-10-02 02:50:00,gangtok,Gangtok,27.3389,88.6065,0.03,,45.04,0.0017
2023-10-02 02:50:00,gyalshing,Gyalshing,27.2833,88.2667,0.0,,45.41,0.0454
2023-10-02 02:50:00,lachen,Lachen,27.7167,88.5567,0.53,3.006,45.87,0.0097
2023-10-02 02:50:00,mangan,Mangan,27.5167,88.5333,0.09,2.019,44.49,0.0075
2023-10-02 02:50:00,singtam,Singtam,27.2333,88.4833,0.09,2.008,43.8,0.014
2023-10-02 03:00:00,chungthang,Chungthang,27.6167,88.65,0.0,1.942,44.35,0.0384
2023-10-02 03:00:00,dikchu,Dikchu,27.3833,88.6167,0.84,2.057,43.55,0.0042
2023-10-02 03:00:00,gangtok,Gangtok,27.3389,88.6065,1.87,,45.17,0.0143
2023-10-02 03:00:00,gyalshing,Gyalshing,27.2833,88.2667,0.0,,45.11,0.0007
2023-10-02 03:00:00,lachen,Lachen,27.7167,88.5567,1.28,2.993,46.23,0.0105
2023-10-02 03:00:00,mangan,Mangan,27.5167,88.5333,0.09,1.969,44.64,0.0028
2023-10-02 03:00:00,singtam,Singtam,27.2333,88.4833,0.98,2.032,44.23,0.0127
2023-10-02 03:10:00,chungthang,Chungthang,27.6167,88.65,0.11,1.998,44.87,0.007
2023-10-02 03:10:00,dikchu,Dikchu,27.3833,88.6167,0.08,2.047,43.59,0.025
2023-10-02 03:10:00,gangtok,Gangtok,27.3389,88.6065,2.46,,45.11,0.0437
2023-10-02 03:10:00,gyalshing,Gyalshing,27.2833,88.2667,0.0,,44.54,0.0098
2023-10-02 03:10:00,lachen,Lachen,27.7167,88.5567,0.04,2.988,46.25,0.0178
2023-10-02 03:10:00,mangan,Mangan,27.5167,88.5333,0.02,1.995,44.77,0.0296
2023-10-02 03:10:00,singtam,Singtam,27.2333,88.4833,0.51,1.964,44.44,0.0144
2023-10-02 03:20:00,chungthang,Chungthang,27.6167,88.65,2.56,1.987,44.66,0.0077
2023-10-02 03:20:00,dikchu,Dikchu,27.3833,88.6167,6.34,2.008,43.47,0.007
2023-10-02 03:20:00,gangtok,Gangtok,27.3389,88.6065,2.76,,45.28,0.0268
2023-10-02 03:20:00,gyalshing,Gyalshing,27.2833,88.2667,0.22,,44.59,0.0142
2023-10-02 03:20:00,lachen,Lachen,27.7167,88.5567,1.07,3.009,46.49,0.0285
2023-10-02 03:20:00,mangan,Mangan,27.5167,88.5333,0.0,1.988,44.69,0.0091
2023-10-02 03:20:00,singtam,Singtam,27.2333,88.4833,1.06,1.999,44.0,0.0125
2023-10-02 03:30:00,chungthang,Chungthang,27.6167,88.65,0.15,1.996,45.18,0.0313
2023-10-02 03:30:00,dikchu,Dikchu,27.3833,88.6167,0.01,1.966,43.99,0.0039
2023-10-02 03:30:00,gangtok,Gangtok,27.3389,88.6065,0.01,,45.19,0.0638
2023-10-02 03:30:00,gyalshing,Gyalshing,27.2833,88.2667,0.0,,44.03,0.0501
2023-10-02 03:30:00,lachen,Lachen,27.7167,88.5567,0.03,2.992,46.24,0.0199
2023-10-02 03:30:00,mangan,Mangan,27.5167,88.5333,0.13,1.997,44.28,0.0255
2023-10-02 03:30:00,singtam,Singtam,27.2333,88.4833,0.08,1.99,44.23,0.018
2023-10-02 03:40:00,chungthang,Chungthang,27.6167,88.65,0.0,1.985,44.81,0.0304
2023-10-02 03:40:00,dikchu,Dikchu,27.3833,88.6167,0.01,1.971,43.94,0.0047
2023-10-02 03:40:00,gangtok,Gangtok,27.3389,88.6065,0.42,,45.57,0.0083
2023-10-02 03:40:00,gyalshing,Gyalshing,27.2833,88.2667,1.09,,43.98,0.0008
2023-10-02 03:40:00,lachen,Lachen,27.7167,88.5567,0.0,2.999,45.83,0.0187
2023-10-02 03:40:00,mangan,Mangan,27.5167,88.5333,0.02,1.97,44.41,0.0105
2023-10-02 03:40:00,singtam,Singtam,27.2333,88.4833,0.2,2.01,44.7,0.0157
2023-10-02 03:50:00,chungthang,Chungthang,27.6167,88.65,1.44,2.004,44.62,0.0095
2023-10-02 03:50:00,dikchu,Dikchu,27.3833,88.6167,0.02,1.974,43.99,0.0324
2023-10-02 03:50:00,gangtok,Gangtok,27.3389,88.6065,0.0,,45.57,0.0097
2023-10-02 03:50:00,gyalshing,Gyalshing,27.2833,88.2667,0.0,,44.17,0.0231
2023-10-02 03:50:00,lachen,Lachen,27.7167,88.5567,0.0,3.002,45.89,0.0181
2023-10-02 03:50:00,mangan,Mangan,27.5167,88.5333,0.09,1.944,44.23,0.0031
2023-10-02 03:50:00,singtam,Singtam,27.2333,88.4833,0.4,2.048,45.41,0.0205
2023-10-02 04:00:00,chungthang,Chungthang,27.6167,88.65,0.02,2.058,44.07,0.021
2023-10-02 04:00:00,dikchu,Dikchu,27.3833,88.6167,0.53,2.038,43.91,0.0025
2023-10-02 04:00:00,gangtok,Gangtok,27.3389,88.6065,0.94,,46.18,0.0076
2023-10-02 04:00:00,gyalshing,Gyalshing,27.2833,88.2667,0.0,,44.0,0.0129
2023-10-02 04:00:00,lachen,Lachen,27.7167,88.5567,0.51,2.98,45.87,0.0015
2023-10-02 04:00:00,mangan,Mangan,27.5167,88.5333,0.13,2.016,44.29,0.0023
2023-10-02 04:00:00,singtam,Singtam,27.2333,88.4833,3.58,2.007,45.56,0.0166
2023-10-02 04:10:00,chungthang,Chungthang,27.6167,88.65,0.51,1.99,44.18,0.0025
2023-10-02 04:10:00,dikchu,Dikchu,27.3833,88.6167,0.03,2.049,44.04,0.0266
2023-10-02 04:10:00,gangtok,Gangtok,27.3389,88.6065,0.13,,46.32,0.0185
2023-10-02 04:10:00,gyalshing,Gyalshing,27.2833,88.2667,0.1,,43.75,0.0376
2023-10-02 04:10:00,lachen,Lachen,27.7167,88.5567,0.93,3.016,45.74,0.009
2023-10-02 04:10:00,mangan,Mangan,27.5167,88.5333,0.13,2.029,44.34,0.0116
2023-10-02 04:10:00,singtam,Singtam,27.2333,88.4833,0.02,1.972,45.22,0.0372
2023-10-02 04:20:00,chungthang,Chungthang,27.6167,88.65,0.23,2.009,43.92,0.0122
2023-10-02 04:20:00,dikchu,Dikchu,27.3833,88.6167,0.17,2.006,44.37,0.0318
2023-10-02 04:20:00,gangtok,Gangtok,27.3389,88.6065,0.21,,45.96,0.0174
2023-10-02 04:20:00,gyalshing,Gyalshing,27.2833,88.2667,0.62,,43.76,0.0148
2023-10-02 04:20:00,lachen,Lachen,27.7167,88.5567,0.3,3.087,45.75,0.0228
2023-10-02 04:20:00,mangan,Mangan,27.5167,88.5333,0.15,1.946,43.88,0.0154
2023-10-02 04:20:00,singtam,Singtam,27.2333,88.4833,0.06,1.962,45.33,0.0005
2023-10-02 04:30:00,chungthang,Chungthang,27.6167,88.65,0.41,2.06,43.66,0.0134
2023-10-02 04:30:00,dikchu,Dikchu,27.3833,88.6167,0.0,1.991,44.8,0.0538
2023-10-02 04:30:00,gangtok,Gangtok,27.3389,88.6065,0.37,,46.48,0.0276
2023-10-02 04:30:00,gyalshing,Gyalshing,27.2833,88.2667,0.45,,43.58,0.0054
2023-10-02 04:30:00,lachen,Lachen,27.7167,88.5567,0.0,2.947,46.43,0.0088
2023-10-02 04:30:00,mangan,Mangan,27.5167,88.5333,2.46,2.011,43.93,0.0111
2023-10-02 04:30:00,singtam,Singtam,27.2333,88.4833,0.17,2.049,45.72,0.03
2023-10-02 04:40:00,chungthang,Chungthang,27.6167,88.65,0.09,1.983,43.34,0.009
2023-10-02 04:40:00,dikchu,Dikchu,27.3833,88.6167,0.0,2.046,44.61,0.0075
2023-10-02 04:40:00,gangtok,Gangtok,27.3389,88.6065,0.02,,46.73,0.009
2023-10-02 04:40:00,gyalshing,Gyalshing,27.2833,88.2667,0.1,,43.65,0.0074
2023-10-02 04:40:00,lachen,Lachen,27.7167,88.5567,0.16,3.01,46.62,0.0095
2023-10-02 04:40:00,mangan,Mangan,27.5167,88.5333,0.33,2.032,44.07,0.0307
2023-10-02 04:40:00,singtam,Singtam,27.2333,88.4833,0.02,2.015,45.67,0.0183
2023-10-02 04:50:00,chungthang,Chungthang,27.6167,88.65,0.01,2.054,43.56,0.0218
2023-10-02 04:50:00,dikchu,Dikchu,27.3833,88.6167,0.0,1.971,44.89,0.0141
2023-10-02 04:50:00,gangtok,Gangtok,27.3389,88.6065,0.33,,46.81,0.0128
2023-10-02 04:50:00,gyalshing,Gyalshing,27.2833,88.2667,2.19,,43.45,0.0009
2023-10-02 04:50:00,lachen,Lachen,27.7167,88.5567,0.85,2.977,46.86,0.0134
2023-10-02 04:50:00,mangan,Mangan,27.5167,88.5333,0.46,2.018,44.25,0.0263
2023-10-02 04:50:00,singtam,Singtam,27.2333,88.4833,0.5,2.013,45.93,0.0006
2023-10-02 05:00:00,chungthang,Chungthang,27.6167,88.65,1.11,2.0,43.77,0.0152
2023-10-02 05:00:00,dikchu,Dikchu,27.3833,88.6167,0.09,2.002,45.04,0.0173
2023-10-02 05:00:00,gangtok,Gangtok,27.3389,88.6065,0.01,,46.95,0.0063
2023-10-02 05:00:00,gyalshing,Gyalshing,27.2833,88.2667,0.46,,43.46,0.0373
2023-10-02 05:00:00,lachen,Lachen,27.7167,88.5567,0.28,3.017,47.05,0.0063
2023-10-02 05:00:00,mangan,Mangan,27.5167,88.5333,1.12,1.987,44.29,0.0135
2023-10-02 05:00:00,singtam,Singtam,27.2333,88.4833,0.0,1.99,45.71,0.0128
2023-10-02 05:10:00,chungthang,Chungthang,27.6167,88.65,0.24,2.053,44.24,0.0156
2023-10-02 05:10:00,dikchu,Dikchu,27.3833,88.6167,0.0,2.014,45.28,0.0099
2023-10-02 05:10:00,gangtok,Gangtok,27.3389,88.6065,0.69,,46.63,0.0097
2023-10-02 05:10:00,gyalshing,Gyalshing,27.2833,88.2667,0.41,,43.4,0.0314
2023-10-02 05:10:00,lachen,Lachen,27.7167,88.5567,0.04,3.001,47.39,0.0236
2023-10-02 05:10:00,mangan,Mangan,27.5167,88.5333,0.02,1.972,43.81,0.0169
2023-10-02 05:10:00,singtam,Singtam,27.2333,88.4833,3.94,2.008,45.83,0.0276
2023-10-02 05:20:00,chungthang,Chungthang,27.6167,88.65,0.52,2.023,44.08,0.0078
2023-10-02 05:20:00,dikchu,Dikchu,27.3833,88.6167,0.23,1.974,45.26,0.0164
2023-10-02 05:20:00,gangtok,Gangtok,27.3389,88.6065,0.95,,46.17,0.019
2023-10-02 05:20:00,gyalshing,Gyalshing,27.2833,88.2667,0.0,,43.43,0.0137
2023-10-02 05:20:00,lachen,Lachen,27.7167,88.5567,0.13,3.023,47.31,0.004
2023-10-02 05:20:00,mangan,Mangan,27.5167,88.5333,1.44,2.002,44.15,0.0204
2023-10-02 05:20:00,singtam,Singtam,27.2333,88.4833,0.06,1.97,45.2,0.0328
2023-10-02 05:30:00,chungthang,Chungthang,27.6167,88.65,1.86,2.009,44.16,0.007
2023-10-02 05:30:00,dikchu,Dikchu,27.3833,88.6167,0.91,1.981,45.22,0.0174
2023-10-02 05:30:00,gangtok,Gangtok,27.3389,88.6065,1.0,,46.16,0.0011
2023-10-02 05:30:00,gyalshing,Gyalshing,27.2833,88.2667,0.7,,43.87,0.0322
2023-10-02 05:30:00,lachen,Lachen,27.7167,88.5567,0.1,3.035,46.76,0.0494
2023-10-02 05:30:00,mangan,Mangan,27.5167,88.5333,2.41,2.007,44.28,0.0065
2023-10-02 05:30:00,singtam,Singtam,27.2333,88.4833,0.16,2.012,44.97,0.002
2023-10-02 05:40:00,chungthang,Chungthang,27.6167,88.65,1.18,1.998,43.85,0.0092
2023-10-02 05:40:00,dikchu,Dikchu,27.3833,88.6167,0.0,1.979,45.45,0.0143
2023-10-02 05:40:00,gangtok,Gangtok,27.3389,88.6065,1.54,,46.5,0.0069
2023-10-02 05:40:00,gyalshing,Gyalshing,27.2833,88.2667,0.89,,43.96,0.0352
2023-10-02 05:40:00,lachen,Lachen,27.7167,88.5567,0.02,3.006,46.69,0.0034
2023-10-02 05:40:00,mangan,Mangan,27.5167,88.5333,0.0,2.003,43.99,0.0012
2023-10-02 05:40:00,singtam,Singtam,27.2333,88.4833,0.29,1.965,44.97,0.0234
2023-10-02 05:50:00,chungthang,Chungthang,27.6167,88.65,0.17,1.981,43.78,0.001
2023-10-02 05:50:00,dikchu,Dikchu,27.3833,88.6167,0.0,2.043,45.69,0.014
2023-10-02 05:50:00,gangtok,Gangtok,27.3389,88.6065,0.48,,46.59,0.0097
2023-10-02 05:50:00,gyalshing,Gyalshing,27.2833,88.2667,8.0,,44.22,0.0025
2023-10-02 05:50:00,lachen,Lachen,27.7167,88.5567,0.03,3.034,46.87,0.0058
2023-10-02 05:50:00,mangan,Mangan,27.5167,88.5333,0.3,1.995,43.81,0.0354
2023-10-02 05:50:00,singtam,Singtam,27.2333,88.4833,0.0,1.989,44.88,0.033
2023-10-02 06:00:00,chungthang,Chungthang,27.6167,88.65,0.08,2.002,43.67,0.0215
2023-10-02 06:00:00,dikchu,Dikchu,27.3833,88.6167,0.02,2.057,46.07,0.0009
2023-10-02 06:00:00,gangtok,Gangtok,27.3389,88.6065,0.09,,47.0,0.012
2023-10-02 06:00:00,gyalshing,Gyalshing,27.2833,88.2667,0.12,,44.08,0.0009
2023-10-02 06:00:00,lachen,Lachen,27.7167,88.5567,0.51,2.93,46.6,0.0001
2023-10-02 06:00:00,mangan,Mangan,27.5167,88.5333,3.61,1.968,43.9,0.0099
2023-10-02 06:00:00,singtam,Singtam,27.2333,88.4833,0.0,1.981,44.56,0.0007
2023-10-02 06:10:00,chungthang,Chungthang,27.6167,88.65,0.04,2.027,43.81,0.005
2023-10-02 06:10:00,dikchu,Dikchu,27.3833,88.6167,0.06,2.003,46.11,0.0023
2023-10-02 06:10:00,gangtok,Gangtok,27.3389,88.6065,0.47,,47.31,0.0178
2023-10-02 06:10:00,gyalshing,Gyalshing,27.2833,88.2667,0.4,,44.16,0.001
2023-10-02 06:10:00,lachen,Lachen,27.7167,88.5567,0.94,3.048,46.53,0.0051
2023-10-02 06:10:00,mangan,Mangan,27.5167,88.5333,0.03,2.013,44.09,0.0257
2023-10-02 06:10:00,singtam,Singtam,27.2333,88.4833,0.0,1.902,44.45,0.0026
2023-10-02 06:20:00,chungthang,Chungthang,27.6167,88.65,0.26,2.0,44.08,0.0009
2023-10-02 06:20:00,dikchu,Dikchu,27.3833,88.6167,0.54,1.992,46.07,0.0279
2023-10-02 06:20:00,gangtok,Gangtok,27.3389,88.6065,0.95,,47.29,0.0342
2023-10-02 06:20:00,gyalshing,Gyalshing,27.2833,88.2667,0.25,,44.12,0.0129
2023-10-02 06:20:00,lachen,Lachen,27.7167,88.5567,0.1,3.011,46.34,0.0087
2023-10-02 06:20:00,mangan,Mangan,27.5167,88.5333,0.0,2.014,43.98,0.0115
2023-10-02 06:20:00,singtam,Singtam,27.2333,88.4833,0.01,1.99,44.54,0.0147
2023-10-02 06:30:00,chungthang,Chungthang,27.6167,88.65,0.12,1.991,44.35,0.0108
2023-10-02 06:30:00,dikchu,Dikchu,27.3833,88.6167,0.04,1.982,45.44,0.0141
2023-10-02 06:30:00,gangtok,Gangtok,27.3389,88.6065,1.13,,47.57,0.0037
2023-10-02 06:30:00,gyalshing,Gyalshing,27.2833,88.2667,0.0,,44.14,0.0109
2023-10-02 06:30:00,lachen,Lachen,27.7167,88.5567,0.01,3.032,46.7,0.0415
2023-10-02 06:30:00,mangan,Mangan,27.5167,88.5333,0.08,2.006,44.2,0.0135
2023-10-02 06:30:00,singtam,Singtam,27.2333,88.4833,0.1,1.973,44.53,0.0169
2023-10-02 06:40:00,chungthang,Chungthang,27.6167,88.65,1.65,1.992,44.15,0.0011
2023-10-02 06:40:00,dikchu,Dikchu,27.3833,88.6167,0.53,2.0,45.04,0.0014
2023-10-02 06:40:00,gangtok,Gangtok,27.3389,88.6065,0.01,,47.92,0.0213
2023-10-02 06:40:00,gyalshing,Gyalshing,27.2833,88.2667,0.08,,44.32,0.0264
2023-10-02 06:40:00,lachen,Lachen,27.7167,88.5567,0.0,2.963,46.86,0.0169
2023-10-02 06:40:00,mangan,Mangan,27.5167,88.5333,0.0,2.003,43.77,0.0159
2023-10-02 06:40:00,singtam,Singtam,27.2333,88.4833,2.06,1.994,44.58,0.0022
2023-10-02 06:50:00,chungthang,Chungthang,27.6167,88.65,2.81,2.03,44.42,0.0027
2023-10-02 06:50:00,dikchu,Dikchu,27.3833,88.6167,0.22,1.983,44.95,0.0121
2023-10-02 06:50:00,gangtok,Gangtok,27.3389,88.6065,0.01,,47.86,0.0112
2023-10-02 06:50:00,gyalshing,Gyalshing,27.2833,88.2667,0.18,,44.22,0.0087
2023-10-02 06:50:00,lachen,Lachen,27.7167,88.5567,0.15,2.975,47.0,0.0172
2023-10-02 06:50:00,mangan,Mangan,27.5167,88.5333,4.25,2.05,43.54,0.006
2023-10-02 06:50:00,singtam,Singtam,27.2333,88.4833,0.24,2.0,44.78,0.0429
2023-10-02 07:00:00,chungthang,Chungthang,27.6167,88.65,0.29,2.037,44.42,0.0123
2023-10-02 07:00:00,dikchu,Dikchu,27.3833,88.6167,0.0,1.997,44.67,0.0409
2023-10-02 07:00:00,gangtok,Gangtok,27.3389,88.6065,1.43,,47.78,0.0145
2023-10-02 07:00:00,gyalshing,Gyalshing,27.2833,88.2667,0.74,,44.15,0.0111
2023-10-02 07:00:00,lachen,Lachen,27.7167,88.5567,0.2,3.004,47.12,0.0042
2023-10-02 07:00:00,mangan,Mangan,27.5167,88.5333,0.12,1.981,43.05,0.0031
2023-10-02 07:00:00,singtam,Singtam,27.2333,88.4833,0.04,2.053,44.7,0.01
2023-10-02 07:10:00,chungthang,Chungthang,27.6167,88.65,1.25,1.98,44.36,0.0026
2023-10-02 07:10:00,dikchu,Dikchu,27.3833,88.6167,0.21,2.012,44.89,0.0123
2023-10-02 07:10:00,gangtok,Gangtok,27.3389,88.6065,0.39,,47.78,0.0055
2023-10-02 07:10:00,gyalshing,Gyalshing,27.2833,88.2667,0.12,,44.04,0.0185
2023-10-02 07:10:00,lachen,Lachen,27.7167,88.5567,0.6,2.999,47.09,0.0314
2023-10-02 07:10:00,mangan,Mangan,27.5167,88.5333,1.74,2.038,42.86,0.0089
2023-10-02 07:10:00,singtam,Singtam,27.2333,88.4833,0.01,2.009,45.05,0.0171
2023-10-02 07:20:00,chungthang,Chungthang,27.6167,88.65,2.44,1.98,44.2,0.0201
2023-10-02 07:20:00,dikchu,Dikchu,27.3833,88.6167,0.64,1.988,44.57,0.0058
2023-10-02 07:20:00,gangtok,Gangtok,27.3389,88.6065,0.0,,47.14,0.0146
2023-10-02 07:20:00,gyalshing,Gyalshing,27.2833,88.2667,0.43,,43.94,0.0152
2023-10-02 07:20:00,lachen,Lachen,27.7167,88.5567,0.08,3.008,47.11,0.0154
2023-10-02 07:20:00,mangan,Mangan,27.5167,88.5333,0.63,1.978,43.28,0.012
2023-10-02 07:20:00,singtam,Singtam,27.2333,88.4833,0.0,2.01,44.8,0.0105
2023-10-02 07:30:00,chungthang,Chungthang,27.6167,88.65,0.34,2.011,44.07,0.0469
2023-10-02 07:30:00,dikchu,Dikchu,27.3833,88.6167,6.13,1.994,44.51,0.0223
2023-10-02 07:30:00,gangtok,Gangtok,27.3389,88.6065,0.02,,47.19,0.0119
2023-10-02 07:30:00,gyalshing,Gyalshing,27.2833,88.2667,0.02,,44.01,0.0033
2023-10-02 07:30:00,lachen,Lachen,27.7167,88.5567,0.43,3.033,46.78,0.0254
2023-10-02 07:30:00,mangan,Mangan,27.5167,88.5333,0.03,2.033,43.82,0.0218
2023-10-02 07:30:00,singtam,Singtam,27.2333,88.4833,1.23,2.015,45.3,0.0033
2023-10-02 07:40:00,chungthang,Chungthang,27.6167,88.65,0.0,2.046,44.52,0.0212
2023-10-02 07:40:00,dikchu,Dikchu,27.3833,88.6167,0.0,1.994,44.41,0.004
2023-10-02 07:40:00,gangtok,Gangtok,27.3389,88.6065,1.81,,47.36,0.0027
2023-10-02 07:40:00,gyalshing,Gyalshing,27.2833,88.2667,0.0,,43.94,0.0183
2023-10-02 07:40:00,lachen,Lachen,27.7167,88.5567,0.0,2.947,46.21,0.0171
2023-10-02 07:40:00,mangan,Mangan,27.5167,88.5333,0.01,2.037,43.9,0.0226
2023-10-02 07:40:00,singtam,Singtam,27.2333,88.4833,0.38,2.026,45.58,0.0044
2023-10-02 07:50:00,chungthang,Chungthang,27.6167,88.65,0.02,2.034,44.61,0.0055
2023-10-02 07:50:00,dikchu,Dikchu,27.3833,88.6167,0.38,1.99,44.72,0.0292
2023-10-02 07:50:00,gangtok,Gangtok,27.3389,88.6065,0.37,,47.37,0.0285
2023-10-02 07:50:00,gyalshing,Gyalshing,27.2833,88.2667,0.01,,44.33,0.0172
2023-10-02 07:50:00,lachen,Lachen,27.7167,88.5567,5.03,3.029,46.25,0.0002
2023-10-02 07:50:00,mangan,Mangan,27.5167,88.5333,5.38,1.991,43.78,0.0044
2023-10-02 07:50:00,singtam,Singtam,27.2333,88.4833,2.13,2.014,45.51,0.0351
2023-10-02 08:00:00,chungthang,Chungthang,27.6167,88.65,0.47,1.962,44.66,0.0234
2023-10-02 08:00:00,dikchu,Dikchu,27.3833,88.6167,0.01,1.987,44.58,0.0174
2023-10-02 08:00:00,gangtok,Gangtok,27.3389,88.6065,0.81,,47.43,0.0355
2023-10-02 08:00:00,gyalshing,Gyalshing,27.2833,88.2667,0.37,,45.02,0.018
2023-10-02 08:00:00,lachen,Lachen,27.7167,88.5567,0.61,3.0,46.31,0.0345
2023-10-02 08:00:00,mangan,Mangan,27.5167,88.5333,1.41,2.05,43.75,0.0073
2023-10-02 08:00:00,singtam,Singtam,27.2333,88.4833,0.0,2.008,45.44,0.0111
2023-10-02 08:10:00,chungthang,Chungthang,27.6167,88.65,0.0,1.992,44.6,0.0396
2023-10-02 08:10:00,dikchu,Dikchu,27.3833,88.6167,0.06,2.023,44.7,0.0098
2023-10-02 08:10:00,gangtok,Gangtok,27.3389,88.6065,0.13,,47.39,0.02
2023-10-02 08:10:00,gyalshing,Gyalshing,27.2833,88.2667,0.01,,44.89,0.0039
2023-10-02 08:10:00,lachen,Lachen,27.7167,88.5567,5.89,2.994,46.61,0.0252
2023-10-02 08:10:00,mangan,Mangan,27.5167,88.5333,0.02,2.014,43.89,0.002
2023-10-02 08:10:00,singtam,Singtam,27.2333,88.4833,0.11,2.021,45.49,0.0142
2023-10-02 08:20:00,chungthang,Chungthang,27.6167,88.65,0.01,1.972,45.22,0.0512
2023-10-02 08:20:00,dikchu,Dikchu,27.3833,88.6167,1.29,1.947,44.77,0.0028
2023-10-02 08:20:00,gangtok,Gangtok,27.3389,88.6065,0.09,,46.86,0.0047
2023-10-02 08:20:00,gyalshing,Gyalshing,27.2833,88.2667,0.8,,44.98,0.0029
2023-10-02 08:20:00,lachen,Lachen,27.7167,88.5567,0.66,2.956,46.99,0.021
2023-10-02 08:20:00,mangan,Mangan,27.5167,88.5333,0.2,1.974,43.51,0.0173
2023-10-02 08:20:00,singtam,Singtam,27.2333,88.4833,0.53,1.927,45.64,0.032
2023-10-02 08:30:00,chungthang,Chungthang,27.6167,88.65,0.38,1.992,45.54,0.008
2023-10-02 08:30:00,dikchu,Dikchu,27.3833,88.6167,0.24,2.047,45.01,0.0082
2023-10-02 08:30:00,gangtok,Gangtok,27.3389,88.6065,0.0,,47.25,0.0365
2023-10-02 08:30:00,gyalshing,Gyalshing,27.2833,88.2667,0.0,,45.25,0.0205
2023-10-02 08:30:00,lachen,Lachen,27.7167,88.5567,0.03,3.015,47.35,0.0093
2023-10-02 08:30:00,mangan,Mangan,27.5167,88.5333,0.1,1.989,43.4,0.0195
2023-10-02 08:30:00,singtam,Singtam,27.2333,88.4833,0.04,2.063,45.91,0.0058
2023-10-02 08:40:00,chungthang,Chungthang,27.6167,88.65,1.86,2.048,45.36,0.0276
2023-10-02 08:40:00,dikchu,Dikchu,27.3833,88.6167,0.29,2.004,45.23,0.009
2023-10-02 08:40:00,gangtok,Gangtok,27.3389,88.6065,0.11,,47.14,0.0048
2023-10-02 08:40:00,gyalshing,Gyalshing,27.2833,88.2667,0.13,,45.18,0.0169
2023-10-02 08:40:00,lachen,Lachen,27.7167,88.5567,2.26,2.928,47.08,0.0222
2023-10-02 08:40:00,mangan,Mangan,27.5167,88.5333,0.73,2.034,43.78,0.028
2023-10-02 08:40:00,singtam,Singtam,27.2333,88.4833,0.0,2.048,45.56,0.0209
2023-10-02 08:50:00,chungthang,Chungthang,27.6167,88.65,0.0,1.957,45.29,0.0047
2023-10-02 08:50:00,dikchu,Dikchu,27.3833,88.6167,0.49,2.018,45.22,0.0306
2023-10-02 08:50:00,gangtok,Gangtok,27.3389,88.6065,0.0,,46.95,0.0096
2023-10-02 08:50:00,gyalshing,Gyalshing,27.2833,88.2667,0.03,,44.94,0.0281
2023-10-02 08:50:00,lachen,Lachen,27.7167,88.5567,0.01,3.019,46.96,0.0046
2023-10-02 08:50:00,mangan,Mangan,27.5167,88.5333,1.78,2.028,43.55,0.0085
2023-10-02 08:50:00,singtam,Singtam,27.2333,88.4833,4.58,2.007,45.72,0.0354
2023-10-02 09:00:00,chungthang,Chungthang,27.6167,88.65,0.03,1.951,45.23,0.0041
2023-10-02 09:00:00,dikchu,Dikchu,27.3833,88.6167,8.0,2.022,44.88,0.0222
2023-10-02 09:00:00,gangtok,Gangtok,27.3389,88.6065,0.5,,47.27,0.0135
2023-10-02 09:00:00,gyalshing,Gyalshing,27.2833,88.2667,0.95,,45.39,0.0217
2023-10-02 09:00:00,lachen,Lachen,27.7167,88.5567,0.32,2.955,47.05,0.0104
2023-10-02 09:00:00,mangan,Mangan,27.5167,88.5333,0.03,1.968,43.39,0.0022
2023-10-02 09:00:00,singtam,Singtam,27.2333,88.4833,1.01,1.958,45.19,0.0027
2023-10-02 09:10:00,chungthang,Chungthang,27.6167,88.65,4.76,1.975,45.28,0.0184
2023-10-02 09:10:00,dikchu,Dikchu,27.3833,88.6167,0.11,1.979,44.83,0.0063
2023-10-02 09:10:00,gangtok,Gangtok,27.3389,88.6065,0.04,,47.49,0.0141
2023-10-02 09:10:00,gyalshing,Gyalshing,27.2833,88.2667,0.03,,45.57,0.0046
2023-10-02 09:10:00,lachen,Lachen,27.7167,88.5567,1.52,3.002,47.66,0.0094
2023-10-02 09:10:00,mangan,Mangan,27.5167,88.5333,1.07,1.996,43.42,0.0051
2023-10-02 09:10:00,singtam,Singtam,27.2333,88.4833,0.05,2.036,45.15,0.0179
2023-10-02 09:20:00,chungthang,Chungthang,27.6167,88.65,0.35,2.009,45.11,0.0228
2023-10-02 09:20:00,dikchu,Dikchu,27.3833,88.6167,0.09,1.973,44.83,0.0147
2023-10-02 09:20:00,gangtok,Gangtok,27.3389,88.6065,0.04,,47.53,0.0001
2023-10-02 09:20:00,gyalshing,Gyalshing,27.2833,88.2667,0.71,,45.65,0.0071
2023-10-02 09:20:00,lachen,Lachen,27.7167,88.5567,0.67,2.996,48.0,0.0148
2023-10-02 09:20:00,mangan,Mangan,27.5167,88.5333,0.18,2.006,43.52,0.0347
2023-10-02 09:20:00,singtam,Singtam,27.2333,88.4833,0.37,1.979,45.52,0.0152
2023-10-02 09:30:00,chungthang,Chungthang,27.6167,88.65,3.88,2.019,45.23,0.008
2023-10-02 09:30:00,dikchu,Dikchu,27.3833,88.6167,1.99,1.969,44.93,0.0063
2023-10-02 09:30:00,gangtok,Gangtok,27.3389,88.6065,0.15,,47.69,0.0093
2023-10-02 09:30:00,gyalshing,Gyalshing,27.2833,88.2667,0.0,,46.01,0.0273
2023-10-02 09:30:00,lachen,Lachen,27.7167,88.5567,0.42,3.035,48.23,0.0232
2023-10-02 09:30:00,mangan,Mangan,27.5167,88.5333,0.57,1.985,43.39,0.0268
2023-10-02 09:30:00,singtam,Singtam,27.2333,88.4833,0.03,2.016,45.17,0.0078
2023-10-02 09:40:00,chungthang,Chungthang,27.6167,88.65,0.09,2.013,45.59,0.0003
2023-10-02 09:40:00,dikchu,Dikchu,27.3833,88.6167,0.53,1.993,44.76,0.0108
2023-10-02 09:40:00,gangtok,Gangtok,27.3389,88.6065,0.1,,47.37,0.0283
2023-10-02 09:40:00,gyalshing,Gyalshing,27.2833,88.2667,0.34,,46.2,0.0013
2023-10-02 09:40:00,lachen,Lachen,27.7167,88.5567,0.11,2.995,48.09,0.0181
2023-10-02 09:40:00,mangan,Mangan,27.5167,88.5333,0.05,2.071,43.43,0.0064
2023-10-02 09:40:00,singtam,Singtam,27.2333,88.4833,0.31,1.962,44.77,0.0219
2023-10-02 09:50:00,chungthang,Chungthang,27.6167,88.65,0.0,2.035,45.25,0.007
2023-10-02 09:50:00,dikchu,Dikchu,27.3833,88.6167,0.45,2.021,45.05,0.0015
2023-10-02 09:50:00,gangtok,Gangtok,27.3389,88.6065,0.11,,47.32,0.009
2023-10-02 09:50:00,gyalshing,Gyalshing,27.2833,88.2667,0.37,,46.18,0.0341
2023-10-02 09:50:00,lachen,Lachen,27.7167,88.5567,0.19,2.979,47.83,0.0031
2023-10-02 09:50:00,mangan,Mangan,27.5167,88.5333,0.0,2.007,43.61,0.0101
2023-10-02 09:50:00,singtam,Singtam,27.2333,88.4833,0.41,2.067,44.84,0.0013
2023-10-02 10:00:00,chungthang,Chungthang,27.6167,88.65,0.03,1.947,44.97,0.0104
2023-10-02 10:00:00,dikchu,Dikchu,27.3833,88.6167,0.01,1.982,45.06,0.0162
2023-10-02 10:00:00,gangtok,Gangtok,27.3389,88.6065,1.47,,47.63,0.0043
2023-10-02 10:00:00,gyalshing,Gyalshing,27.2833,88.2667,0.04,,45.93,0.0141
2023-10-02 10:00:00,lachen,Lachen,27.7167,88.5567,0.0,2.985,47.98,0.0194
2023-10-02 10:00:00,mangan,Mangan,27.5167,88.5333,0.34,1.998,44.13,0.0136
2023-10-02 10:00:00,singtam,Singtam,27.2333,88.4833,0.0,1.957,45.2,0.013
2023-10-02 10:10:00,chungthang,Chungthang,27.6167,88.65,0.0,2.036,44.85,0.0277
2023-10-02 10:10:00,dikchu,Dikchu,27.3833,88.6167,3.79,2.018,44.87,0.01
2023-10-02 10:10:00,gangtok,Gangtok,27.3389,88.6065,0.49,,47.43,0.0129
2023-10-02 10:10:00,gyalshing,Gyalshing,27.2833,88.2667,3.71,,45.85,0.0108
2023-10-02 10:10:00,lachen,Lachen,27.7167,88.5567,0.34,3.038,47.67,0.0248
2023-10-02 10:10:00,mangan,Mangan,27.5167,88.5333,0.02,2.036,44.11,0.0249
2023-10-02 10:10:00,singtam,Singtam,27.2333,88.4833,0.53,2.002,45.28,0.0176
2023-10-02 10:20:00,chungthang,Chungthang,27.6167,88.65,0.0,1.991,44.74,0.0021
2023-10-02 10:20:00,dikchu,Dikchu,27.3833,88.6167,0.07,1.929,44.77,0.0214
2023-10-02 10:20:00,gangtok,Gangtok,27.3389,88.6065,0.86,,47.16,0.0005
2023-10-02 10:20:00,gyalshing,Gyalshing,27.2833,88.2667,6.89,,46.25,0.0061
2023-10-02 10:20:00,lachen,Lachen,27.7167,88.5567,2.89,3.016,47.58,0.0133
2023-10-02 10:20:00,mangan,Mangan,27.5167,88.5333,0.04,1.989,44.11,0.0185
2023-10-02 10:20:00,singtam,Singtam,27.2333,88.4833,1.03,1.936,44.82,0.0061
2023-10-02 10:30:00,chungthang,Chungthang,27.6167,88.65,0.0,2.022,45.25,0.0355
2023-10-02 10:30:00,dikchu,Dikchu,27.3833,88.6167,0.14,1.988,45.26,0.023
2023-10-02 10:30:00,gangtok,Gangtok,27.3389,88.6065,0.26,,47.15,0.0049
2023-10-02 10:30:00,gyalshing,Gyalshing,27.2833,88.2667,0.18,,46.42,0.0163
2023-10-02 10:30:00,lachen,Lachen,27.7167,88.5567,0.06,2.988,47.51,0.0187
2023-10-02 10:30:00,mangan,Mangan,27.5167,88.5333,0.5,2.03,44.51,0.0309
2023-10-02 10:30:00,singtam,Singtam,27.2333,88.4833,0.03,1.999,44.41,0.0459
2023-10-02 10:40:00,chungthang,Chungthang,27.6167,88.65,0.0,1.96,45.5,0.0158
2023-10-02 10:40:00,dikchu,Dikchu,27.3833,88.6167,1.36,2.035,45.44,0.008
2023-10-02 10:40:00,gangtok,Gangtok,27.3389,88.6065,1.21,,47.17,0.0248
2023-10-02 10:40:00,gyalshing,Gyalshing,27.2833,88.2667,0.0,,46.36,0.0232
2023-10-02 10:40:00,lachen,Lachen,27.7167,88.5567,0.0,2.993,47.88,0.0157
2023-10-02 10:40:00,mangan,Mangan,27.5167,88.5333,0.15,1.95,44.39,0.0058
2023-10-02 10:40:00,singtam,Singtam,27.2333,88.4833,3.83,1.987,44.49,0.0232
2023-10-02 10:50:00,chungthang,Chungthang,27.6167,88.65,0.01,2.0,45.73,0.0149
2023-10-02 10:50:00,dikchu,Dikchu,27.3833,88.6167,0.03,1.995,45.7,0.0202
2023-10-02 10:50:00,gangtok,Gangtok,27.3389,88.6065,0.42,,47.31,0.0182
2023-10-02 10:50:00,gyalshing,Gyalshing,27.2833,88.2667,0.0,,46.79,0.0554
2023-10-02 10:50:00,lachen,Lachen,27.7167,88.5567,0.18,2.953,47.75,0.0365
2023-10-02 10:50:00,mangan,Mangan,27.5167,88.5333,0.32,1.986,44.07,0.0116
2023-10-02 10:50:00,singtam,Singtam,27.2333,88.4833,0.0,2.034,44.21,0.0156
2023-10-02 11:00:00,chungthang,Chungthang,27.6167,88.65,0.01,2.007,45.65,0.0012
2023-10-02 11:00:00,dikchu,Dikchu,27.3833,88.6167,0.49,1.975,45.44,0.0152
2023-10-02 11:00:00,gangtok,Gangtok,27.3389,88.6065,0.55,,46.94,0.0012
2023-10-02 11:00:00,gyalshing,Gyalshing,27.2833,88.2667,0.02,,46.73,0.0101
2023-10-02 11:00:00,lachen,Lachen,27.7167,88.5567,0.0,3.012,47.1,0.0227
2023-10-02 11:00:00,mangan,Mangan,27.5167,88.5333,0.02,2.031,44.15,0.0025
2023-10-02 11:00:00,singtam,Singtam,27.2333,88.4833,0.0,1.987,44.26,0.007
2023-10-02 11:10:00,chungthang,Chungthang,27.6167,88.65,0.0,2.035,45.57,0.0066
2023-10-02 11:10:00,dikchu,Dikchu,27.3833,88.6167,0.02,1.98,45.27,0.0436
2023-10-02 11:10:00,gangtok,Gangtok,27.3389,88.6065,0.04,,46.28,0.0102
2023-10-02 11:10:00,gyalshing,Gyalshing,27.2833,88.2667,0.07,,46.96,0.023
2023-10-02 11:10:00,lachen,Lachen,27.7167,88.5567,0.19,2.947,47.2,0.0266
2023-10-02 11:10:00,mangan,Mangan,27.5167,88.5333,0.01,2.047,44.43,0.0217
2023-10-02 11:10:00,singtam,Singtam,27.2333,88.4833,3.19,2.034,44.36,0.0215
2023-10-02 11:20:00,chungthang,Chungthang,27.6167,88.65,0.13,1.952,45.2,0.0126
2023-10-02 11:20:00,dikchu,Dikchu,27.3833,88.6167,1.41,1.909,45.12,0.0223
2023-10-02 11:20:00,gangtok,Gangtok,27.3389,88.6065,1.52,,46.51,0.0046
2023-10-02 11:20:00,gyalshing,Gyalshing,27.2833,88.2667,0.08,,47.0,0.0062
2023-10-02 11:20:00,lachen,Lachen,27.7167,88.5567,0.31,3.023,46.99,0.0131
2023-10-02 11:20:00,mangan,Mangan,27.5167,88.5333,0.0,1.977,44.53,0.0187
2023-10-02 11:20:00,singtam,Singtam,27.2333,88.4833,0.21,1.969,44.26,0.011
2023-10-02 11:30:00,chungthang,Chungthang,27.6167,88.65,0.02,2.001,45.4,0.006
2023-10-02 11:30:00,dikchu,Dikchu,27.3833,88.6167,0.24,1.97,45.17,0.0145
2023-10-02 11:30:00,gangtok,Gangtok,27.3389,88.6065,1.12,,46.24,0.017
2023-10-02 11:30:00,gyalshing,Gyalshing,27.2833,88.2667,0.06,,47.46,0.0215
2023-10-02 11:30:00,lachen,Lachen,27.7167,88.5567,0.02,3.004,46.98,0.0403
2023-10-02 11:30:00,mangan,Mangan,27.5167,88.5333,0.01,1.973,44.52,0.0293
2023-10-02 11:30:00,singtam,Singtam,27.2333,88.4833,0.26,1.992,44.73,0.0176
2023-10-02 11:40:00,chungthang,Chungthang,27.6167,88.65,0.0,1.967,45.52,0.0532
2023-10-02 11:40:00,dikchu,Dikchu,27.3833,88.6167,1.13,2.032,45.14,0.0094
2023-10-02 11:40:00,gangtok,Gangtok,27.3389,88.6065,4.23,,46.12,0.0047
2023-10-02 11:40:00,gyalshing,Gyalshing,27.2833,88.2667,0.41,,47.63,0.044
2023-10-02 11:40:00,lachen,Lachen,27.7167,88.5567,0.23,3.072,46.93,0.0118
2023-10-02 11:40:00,mangan,Mangan,27.5167,88.5333,0.59,2.017,44.17,0.0327
2023-10-02 11:40:00,singtam,Singtam,27.2333,88.4833,0.01,1.992,44.89,0.0144
2023-10-02 11:50:00,chungthang,Chungthang,27.6167,88.65,0.16,2.015,45.83,0.0613
2023-10-02 11:50:00,dikchu,Dikchu,27.3833,88.6167,0.93,1.983,45.03,0.0111
2023-10-02 11:50:00,gangtok,Gangtok,27.3389,88.6065,0.0,,45.57,0.0302
2023-10-02 11:50:00,gyalshing,Gyalshing,27.2833,88.2667,1.23,,47.63,0.0016
2023-10-02 11:50:00,lachen,Lachen,27.7167,88.5567,0.0,2.967,46.83,0.0203
2023-10-02 11:50:00,mangan,Mangan,27.5167,88.5333,0.05,1.981,44.17,0.0193
2023-10-02 11:50:00,singtam,Singtam,27.2333,88.4833,0.06,2.015,45.2,0.0023
2023-10-02 12:00:00,chungthang,Chungthang,27.6167,88.65,0.11,2.023,45.77,0.0254
2023-10-02 12:00:00,dikchu,Dikchu,27.3833,88.6167,0.12,1.986,44.95,0.0091
2023-10-02 12:00:00,gangtok,Gangtok,27.3389,88.6065,0.44,,45.83,0.0109
2023-10-02 12:00:00,gyalshing,Gyalshing,27.2833,88.2667,1.69,,47.58,0.0234
2023-10-02 12:00:00,lachen,Lachen,27.7167,88.5567,2.12,2.997,47.01,0.0104
2023-10-02 12:00:00,mangan,Mangan,27.5167,88.5333,0.67,1.992,44.49,0.003
2023-10-02 12:00:00,singtam,Singtam,27.2333,88.4833,0.62,2.011,45.44,0.0065
2023-10-02 12:10:00,chungthang,Chungthang,27.6167,88.65,0.05,2.039,45.72,0.0246
2023-10-02 12:10:00,dikchu,Dikchu,27.3833,88.6167,0.0,1.93,44.76,0.0283
2023-10-02 12:10:00,gangtok,Gangtok,27.3389,88.6065,6.93,,45.99,0.0033
2023-10-02 12:10:00,gyalshing,Gyalshing,27.2833,88.2667,0.0,,47.54,0.0484
2023-10-02 12:10:00,lachen,Lachen,27.7167,88.5567,0.28,3.054,46.6,0.0156
2023-10-02 12:10:00,mangan,Mangan,27.5167,88.5333,0.05,2.026,44.19,0.0238
2023-10-02 12:10:00,singtam,Singtam,27.2333,88.4833,0.08,2.022,45.4,0.0018
2023-10-02 12:20:00,chungthang,Chungthang,27.6167,88.65,0.0,1.984,45.76,0.0377
2023-10-02 12:20:00,dikchu,Dikchu,27.3833,88.6167,0.48,1.951,44.73,0.0057
2023-10-02 12:20:00,gangtok,Gangtok,27.3389,88.6065,2.38,,46.09,0.0205
2023-10-02 12:20:00,gyalshing,Gyalshing,27.2833,88.2667,1.25,,47.35,0.008
2023-10-02 12:20:00,lachen,Lachen,27.7167,88.5567,0.53,3.036,46.45,0.0211
2023-10-02 12:20:00,mangan,Mangan,27.5167,88.5333,0.03,1.984,44.15,0.0211
2023-10-02 12:20:00,singtam,Singtam,27.2333,88.4833,0.48,2.008,45.36,0.0512
2023-10-02 12:30:00,chungthang,Chungthang,27.6167,88.65,0.14,2.028,45.97,0.0004
2023-10-02 12:30:00,dikchu,Dikchu,27.3833,88.6167,0.0,2.036,45.02,0.0109
2023-10-02 12:30:00,gangtok,Gangtok,27.3389,88.6065,0.0,,46.16,0.0143
2023-10-02 12:30:00,gyalshing,Gyalshing,27.2833,88.2667,0.07,,46.99,0.001
2023-10-02 12:30:00,lachen,Lachen,27.7167,88.5567,0.5,2.979,46.61,0.0014
2023-10-02 12:30:00,mangan,Mangan,27.5167,88.5333,0.03,1.941,44.07,0.0095
2023-10-02 12:30:00,singtam,Singtam,27.2333,88.4833,0.32,2.02,45.29,0.0152
2023-10-02 12:40:00,chungthang,Chungthang,27.6167,88.65,0.01,2.041,45.59,0.0259
2023-10-02 12:40:00,dikchu,Dikchu,27.3833,88.6167,0.06,2.019,44.65,0.0013
2023-10-02 12:40:00,gangtok,Gangtok,27.3389,88.6065,0.84,,45.64,0.0001
2023-10-02 12:40:00,gyalshing,Gyalshing,27.2833,88.2667,0.0,,47.04,0.018
2023-10-02 12:40:00,lachen,Lachen,27.7167,88.5567,0.87,3.007,46.43,0.0009
2023-10-02 12:40:00,mangan,Mangan,27.5167,88.5333,0.03,1.961,43.91,0.0292
2023-10-02 12:40:00,singtam,Singtam,27.2333,88.4833,0.02,1.973,45.47,0.0045
2023-10-02 12:50:00,chungthang,Chungthang,27.6167,88.65,0.06,1.951,45.77,0.0084
2023-10-02 12:50:00,dikchu,Dikchu,27.3833,88.6167,1.69,1.961,44.76,0.022
2023-10-02 12:50:00,gangtok,Gangtok,27.3389,88.6065,0.39,,45.4,0.0055
2023-10-02 12:50:00,gyalshing,Gyalshing,27.2833,88.2667,0.0,,46.89,0.0237
2023-10-02 12:50:00,lachen,Lachen,27.7167,88.5567,2.6,3.0,46.02,0.0152
2023-10-02 12:50:00,mangan,Mangan,27.5167,88.5333,0.62,2.0,43.99,0.0046
2023-10-02 12:50:00,singtam,Singtam,27.2333,88.4833,2.27,2.012,45.33,0.0156
2023-10-02 13:00:00,chungthang,Chungthang,27.6167,88.65,0.02,2.018,45.75,0.0002
2023-10-02 13:00:00,dikchu,Dikchu,27.3833,88.6167,0.67,1.981,45.12,0.0305
2023-10-02 13:00:00,gangtok,Gangtok,27.3389,88.6065,0.01,,45.29,0.0113
2023-10-02 13:00:00,gyalshing,Gyalshing,27.2833,88.2667,0.09,,46.74,0.0008
2023-10-02 13:00:00,lachen,Lachen,27.7167,88.5567,0.0,3.008,46.18,0.0026
2023-10-02 13:00:00,mangan,Mangan,27.5167,88.5333,1.35,1.944,44.12,0.0625
2023-10-02 13:00:00,singtam,Singtam,27.2333,88.4833,2.68,2.048,45.79,0.0192
2023-10-02 13:10:00,chungthang,Chungthang,27.6167,88.65,0.01,2.029,45.48,0.0201
2023-10-02 13:10:00,dikchu,Dikchu,27.3833,88.6167,0.27,1.999,45.09,0.0422
2023-10-02 13:10:00,gangtok,Gangtok,27.3389,88.6065,0.0,,45.11,0.0078
2023-10-02 13:10:00,gyalshing,Gyalshing,27.2833,88.2667,0.0,,46.7,0.0097
2023-10-02 13:10:00,lachen,Lachen,27.7167,88.5567,0.07,2.979,46.44,0.0259
2023-10-02 13:10:00,mangan,Mangan,27.5167,88.5333,0.18,1.991,44.25,0.0003
2023-10-02 13:10:00,singtam,Singtam,27.2333,88.4833,1.19,1.95,45.61,0.0319
2023-10-02 13:20:00,chungthang,Chungthang,27.6167,88.65,0.0,1.992,44.95,0.033
2023-10-02 13:20:00,dikchu,Dikchu,27.3833,88.6167,0.04,1.964,44.96,0.0065
2023-10-02 13:20:00,gangtok,Gangtok,27.3389,88.6065,0.26,,45.05,0.0074
2023-10-02 13:20:00,gyalshing,Gyalshing,27.2833,88.2667,0.28,,46.7,0.0343
2023-10-02 13:20:00,lachen,Lachen,27.7167,88.5567,1.09,2.997,46.42,0.0163
2023-10-02 13:20:00,mangan,Mangan,27.5167,88.5333,0.99,1.958,44.02,0.0148
2023-10-02 13:20:00,singtam,Singtam,27.2333,88.4833,0.23,2.015,45.67,0.012
2023-10-02 13:30:00,chungthang,Chungthang,27.6167,88.65,0.39,1.964,44.92,0.0448
2023-10-02 13:30:00,dikchu,Dikchu,27.3833,88.6167,0.0,1.94,45.2,0.0165
2023-10-02 13:30:00,gangtok,Gangtok,27.3389,88.6065,0.29,,45.12,0.0102
2023-10-02 13:30:00,gyalshing,Gyalshing,27.2833,88.2667,0.92,,46.7,0.0054
2023-10-02 13:30:00,lachen,Lachen,27.7167,88.5567,4.27,2.952,45.92,0.0047
2023-10-02 13:30:00,mangan,Mangan,27.5167,88.5333,0.02,2.049,43.63,0.0202
2023-10-02 13:30:00,singtam,Singtam,27.2333,88.4833,0.0,2.02,45.61,0.0152
2023-10-02 13:40:00,chungthang,Chungthang,27.6167,88.65,0.01,2.028,45.29,0.0096
2023-10-02 13:40:00,dikchu,Dikchu,27.3833,88.6167,0.59,1.995,44.96,0.0092
2023-10-02 13:40:00,gangtok,Gangtok,27.3389,88.6065,0.02,,45.38,0.0409
2023-10-02 13:40:00,gyalshing,Gyalshing,27.2833,88.2667,0.11,,47.12,0.0239
2023-10-02 13:40:00,lachen,Lachen,27.7167,88.5567,0.22,3.004,46.09,0.0243
2023-10-02 13:40:00,mangan,Mangan,27.5167,88.5333,0.0,2.065,43.72,0.0354
2023-10-02 13:40:00,singtam,Singtam,27.2333,88.4833,0.79,2.044,45.5,0.0068
2023-10-02 13:50:00,chungthang,Chungthang,27.6167,88.65,0.0,1.964,45.7,0.0002
2023-10-02 13:50:00,dikchu,Dikchu,27.3833,88.6167,0.01,2.017,44.96,0.0438
2023-10-02 13:50:00,gangtok,Gangtok,27.3389,88.6065,8.0,,45.11,0.0111
2023-10-02 13:50:00,gyalshing,Gyalshing,27.2833,88.2667,0.02,,47.27,0.0053
2023-10-02 13:50:00,lachen,Lachen,27.7167,88.5567,3.31,3.014,45.67,0.0323
2023-10-02 13:50:00,mangan,Mangan,27.5167,88.5333,0.2,1.968,43.61,0.017
2023-10-02 13:50:00,singtam,Singtam,27.2333,88.4833,0.04,2.022,46.05,0.0046
2023-10-02 14:00:00,chungthang,Chungthang,27.6167,88.65,0.27,1.995,45.78,0.0259
2023-10-02 14:00:00,dikchu,Dikchu,27.3833,88.6167,0.08,2.018,44.71,0.0124
2023-10-02 14:00:00,gangtok,Gangtok,27.3389,88.6065,0.0,,45.11,0.0258
2023-10-02 14:00:00,gyalshing,Gyalshing,27.2833,88.2667,0.01,,47.77,0.0365
2023-10-02 14:00:00,lachen,Lachen,27.7167,88.5567,0.0,2.993,45.74,0.0156
2023-10-02 14:00:00,mangan,Mangan,27.5167,88.5333,0.01,2.008,44.1,0.0281
2023-10-02 14:00:00,singtam,Singtam,27.2333,88.4833,0.0,2.003,45.93,0.0182
2023-10-02 14:10:00,chungthang,Chungthang,27.6167,88.65,0.68,1.999,46.27,0.0309
2023-10-02 14:10:00,dikchu,Dikchu,27.3833,88.6167,0.0,2.026,44.26,0.0557
2023-10-02 14:10:00,gangtok,Gangtok,27.3389,88.6065,0.01,,45.3,0.0328
2023-10-02 14:10:00,gyalshing,Gyalshing,27.2833,88.2667,0.21,,47.63,0.017
2023-10-02 14:10:00,lachen,Lachen,27.7167,88.5567,0.78,2.952,45.51,0.0057
2023-10-02 14:10:00,mangan,Mangan,27.5167,88.5333,0.0,1.971,44.58,0.005
2023-10-02 14:10:00,singtam,Singtam,27.2333,88.4833,0.15,2.013,45.85,0.0161
2023-10-02 14:20:00,chungthang,Chungthang,27.6167,88.65,0.01,2.021,46.24,0.0015
2023-10-02 14:20:00,dikchu,Dikchu,27.3833,88.6167,2.4,1.953,44.26,0.053
2023-10-02 14:20:00,gangtok,Gangtok,27.3389,88.6065,2.08,,45.1,0.0071
2023-10-02 14:20:00,gyalshing,Gyalshing,27.2833,88.2667,0.12,,47.8,0.017
2023-10-02 14:20:00,lachen,Lachen,27.7167,88.5567,2.07,3.03,45.22,0.015
2023-10-02 14:20:00,mangan,Mangan,27.5167,88.5333,0.0,1.991,45.09,0.0251
2023-10-02 14:20:00,singtam,Singtam,27.2333,88.4833,0.01,1.978,45.68,0.0018
2023-10-02 14:30:00,chungthang,Chungthang,27.6167,88.65,2.26,1.981,46.47,0.0058
2023-10-02 14:30:00,dikchu,Dikchu,27.3833,88.6167,1.1,2.002,43.97,0.037
2023-10-02 14:30:00,gangtok,Gangtok,27.3389,88.6065,3.02,,45.1,0.0188
2023-10-02 14:30:00,gyalshing,Gyalshing,27.2833,88.2667,0.86,,47.69,0.0171
2023-10-02 14:30:00,lachen,Lachen,27.7167,88.5567,0.04,3.011,45.11,0.0133
2023-10-02 14:30:00,mangan,Mangan,27.5167,88.5333,0.0,2.054,44.86,0.017
2023-10-02 14:30:00,singtam,Singtam,27.2333,88.4833,0.0,1.988,45.69,0.0303
2023-10-02 14:40:00,chungthang,Chungthang,27.6167,88.65,3.87,1.979,46.35,0.0096
2023-10-02 14:40:00,dikchu,Dikchu,27.3833,88.6167,0.65,1.992,44.0,0.0041
2023-10-02 14:40:00,gangtok,Gangtok,27.3389,88.6065,0.04,,45.22,0.0115
2023-10-02 14:40:00,gyalshing,Gyalshing,27.2833,88.2667,0.16,,47.52,0.0226
2023-10-02 14:40:00,lachen,Lachen,27.7167,88.5567,0.5,2.978,45.07,0.0031
2023-10-02 14:40:00,mangan,Mangan,27.5167,88.5333,0.91,1.986,45.01,0.0033
2023-10-02 14:40:00,singtam,Singtam,27.2333,88.4833,0.42,1.96,45.66,0.0064
2023-10-02 14:50:00,chungthang,Chungthang,27.6167,88.65,0.51,2.003,46.2,0.0117
2023-10-02 14:50:00,dikchu,Dikchu,27.3833,88.6167,0.11,1.997,44.3,0.0227
2023-10-02 14:50:00,gangtok,Gangtok,27.3389,88.6065,1.14,,45.25,0.0296
2023-10-02 14:50:00,gyalshing,Gyalshing,27.2833,88.2667,0.0,,48.03,0.0023
2023-10-02 14:50:00,lachen,Lachen,27.7167,88.5567,0.0,2.992,44.91,0.0165
2023-10-02 14:50:00,mangan,Mangan,27.5167,88.5333,3.97,1.991,45.24,0.0057
2023-10-02 14:50:00,singtam,Singtam,27.2333,88.4833,1.02,2.045,45.39,0.0046
2023-10-02 15:00:00,chungthang,Chungthang,27.6167,88.65,2.32,2.03,46.02,0.0029
2023-10-02 15:00:00,dikchu,Dikchu,27.3833,88.6167,0.11,1.994,44.79,0.0148
2023-10-02 15:00:00,gangtok,Gangtok,27.3389,88.6065,0.0,,45.42,0.0001
2023-10-02 15:00:00,gyalshing,Gyalshing,27.2833,88.2667,0.0,,47.8,0.031
2023-10-02 15:00:00,lachen,Lachen,27.7167,88.5567,0.02,2.955,45.06,0.025
2023-10-02 15:00:00,mangan,Mangan,27.5167,88.5333,0.0,1.972,45.43,0.0276
2023-10-02 15:00:00,singtam,Singtam,27.2333,88.4833,0.0,2.014,45.29,0.0159
2023-10-02 15:10:00,chungthang,Chungthang,27.6167,88.65,0.06,2.069,45.49,0.0288
2023-10-02 15:10:00,dikchu,Dikchu,27.3833,88.6167,0.03,1.98,44.82,0.0057
2023-10-02 15:10:00,gangtok,Gangtok,27.3389,88.6065,0.04,,45.45,0.0222
2023-10-02 15:10:00,gyalshing,Gyalshing,27.2833,88.2667,0.11,,47.21,0.0357
2023-10-02 15:10:00,lachen,Lachen,27.7167,88.5567,0.02,2.969,44.95,0.0067
2023-10-02 15:10:00,mangan,Mangan,27.5167,88.5333,0.07,2.034,45.34,0.0064
2023-10-02 15:10:00,singtam,Singtam,27.2333,88.4833,0.18,1.973,45.45,0.0229
2023-10-02 15:20:00,chungthang,Chungthang,27.6167,88.65,0.09,1.955,45.81,0.0217
2023-10-02 15:20:00,dikchu,Dikchu,27.3833,88.6167,0.04,1.909,45.09,0.0414
2023-10-02 15:20:00,gangtok,Gangtok,27.3389,88.6065,0.91,,45.39,0.0152
2023-10-02 15:20:00,gyalshing,Gyalshing,27.2833,88.2667,0.13,,47.01,0.008
2023-10-02 15:20:00,lachen,Lachen,27.7167,88.5567,1.27,2.984,45.21,0.0037
2023-10-02 15:20:00,mangan,Mangan,27.5167,88.5333,0.01,1.902,45.66,0.0125
2023-10-02 15:20:00,singtam,Singtam,27.2333,88.4833,0.0,2.008,45.71,0.0038
2023-10-02 15:30:00,chungthang,Chungthang,27.6167,88.65,1.42,2.009,45.65,0.0021
2023-10-02 15:30:00,dikchu,Dikchu,27.3833,88.6167,1.56,2.035,45.21,0.0018
2023-10-02 15:30:00,gangtok,Gangtok,27.3389,88.6065,0.0,,45.1,0.0148
2023-10-02 15:30:00,gyalshing,Gyalshing,27.2833,88.2667,0.23,,46.5,0.0242
2023-10-02 15:30:00,lachen,Lachen,27.7167,88.5567,0.01,3.037,45.28,0.0138
2023-10-02 15:30:00,mangan,Mangan,27.5167,88.5333,0.5,1.987,45.65,0.0013
2023-10-02 15:30:00,singtam,Singtam,27.2333,88.4833,0.06,2.035,45.71,0.0256
2023-10-02 15:40:00,chungthang,Chungthang,27.6167,88.65,1.19,1.967,45.44,0.0232
2023-10-02 15:40:00,dikchu,Dikchu,27.3833,88.6167,0.41,2.01,45.12,0.0229
2023-10-02 15:40:00,gangtok,Gangtok,27.3389,88.6065,1.57,,45.19,0.0018
2023-10-02 15:40:00,gyalshing,Gyalshing,27.2833,88.2667,0.03,,46.25,0.0005
2023-10-02 15:40:00,lachen,Lachen,27.7167,88.5567,1.76,2.981,45.11,0.0109
2023-10-02 15:40:00,mangan,Mangan,27.5167,88.5333,2.46,1.999,45.69,0.0335
2023-10-02 15:40:00,singtam,Singtam,27.2333,88.4833,0.52,2.03,45.73,0.0049
2023-10-02 15:50:00,chungthang,Chungthang,27.6167,88.65,0.8,2.031,45.14,0.004
2023-10-02 15:50:00,dikchu,Dikchu,27.3833,88.6167,0.52,1.955,44.65,0.0169
2023-10-02 15:50:00,gangtok,Gangtok,27.3389,88.6065,0.2,,45.23,0.0097
2023-10-02 15:50:00,gyalshing,Gyalshing,27.2833,88.2667,0.26,,46.03,0.0185
2023-10-02 15:50:00,lachen,Lachen,27.7167,88.5567,0.04,3.019,44.89,0.0049
2023-10-02 15:50:00,mangan,Mangan,27.5167,88.5333,0.0,1.98,45.29,0.0464
2023-10-02 15:50:00,singtam,Singtam,27.2333,88.4833,0.01,1.972,45.64,0.0296
2023-10-02 16:00:00,chungthang,Chungthang,27.6167,88.65,2.87,1.972,45.1,0.0027
2023-10-02 16:00:00,dikchu,Dikchu,27.3833,88.6167,4.8,2.014,45.12,0.0278
2023-10-02 16:00:00,gangtok,Gangtok,27.3389,88.6065,0.17,,44.99,0.0036
2023-10-02 16:00:00,gyalshing,Gyalshing,27.2833,88.2667,0.05,,46.03,0.0053
2023-10-02 16:00:00,lachen,Lachen,27.7167,88.5567,6.28,2.984,44.51,0.0111
2023-10-02 16:00:00,mangan,Mangan,27.5167,88.5333,0.49,2.026,45.46,0.0166
2023-10-02 16:00:00,singtam,Singtam,27.2333,88.4833,0.0,1.906,45.51,0.0064
2023-10-02 16:10:00,chungthang,Chungthang,27.6167,88.65,0.02,1.98,45.54,0.0242
2023-10-02 16:10:00,dikchu,Dikchu,27.3833,88.6167,0.04,1.987,44.86,0.0028
2023-10-02 16:10:00,gangtok,Gangtok,27.3389,88.6065,0.0,,45.15,0.0058
2023-10-02 16:10:00,gyalshing,Gyalshing,27.2833,88.2667,0.08,,45.52,0.0168
2023-10-02 16:10:00,lachen,Lachen,27.7167,88.5567,0.0,3.007,44.59,0.0009
2023-10-02 16:10:00,mangan,Mangan,27.5167,88.5333,0.0,2.036,45.39,0.0075
2023-10-02 16:10:00,singtam,Singtam,27.2333,88.4833,0.11,2.012,45.28,0.0273
2023-10-02 16:20:00,chungthang,Chungthang,27.6167,88.65,0.02,1.982,46.06,0.0152
2023-10-02 16:20:00,dikchu,Dikchu,27.3833,88.6167,0.12,1.987,45.22,0.0068
2023-10-02 16:20:00,gangtok,Gangtok,27.3389,88.6065,1.7,,45.5,0.0118
2023-10-02 16:20:00,gyalshing,Gyalshing,27.2833,88.2667,1.44,,45.84,0.0014
2023-10-02 16:20:00,lachen,Lachen,27.7167,88.5567,0.01,2.996,44.51,0.0083
2023-10-02 16:20:00,mangan,Mangan,27.5167,88.5333,0.04,1.958,45.5,0.0052
2023-10-02 16:20:00,singtam,Singtam,27.2333,88.4833,0.23,1.973,44.9,0.0136
2023-10-02 16:30:00,chungthang,Chungthang,27.6167,88.65,0.66,1.998,45.64,0.0175
2023-10-02 16:30:00,dikchu,Dikchu,27.3833,88.6167,0.0,1.977,45.36,0.0119
2023-10-02 16:30:00,gangtok,Gangtok,27.3389,88.6065,2.34,,45.36,0.0284
2023-10-02 16:30:00,gyalshing,Gyalshing,27.2833,88.2667,0.14,,45.37,0.0055
2023-10-02 16:30:00,lachen,Lachen,27.7167,88.5567,0.21,3.026,43.93,0.0145
2023-10-02 16:30:00,mangan,Mangan,27.5167,88.5333,0.41,2.063,45.56,0.0166
2023-10-02 16:30:00,singtam,Singtam,27.2333,88.4833,0.3,2.019,44.74,0.0322
2023-10-02 16:40:00,chungthang,Chungthang,27.6167,88.65,0.52,2.01,45.54,0.0097
2023-10-02 16:40:00,dikchu,Dikchu,27.3833,88.6167,3.29,2.016,45.15,0.0238
2023-10-02 16:40:00,gangtok,Gangtok,27.3389,88.6065,1.06,,45.2,0.0068
2023-10-02 16:40:00,gyalshing,Gyalshing,27.2833,88.2667,0.2,,45.35,0.0103
2023-10-02 16:40:00,lachen,Lachen,27.7167,88.5567,0.33,2.984,43.82,0.0074
2023-10-02 16:40:00,mangan,Mangan,27.5167,88.5333,0.51,1.957,45.6,0.0279
2023-10-02 16:40:00,singtam,Singtam,27.2333,88.4833,0.1,2.029,44.98,0.0259
2023-10-02 16:50:00,chungthang,Chungthang,27.6167,88.65,0.14,2.015,45.28,0.0
2023-10-02 16:50:00,dikchu,Dikchu,27.3833,88.6167,0.34,1.976,45.24,0.0104
2023-10-02 16:50:00,gangtok,Gangtok,27.3389,88.6065,0.04,,45.02,0.0104
2023-10-02 16:50:00,gyalshing,Gyalshing,27.2833,88.2667,0.02,,45.27,0.0093
2023-10-02 16:50:00,lachen,Lachen,27.7167,88.5567,1.07,2.953,43.62,0.0134
2023-10-02 16:50:00,mangan,Mangan,27.5167,88.5333,0.01,2.039,45.58,0.0107
2023-10-02 16:50:00,singtam,Singtam,27.2333,88.4833,0.0,2.033,44.88,0.0134
2023-10-02 17:00:00,chungthang,Chungthang,27.6167,88.65,1.45,2.0,45.53,0.0024
2023-10-02 17:00:00,dikchu,Dikchu,27.3833,88.6167,0.0,1.967,45.78,0.0119
2023-10-02 17:00:00,gangtok,Gangtok,27.3389,88.6065,0.19,,44.61,0.0094
2023-10-02 17:00:00,gyalshing,Gyalshing,27.2833,88.2667,0.0,,45.49,0.0316
2023-10-02 17:00:00,lachen,Lachen,27.7167,88.5567,0.74,2.959,44.04,0.0134
2023-10-02 17:00:00,mangan,Mangan,27.5167,88.5333,1.25,2.004,45.78,0.0386
2023-10-02 17:00:00,singtam,Singtam,27.2333,88.4833,0.78,2.052,44.81,0.0289
2023-10-02 17:10:00,chungthang,Chungthang,27.6167,88.65,4.31,1.96,45.61,0.0341
2023-10-02 17:10:00,dikchu,Dikchu,27.3833,88.6167,0.08,2.034,46.16,0.0213
2023-10-02 17:10:00,gangtok,Gangtok,27.3389,88.6065,1.31,,45.15,0.0081
2023-10-02 17:10:00,gyalshing,Gyalshing,27.2833,88.2667,0.04,,45.58,0.0066
2023-10-02 17:10:00,lachen,Lachen,27.7167,88.5567,0.0,2.984,43.63,0.001
2023-10-02 17:10:00,mangan,Mangan,27.5167,88.5333,0.07,1.985,45.72,0.0101
2023-10-02 17:10:00,singtam,Singtam,27.2333,88.4833,0.01,2.037,44.73,0.0062
2023-10-02 17:20:00,chungthang,Chungthang,27.6167,88.65,1.04,2.022,45.45,0.0046
2023-10-02 17:20:00,dikchu,Dikchu,27.3833,88.6167,0.06,1.995,46.03,0.0185
2023-10-02 17:20:00,gangtok,Gangtok,27.3389,88.6065,1.82,,45.07,0.0101
2023-10-02 17:20:00,gyalshing,Gyalshing,27.2833,88.2667,0.26,,45.88,0.0269
2023-10-02 17:20:00,lachen,Lachen,27.7167,88.5567,0.09,2.963,43.3,0.0125
2023-10-02 17:20:00,mangan,Mangan,27.5167,88.5333,0.0,1.988,45.35,0.006
2023-10-02 17:20:00,singtam,Singtam,27.2333,88.4833,0.04,2.052,45.06,0.0005
2023-10-02 17:30:00,chungthang,Chungthang,27.6167,88.65,0.97,1.998,45.46,0.0159
2023-10-02 17:30:00,dikchu,Dikchu,27.3833,88.6167,0.01,1.996,45.84,0.0027
2023-10-02 17:30:00,gangtok,Gangtok,27.3389,88.6065,0.0,,44.87,0.0401
2023-10-02 17:30:00,gyalshing,Gyalshing,27.2833,88.2667,0.05,,45.79,0.0316
2023-10-02 17:30:00,lachen,Lachen,27.7167,88.5567,0.18,3.012,43.6,0.0105
2023-10-02 17:30:00,mangan,Mangan,27.5167,88.5333,1.74,1.999,45.49,0.0048
2023-10-02 17:30:00,singtam,Singtam,27.2333,88.4833,0.1,2.041,44.84,0.0106
2023-10-02 17:40:00,chungthang,Chungthang,27.6167,88.65,0.6,2.035,45.34,0.0076
2023-10-02 17:40:00,dikchu,Dikchu,27.3833,88.6167,0.0,2.021,45.87,0.0193
2023-10-02 17:40:00,gangtok,Gangtok,27.3389,88.6065,8.0,,44.69,0.0047
2023-10-02 17:40:00,gyalshing,Gyalshing,27.2833,88.2667,1.06,,45.69,0.0117
2023-10-02 17:40:00,lachen,Lachen,27.7167,88.5567,4.48,2.986,43.98,0.0225
2023-10-02 17:40:00,mangan,Mangan,27.5167,88.5333,8.0,2.006,45.32,0.0257
2023-10-02 17:40:00,singtam,Singtam,27.2333,88.4833,0.27,2.044,44.92,0.0045
2023-10-02 17:50:00,chungthang,Chungthang,27.6167,88.65,0.01,1.979,45.74,0.0045
2023-10-02 17:50:00,dikchu,Dikchu,27.3833,88.6167,0.07,1.98,45.82,0.0036
2023-10-02 17:50:00,gangtok,Gangtok,27.3389,88.6065,0.23,,44.62,0.0213
2023-10-02 17:50:00,gyalshing,Gyalshing,27.2833,88.2667,0.27,,45.8,0.0055
2023-10-02 17:50:00,lachen,Lachen,27.7167,88.5567,0.28,3.071,43.82,0.0253
2023-10-02 17:50:00,mangan,Mangan,27.5167,88.5333,0.0,1.972,44.99,0.0191
2023-10-02 17:50:00,singtam,Singtam,27.2333,88.4833,0.42,1.999,44.92,0.0188
2023-10-02 18:00:00,chungthang,Chungthang,27.6167,88.65,0.01,1.952,45.87,0.0032
2023-10-02 18:00:00,dikchu,Dikchu,27.3833,88.6167,0.0,1.986,46.12,0.0294
2023-10-02 18:00:00,gangtok,Gangtok,27.3389,88.6065,0.37,,44.47,0.0099
2023-10-02 18:00:00,gyalshing,Gyalshing,27.2833,88.2667,1.7,,46.08,0.0085
2023-10-02 18:00:00,lachen,Lachen,27.7167,88.5567,0.0,2.948,43.68,0.0213
2023-10-02 18:00:00,mangan,Mangan,27.5167,88.5333,0.12,1.993,44.73,0.0489
2023-10-02 18:00:00,singtam,Singtam,27.2333,88.4833,0.05,1.961,44.94,0.0168
2023-10-02 18:10:00,chungthang,Chungthang,27.6167,88.65,0.1,1.999,46.03,0.0025
2023-10-02 18:10:00,dikchu,Dikchu,27.3833,88.6167,0.32,2.009,46.3,0.0012
2023-10-02 18:10:00,gangtok,Gangtok,27.3389,88.6065,0.48,,44.86,0.0161
2023-10-02 18:10:00,gyalshing,Gyalshing,27.2833,88.2667,1.09,,46.3,0.0296
2023-10-02 18:10:00,lachen,Lachen,27.7167,88.5567,0.11,3.006,43.86,0.0107
2023-10-02 18:10:00,mangan,Mangan,27.5167,88.5333,0.09,1.977,44.81,0.0117
2023-10-02 18:10:00,singtam,Singtam,27.2333,88.4833,0.23,2.074,45.02,0.014
2023-10-02 18:20:00,chungthang,Chungthang,27.6167,88.65,0.31,2.039,45.35,0.0206
2023-10-02 18:20:00,dikchu,Dikchu,27.3833,88.6167,0.43,1.954,45.87,0.0243
2023-10-02 18:20:00,gangtok,Gangtok,27.3389,88.6065,0.05,,44.56,0.0435
2023-10-02 18:20:00,gyalshing,Gyalshing,27.2833,88.2667,0.34,,46.38,0.0071
2023-10-02 18:20:00,lachen,Lachen,27.7167,88.5567,0.36,2.966,43.3,0.0394
2023-10-02 18:20:00,mangan,Mangan,27.5167,88.5333,0.32,1.964,44.8,0.0005
2023-10-02 18:20:00,singtam,Singtam,27.2333,88.4833,1.86,2.002,45.06,0.0077
2023-10-02 18:30:00,chungthang,Chungthang,27.6167,88.65,0.14,2.005,45.33,0.0007
2023-10-02 18:30:00,dikchu,Dikchu,27.3833,88.6167,0.89,2.007,45.99,0.0078
2023-10-02 18:30:00,gangtok,Gangtok,27.3389,88.6065,1.47,,44.22,0.0155
2023-10-02 18:30:00,gyalshing,Gyalshing,27.2833,88.2667,0.1,,46.43,0.021
2023-10-02 18:30:00,lachen,Lachen,27.7167,88.5567,1.07,2.985,42.87,0.0038
2023-10-02 18:30:00,mangan,Mangan,27.5167,88.5333,0.01,1.975,44.27,0.0158
2023-10-02 18:30:00,singtam,Singtam,27.2333,88.4833,2.77,2.037,45.3,0.0101
2023-10-02 18:40:00,chungthang,Chungthang,27.6167,88.65,0.03,1.994,45.85,0.0199
2023-10-02 18:40:00,dikchu,Dikchu,27.3833,88.6167,0.66,1.977,45.95,0.0036
2023-10-02 18:40:00,gangtok,Gangtok,27.3389,88.6065,0.0,,44.38,0.0071
2023-10-02 18:40:00,gyalshing,Gyalshing,27.2833,88.2667,0.04,,46.41,0.0097
2023-10-02 18:40:00,lachen,Lachen,27.7167,88.5567,0.0,3.004,42.83,0.0606
2023-10-02 18:40:00,mangan,Mangan,27.5167,88.5333,0.59,1.966,44.19,0.009
2023-10-02 18:40:00,singtam,Singtam,27.2333,88.4833,0.02,1.983,45.29,0.0138
2023-10-02 18:50:00,chungthang,Chungthang,27.6167,88.65,0.04,1.974,46.17,0.021
2023-10-02 18:50:00,dikchu,Dikchu,27.3833,88.6167,0.52,2.026,45.96,0.003
2023-10-02 18:50:00,gangtok,Gangtok,27.3389,88.6065,0.12,,44.38,0.0282
2023-10-02 18:50:00,gyalshing,Gyalshing,27.2833,88.2667,0.12,,46.51,0.0311
2023-10-02 18:50:00,lachen,Lachen,27.7167,88.5567,1.02,2.93,43.26,0.0046
2023-10-02 18:50:00,mangan,Mangan,27.5167,88.5333,0.28,1.987,44.5,0.0368
2023-10-02 18:50:00,singtam,Singtam,27.2333,88.4833,0.08,2.029,45.74,0.0109
2023-10-02 19:00:00,chungthang,Chungthang,27.6167,88.65,2.82,2.053,45.71,0.0075
2023-10-02 19:00:00,dikchu,Dikchu,27.3833,88.6167,0.18,2.016,46.02,0.0095
2023-10-02 19:00:00,gangtok,Gangtok,27.3389,88.6065,0.18,,44.35,0.0157
2023-10-02 19:00:00,gyalshing,Gyalshing,27.2833,88.2667,0.56,,47.01,0.0034
2023-10-02 19:00:00,lachen,Lachen,27.7167,88.5567,0.24,3.007,43.18,0.0051
2023-10-02 19:00:00,mangan,Mangan,27.5167,88.5333,0.01,2.013,44.4,0.0221
2023-10-02 19:00:00,singtam,Singtam,27.2333,88.4833,0.1,1.927,45.75,0.0524
2023-10-02 19:10:00,chungthang,Chungthang,27.6167,88.65,0.4,1.969,45.62,0.0276
2023-10-02 19:10:00,dikchu,Dikchu,27.3833,88.6167,0.01,2.012,46.31,0.0138
2023-10-02 19:10:00,gangtok,Gangtok,27.3389,88.6065,0.89,,44.53,0.021
2023-10-02 19:10:00,gyalshing,Gyalshing,27.2833,88.2667,0.11,,46.94,0.0314
2023-10-02 19:10:00,lachen,Lachen,27.7167,88.5567,1.66,3.057,43.24,0.008
2023-10-02 19:10:00,mangan,Mangan,27.5167,88.5333,0.04,2.004,44.37,0.0137
2023-10-02 19:10:00,singtam,Singtam,27.2333,88.4833,0.0,1.988,45.32,0.0051
2023-10-02 19:20:00,chungthang,Chungthang,27.6167,88.65,0.01,1.978,45.32,0.0188
2023-10-02 19:20:00,dikchu,Dikchu,27.3833,88.6167,0.84,1.952,46.56,0.0007
2023-10-02 19:20:00,gangtok,Gangtok,27.3389,88.6065,0.63,,44.59,0.0032
2023-10-02 19:20:00,gyalshing,Gyalshing,27.2833,88.2667,0.0,,46.83,0.0135
2023-10-02 19:20:00,lachen,Lachen,27.7167,88.5567,0.1,2.986,43.56,0.0074
2023-10-02 19:20:00,mangan,Mangan,27.5167,88.5333,0.01,2.059,44.64,0.0094
2023-10-02 19:20:00,singtam,Singtam,27.2333,88.4833,0.0,1.997,45.48,0.0349
2023-10-02 19:30:00,chungthang,Chungthang,27.6167,88.65,0.85,2.017,45.74,0.0018
2023-10-02 19:30:00,dikchu,Dikchu,27.3833,88.6167,0.62,1.997,46.36,0.0012
2023-10-02 19:30:00,gangtok,Gangtok,27.3389,88.6065,0.54,,44.61,0.0155
2023-10-02 19:30:00,gyalshing,Gyalshing,27.2833,88.2667,1.79,,46.73,0.0079
2023-10-02 19:30:00,lachen,Lachen,27.7167,88.5567,0.12,3.008,44.11,0.0167
2023-10-02 19:30:00,mangan,Mangan,27.5167,88.5333,0.41,1.934,44.85,0.0255
2023-10-02 19:30:00,singtam,Singtam,27.2333,88.4833,0.95,2.014,45.6,0.0068
2023-10-02 19:40:00,chungthang,Chungthang,27.6167,88.65,0.01,1.944,45.8,0.017
2023-10-02 19:40:00,dikchu,Dikchu,27.3833,88.6167,0.54,1.965,46.34,0.0413
2023-10-02 19:40:00,gangtok,Gangtok,27.3389,88.6065,1.11,,44.29,0.0462
2023-10-02 19:40:00,gyalshing,Gyalshing,27.2833,88.2667,3.4,,46.87,0.0098
2023-10-02 19:40:00,lachen,Lachen,27.7167,88.5567,1.66,3.031,43.99,0.0023
2023-10-02 19:40:00,mangan,Mangan,27.5167,88.5333,0.07,2.014,45.12,0.0141
2023-10-02 19:40:00,singtam,Singtam,27.2333,88.4833,0.01,2.032,45.6,0.0022
2023-10-02 19:50:00,chungthang,Chungthang,27.6167,88.65,0.05,2.038,45.6,0.0018
2023-10-02 19:50:00,dikchu,Dikchu,27.3833,88.6167,0.39,1.999,46.22,0.024
2023-10-02 19:50:00,gangtok,Gangtok,27.3389,88.6065,0.69,,43.91,0.0163
2023-10-02 19:50:00,gyalshing,Gyalshing,27.2833,88.2667,0.73,,46.33,0.0225
2023-10-02 19:50:00,lachen,Lachen,27.7167,88.5567,0.02,2.995,44.0,0.0355
2023-10-02 19:50:00,mangan,Mangan,27.5167,88.5333,0.22,2.0,44.43,0.005
2023-10-02 19:50:00,singtam,Singtam,27.2333,88.4833,0.82,1.967,45.55,0.007
2023-10-02 20:00:00,chungthang,Chungthang,27.6167,88.65,0.41,2.019,45.6,0.0241
2023-10-02 20:00:00,dikchu,Dikchu,27.3833,88.6167,0.01,1.931,45.79,0.0167
2023-10-02 20:00:00,gangtok,Gangtok,27.3389,88.6065,1.51,,43.78,0.0401
2023-10-02 20:00:00,gyalshing,Gyalshing,27.2833,88.2667,0.56,,46.3,0.0064
2023-10-02 20:00:00,lachen,Lachen,27.7167,88.5567,0.77,2.983,44.48,0.0048
2023-10-02 20:00:00,mangan,Mangan,27.5167,88.5333,0.02,2.024,44.87,0.0393
2023-10-02 20:00:00,singtam,Singtam,27.2333,88.4833,0.04,2.02,45.02,0.01
2023-10-02 20:10:00,chungthang,Chungthang,27.6167,88.65,2.32,2.027,44.95,0.0207
2023-10-02 20:10:00,dikchu,Dikchu,27.3833,88.6167,5.28,1.954,45.82,0.0026
2023-10-02 20:10:00,gangtok,Gangtok,27.3389,88.6065,0.03,,43.55,0.0359
2023-10-02 20:10:00,gyalshing,Gyalshing,27.2833,88.2667,0.0,,46.52,0.0022
2023-10-02 20:10:00,lachen,Lachen,27.7167,88.5567,0.0,2.932,44.11,0.0054
2023-10-02 20:10:00,mangan,Mangan,27.5167,88.5333,0.11,2.021,45.04,0.002
2023-10-02 20:10:00,singtam,Singtam,27.2333,88.4833,0.38,2.037,44.55,0.0144
2023-10-02 20:20:00,chungthang,Chungthang,27.6167,88.65,0.5,2.017,44.68,0.0292
2023-10-02 20:20:00,dikchu,Dikchu,27.3833,88.6167,0.02,2.036,46.28,0.0201
2023-10-02 20:20:00,gangtok,Gangtok,27.3389,88.6065,0.65,,43.66,0.0039
2023-10-02 20:20:00,gyalshing,Gyalshing,27.2833,88.2667,0.2,,46.38,0.004
2023-10-02 20:20:00,lachen,Lachen,27.7167,88.5567,1.22,3.019,44.39,0.0182
2023-10-02 20:20:00,mangan,Mangan,27.5167,88.5333,2.3,1.995,45.66,0.0088
2023-10-02 20:20:00,singtam,Singtam,27.2333,88.4833,0.93,2.07,44.99,0.0155
2023-10-02 20:30:00,chungthang,Chungthang,27.6167,88.65,0.04,1.995,44.7,0.0213
2023-10-02 20:30:00,dikchu,Dikchu,27.3833,88.6167,0.14,2.011,45.84,0.0225
2023-10-02 20:30:00,gangtok,Gangtok,27.3389,88.6065,0.29,,43.25,0.0219
2023-10-02 20:30:00,gyalshing,Gyalshing,27.2833,88.2667,0.0,,46.42,0.0101
2023-10-02 20:30:00,lachen,Lachen,27.7167,88.5567,0.0,2.997,44.15,0.0084
2023-10-02 20:30:00,mangan,Mangan,27.5167,88.5333,0.39,2.005,45.46,0.0193
2023-10-02 20:30:00,singtam,Singtam,27.2333,88.4833,0.89,2.021,44.86,0.0162
2023-10-02 20:40:00,chungthang,Chungthang,27.6167,88.65,0.0,1.968,44.92,0.0271
2023-10-02 20:40:00,dikchu,Dikchu,27.3833,88.6167,0.05,1.989,45.83,0.0029
2023-10-02 20:40:00,gangtok,Gangtok,27.3389,88.6065,1.77,,43.2,0.0168
2023-10-02 20:40:00,gyalshing,Gyalshing,27.2833,88.2667,2.46,,46.98,0.0209
2023-10-02 20:40:00,lachen,Lachen,27.7167,88.5567,0.01,2.97,44.19,0.0027
2023-10-02 20:40:00,mangan,Mangan,27.5167,88.5333,0.0,1.978,45.02,0.0015
2023-10-02 20:40:00,singtam,Singtam,27.2333,88.4833,0.33,1.986,45.12,0.0007
2023-10-02 20:50:00,chungthang,Chungthang,27.6167,88.65,0.7,1.996,44.44,0.0147
2023-10-02 20:50:00,dikchu,Dikchu,27.3833,88.6167,0.49,1.973,45.82,0.0115
2023-10-02 20:50:00,gangtok,Gangtok,27.3389,88.6065,0.22,,43.2,0.0025
2023-10-02 20:50:00,gyalshing,Gyalshing,27.2833,88.2667,0.09,,47.05,0.0167
2023-10-02 20:50:00,lachen,Lachen,27.7167,88.5567,0.0,3.004,44.15,0.0122
2023-10-02 20:50:00,mangan,Mangan,27.5167,88.5333,0.02,2.018,45.03,0.0075
2023-10-02 20:50:00,singtam,Singtam,27.2333,88.4833,0.46,1.962,44.73,0.0309
2023-10-02 21:00:00,chungthang,Chungthang,27.6167,88.65,0.22,1.971,44.36,0.0093
2023-10-02 21:00:00,dikchu,Dikchu,27.3833,88.6167,0.03,1.967,45.9,0.0049
2023-10-02 21:00:00,gangtok,Gangtok,27.3389,88.6065,0.0,,43.24,0.0096
2023-10-02 21:00:00,gyalshing,Gyalshing,27.2833,88.2667,0.43,,46.48,0.0093
2023-10-02 21:00:00,lachen,Lachen,27.7167,88.5567,0.0,2.982,43.93,0.0155
2023-10-02 21:00:00,mangan,Mangan,27.5167,88.5333,3.55,1.944,44.97,0.0397
2023-10-02 21:00:00,singtam,Singtam,27.2333,88.4833,1.03,2.055,44.5,0.0095
2023-10-02 21:10:00,chungthang,Chungthang,27.6167,88.65,1.24,2.015,44.63,0.0167
2023-10-02 21:10:00,dikchu,Dikchu,27.3833,88.6167,0.01,2.006,45.65,0.0193
2023-10-02 21:10:00,gangtok,Gangtok,27.3389,88.6065,0.0,,43.38,0.0061
2023-10-02 21:10:00,gyalshing,Gyalshing,27.2833,88.2667,2.76,,46.16,0.0242
2023-10-02 21:10:00,lachen,Lachen,27.7167,88.5567,0.01,2.984,43.7,0.0534
2023-10-02 21:10:00,mangan,Mangan,27.5167,88.5333,0.02,2.023,45.14,0.0001
2023-10-02 21:10:00,singtam,Singtam,27.2333,88.4833,0.05,2.022,44.68,0.027
2023-10-02 21:20:00,chungthang,Chungthang,27.6167,88.65,0.2,2.024,44.28,0.0152
2023-10-02 21:20:00,dikchu,Dikchu,27.3833,88.6167,0.0,1.99,45.3,0.0211
2023-10-02 21:20:00,gangtok,Gangtok,27.3389,88.6065,0.01,,43.34,0.0019
2023-10-02 21:20:00,gyalshing,Gyalshing,27.2833,88.2667,0.03,,46.09,0.0183
2023-10-02 21:20:00,lachen,Lachen,27.7167,88.5567,0.35,3.018,43.8,0.0053
2023-10-02 21:20:00,mangan,Mangan,27.5167,88.5333,0.64,1.999,45.42,0.0144
2023-10-02 21:20:00,singtam,Singtam,27.2333,88.4833,0.0,1.999,44.67,0.0301
2023-10-02 21:30:00,chungthang,Chungthang,27.6167,88.65,0.03,2.044,44.35,0.0205
2023-10-02 21:30:00,dikchu,Dikchu,27.3833,88.6167,0.01,2.046,44.96,0.0137
2023-10-02 21:30:00,gangtok,Gangtok,27.3389,88.6065,0.02,,43.21,0.0206
2023-10-02 21:30:00,gyalshing,Gyalshing,27.2833,88.2667,0.02,,45.89,0.0148
2023-10-02 21:30:00,lachen,Lachen,27.7167,88.5567,0.09,2.96,44.07,0.0291
2023-10-02 21:30:00,mangan,Mangan,27.5167,88.5333,1.14,1.985,45.4,0.0108
2023-10-02 21:30:00,singtam,Singtam,27.2333,88.4833,0.25,1.951,44.83,0.0068
2023-10-02 21:40:00,chungthang,Chungthang,27.6167,88.65,1.63,2.011,44.38,0.0008
2023-10-02 21:40:00,dikchu,Dikchu,27.3833,88.6167,0.13,1.994,45.31,0.0036
2023-10-02 21:40:00,gangtok,Gangtok,27.3389,88.6065,2.04,,43.59,0.0213
2023-10-02 21:40:00,gyalshing,Gyalshing,27.2833,88.2667,0.09,,45.92,0.0026
2023-10-02 21:40:00,lachen,Lachen,27.7167,88.5567,0.21,3.031,44.06,0.014
2023-10-02 21:40:00,mangan,Mangan,27.5167,88.5333,1.43,1.993,45.34,0.0138
2023-10-02 21:40:00,singtam,Singtam,27.2333,88.4833,0.01,1.972,44.84,0.0118
2023-10-02 21:50:00,chungthang,Chungthang,27.6167,88.65,0.18,2.028,44.82,0.0011
2023-10-02 21:50:00,dikchu,Dikchu,27.3833,88.6167,1.58,2.002,45.08,0.0009
2023-10-02 21:50:00,gangtok,Gangtok,27.3389,88.6065,0.0,,43.55,0.0105
2023-10-02 21:50:00,gyalshing,Gyalshing,27.2833,88.2667,0.32,,45.85,0.0209
2023-10-02 21:50:00,lachen,Lachen,27.7167,88.5567,1.46,2.958,44.1,0.001
2023-10-02 21:50:00,mangan,Mangan,27.5167,88.5333,0.0,1.995,45.47,0.0291
2023-10-02 21:50:00,singtam,Singtam,27.2333,88.4833,0.0,2.019,44.8,0.0401
2023-10-02 22:00:00,chungthang,Chungthang,27.6167,88.65,1.03,1.991,44.78,0.0466
2023-10-02 22:00:00,dikchu,Dikchu,27.3833,88.6167,2.82,1.958,44.99,0.0136
2023-10-02 22:00:00,gangtok,Gangtok,27.3389,88.6065,0.16,,43.95,0.0185
2023-10-02 22:00:00,gyalshing,Gyalshing,27.2833,88.2667,0.15,,46.15,0.0234
2023-10-02 22:00:00,lachen,Lachen,27.7167,88.5567,0.01,2.98,44.26,0.0109
2023-10-02 22:00:00,mangan,Mangan,27.5167,88.5333,0.01,2.039,45.4,0.0092
2023-10-02 22:00:00,singtam,Singtam,27.2333,88.4833,0.72,2.011,44.65,0.0108
2023-10-02 22:10:00,chungthang,Chungthang,27.6167,88.65,0.09,1.986,44.74,0.0126
2023-10-02 22:10:00,dikchu,Dikchu,27.3833,88.6167,0.0,1.989,45.53,0.0426
2023-10-02 22:10:00,gangtok,Gangtok,27.3389,88.6065,0.35,,43.9,0.05
2023-10-02 22:10:00,gyalshing,Gyalshing,27.2833,88.2667,0.18,,45.88,0.0178
2023-10-02 22:10:00,lachen,Lachen,27.7167,88.5567,0.02,3.058,44.03,0.0111
2023-10-02 22:10:00,mangan,Mangan,27.5167,88.5333,0.0,2.097,45.32,0.0242
2023-10-02 22:10:00,singtam,Singtam,27.2333,88.4833,1.05,1.942,44.38,0.0096
2023-10-02 22:20:00,chungthang,Chungthang,27.6167,88.65,0.23,2.014,44.96,0.0119
2023-10-02 22:20:00,dikchu,Dikchu,27.3833,88.6167,0.25,2.005,45.35,0.0283
2023-10-02 22:20:00,gangtok,Gangtok,27.3389,88.6065,1.63,,43.95,0.0069
2023-10-02 22:20:00,gyalshing,Gyalshing,27.2833,88.2667,0.64,,45.84,0.0011
2023-10-02 22:20:00,lachen,Lachen,27.7167,88.5567,0.08,3.034,44.23,0.0135
2023-10-02 22:20:00,mangan,Mangan,27.5167,88.5333,2.2,2.037,45.58,0.0121
2023-10-02 22:20:00,singtam,Singtam,27.2333,88.4833,0.03,2.019,44.75,0.0206
2023-10-02 22:30:00,chungthang,Chungthang,27.6167,88.65,1.03,1.988,44.64,0.0137
2023-10-02 22:30:00,dikchu,Dikchu,27.3833,88.6167,0.18,1.989,45.45,0.0149
2023-10-02 22:30:00,gangtok,Gangtok,27.3389,88.6065,0.35,,43.95,0.0219
2023-10-02 22:30:00,gyalshing,Gyalshing,27.2833,88.2667,0.19,,45.9,0.0087
2023-10-02 22:30:00,lachen,Lachen,27.7167,88.5567,0.0,3.003,44.46,0.0129
2023-10-02 22:30:00,mangan,Mangan,27.5167,88.5333,4.71,1.983,45.91,0.025
2023-10-02 22:30:00,singtam,Singtam,27.2333,88.4833,0.04,1.953,45.16,0.0002
2023-10-02 22:40:00,chungthang,Chungthang,27.6167,88.65,0.71,2.008,44.59,0.0428
2023-10-02 22:40:00,dikchu,Dikchu,27.3833,88.6167,0.22,1.985,45.72,0.0179
2023-10-02 22:40:00,gangtok,Gangtok,27.3389,88.6065,0.0,,44.04,0.0084
2023-10-02 22:40:00,gyalshing,Gyalshing,27.2833,88.2667,0.02,,45.99,0.022
2023-10-02 22:40:00,lachen,Lachen,27.7167,88.5567,0.0,2.972,45.12,0.0068
2023-10-02 22:40:00,mangan,Mangan,27.5167,88.5333,0.14,2.019,46.17,0.0122
2023-10-02 22:40:00,singtam,Singtam,27.2333,88.4833,0.01,2.041,44.91,0.0054
2023-10-02 22:50:00,chungthang,Chungthang,27.6167,88.65,0.12,1.968,44.49,0.0326
2023-10-02 22:50:00,dikchu,Dikchu,27.3833,88.6167,0.0,2.01,45.98,0.0058
2023-10-02 22:50:00,gangtok,Gangtok,27.3389,88.6065,0.03,,43.97,0.0067
2023-10-02 22:50:00,gyalshing,Gyalshing,27.2833,88.2667,0.02,,46.02,0.0161
2023-10-02 22:50:00,lachen,Lachen,27.7167,88.5567,0.01,2.984,45.03,0.0175
2023-10-02 22:50:00,mangan,Mangan,27.5167,88.5333,2.13,2.02,46.13,0.0144
2023-10-02 22:50:00,singtam,Singtam,27.2333,88.4833,0.97,2.006,44.65,0.0177
2023-10-02 23:00:00,chungthang,Chungthang,27.6167,88.65,0.21,1.974,44.47,0.0168
2023-10-02 23:00:00,dikchu,Dikchu,27.3833,88.6167,0.02,2.045,45.64,0.0162
2023-10-02 23:00:00,gangtok,Gangtok,27.3389,88.6065,0.1,,44.03,0.0045
2023-10-02 23:00:00,gyalshing,Gyalshing,27.2833,88.2667,0.0,,45.42,0.0457
2023-10-02 23:00:00,lachen,Lachen,27.7167,88.5567,2.27,3.002,44.92,0.0124
2023-10-02 23:00:00,mangan,Mangan,27.5167,88.5333,6.45,1.972,45.6,0.0303
2023-10-02 23:00:00,singtam,Singtam,27.2333,88.4833,0.81,1.986,44.59,0.0198
2023-10-02 23:10:00,chungthang,Chungthang,27.6167,88.65,0.64,2.019,44.69,0.0047
2023-10-02 23:10:00,dikchu,Dikchu,27.3833,88.6167,2.05,2.004,45.49,0.0026
2023-10-02 23:10:00,gangtok,Gangtok,27.3389,88.6065,0.03,,44.45,0.0162
2023-10-02 23:10:00,gyalshing,Gyalshing,27.2833,88.2667,0.01,,45.45,0.0035
2023-10-02 23:10:00,lachen,Lachen,27.7167,88.5567,1.06,3.001,45.13,0.0184
2023-10-02 23:10:00,mangan,Mangan,27.5167,88.5333,0.01,1.962,45.56,0.0006
2023-10-02 23:10:00,singtam,Singtam,27.2333,88.4833,2.45,2.03,44.72,0.0054
2023-10-02 23:20:00,chungthang,Chungthang,27.6167,88.65,0.09,2.027,44.84,0.0083
2023-10-02 23:20:00,dikchu,Dikchu,27.3833,88.6167,0.05,2.034,45.57,0.0282
2023-10-02 23:20:00,gangtok,Gangtok,27.3389,88.6065,0.37,,44.74,0.0079
2023-10-02 23:20:00,gyalshing,Gyalshing,27.2833,88.2667,5.44,,45.51,0.003
2023-10-02 23:20:00,lachen,Lachen,27.7167,88.5567,0.46,2.997,45.34,0.0238
2023-10-02 23:20:00,mangan,Mangan,27.5167,88.5333,3.9,1.998,45.39,0.0199
2023-10-02 23:20:00,singtam,Singtam,27.2333,88.4833,0.04,2.011,44.69,0.017
2023-10-02 23:30:00,chungthang,Chungthang,27.6167,88.65,0.01,1.97,44.66,0.0067
2023-10-02 23:30:00,dikchu,Dikchu,27.3833,88.6167,0.27,2.019,46.06,0.0157
2023-10-02 23:30:00,gangtok,Gangtok,27.3389,88.6065,0.02,,45.02,0.0023
2023-10-02 23:30:00,gyalshing,Gyalshing,27.2833,88.2667,0.0,,45.73,0.0309
2023-10-02 23:30:00,lachen,Lachen,27.7167,88.5567,0.01,2.999,45.2,0.0213
2023-10-02 23:30:00,mangan,Mangan,27.5167,88.5333,1.54,2.024,45.36,0.0106
2023-10-02 23:30:00,singtam,Singtam,27.2333,88.4833,0.43,2.04,44.84,0.0066
2023-10-02 23:40:00,chungthang,Chungthang,27.6167,88.65,0.18,2.02,44.7,0.0261
2023-10-02 23:40:00,dikchu,Dikchu,27.3833,88.6167,0.25,2.033,45.86,0.0027
2023-10-02 23:40:00,gangtok,Gangtok,27.3389,88.6065,0.03,,44.71,0.0337
2023-10-02 23:40:00,gyalshing,Gyalshing,27.2833,88.2667,0.24,,45.92,0.0035
2023-10-02 23:40:00,lachen,Lachen,27.7167,88.5567,0.23,2.994,45.1,0.0138
2023-10-02 23:40:00,mangan,Mangan,27.5167,88.5333,3.72,1.952,45.21,0.0023
2023-10-02 23:40:00,singtam,Singtam,27.2333,88.4833,0.37,2.002,44.84,0.0049
2023-10-02 23:50:00,chungthang,Chungthang,27.6167,88.65,0.01,1.984,45.08,0.0281
2023-10-02 23:50:00,dikchu,Dikchu,27.3833,88.6167,1.08,1.982,45.75,0.001
2023-10-02 23:50:00,gangtok,Gangtok,27.3389,88.6065,1.5,,44.45,0.0148
2023-10-02 23:50:00,gyalshing,Gyalshing,27.2833,88.2667,2.78,,46.03,0.0238
2023-10-02 23:50:00,lachen,Lachen,27.7167,88.5567,0.16,2.957,45.24,0.0195
2023-10-02 23:50:00,mangan,Mangan,27.5167,88.5333,1.62,1.978,45.21,0.015
2023-10-02 23:50:00,singtam,Singtam,27.2333,88.4833,0.0,2.004,44.83,0.0043
2023-10-03 00:00:00,chungthang,Chungthang,27.6167,88.65,0.14,2.0,44.88,0.0285
2023-10-03 00:00:00,dikchu,Dikchu,27.3833,88.6167,0.95,1.994,45.86,0.0218
2023-10-03 00:00:00,gangtok,Gangtok,27.3389,88.6065,0.02,,44.53,0.0083
2023-10-03 00:00:00,gyalshing,Gyalshing,27.2833,88.2667,2.88,,46.15,0.0391
2023-10-03 00:00:00,lachen,Lachen,27.7167,88.5567,0.46,2.985,45.04,0.0008
2023-10-03 00:00:00,mangan,Mangan,27.5167,88.5333,0.06,2.017,44.95,0.0368
2023-10-03 00:00:00,singtam,Singtam,27.2333,88.4833,0.12,1.991,45.45,0.0292
2023-10-03 00:10:00,chungthang,Chungthang,27.6167,88.65,0.03,2.043,44.92,0.004
2023-10-03 00:10:00,dikchu,Dikchu,27.3833,88.6167,0.02,1.994,46.02,0.0021
2023-10-03 00:10:00,gangtok,Gangtok,27.3389,88.6065,0.18,,44.75,0.0074
2023-10-03 00:10:00,gyalshing,Gyalshing,27.2833,88.2667,0.14,,46.49,0.0089
2023-10-03 00:10:00,lachen,Lachen,27.7167,88.5567,0.02,3.027,44.92,0.0155
2023-10-03 00:10:00,mangan,Mangan,27.5167,88.5333,0.18,2.001,44.63,0.0127
2023-10-03 00:10:00,singtam,Singtam,27.2333,88.4833,0.38,2.008,45.32,0.0023
2023-10-03 00:20:00,chungthang,Chungthang,27.6167,88.65,0.14,2.024,44.88,0.0209
2023-10-03 00:20:00,dikchu,Dikchu,27.3833,88.6167,0.39,2.016,46.19,0.0027
2023-10-03 00:20:00,gangtok,Gangtok,27.3389,88.6065,0.31,,44.61,0.0158
2023-10-03 00:20:00,gyalshing,Gyalshing,27.2833,88.2667,0.08,,46.76,0.0079
2023-10-03 00:20:00,lachen,Lachen,27.7167,88.5567,0.12,2.959,44.95,0.0352
2023-10-03 00:20:00,mangan,Mangan,27.5167,88.5333,4.22,2.042,44.96,0.0192
2023-10-03 00:20:00,singtam,Singtam,27.2333,88.4833,0.01,2.051,45.74,0.0002
2023-10-03 00:30:00,chungthang,Chungthang,27.6167,88.65,2.4,2.024,44.87,0.0006
2023-10-03 00:30:00,dikchu,Dikchu,27.3833,88.6167,0.01,2.024,45.97,0.0331
2023-10-03 00:30:00,gangtok,Gangtok,27.3389,88.6065,2.91,,44.49,0.0041
2023-10-03 00:30:00,gyalshing,Gyalshing,27.2833,88.2667,1.32,,46.83,0.0216
2023-10-03 00:30:00,lachen,Lachen,27.7167,88.5567,0.09,2.994,45.19,0.0173
2023-10-03 00:30:00,mangan,Mangan,27.5167,88.5333,2.17,1.958,44.74,0.0204
2023-10-03 00:30:00,singtam,Singtam,27.2333,88.4833,0.18,1.985,46.07,0.0092
2023-10-03 00:40:00,chungthang,Chungthang,27.6167,88.65,0.16,2.057,44.47,0.0196
2023-10-03 00:40:00,dikchu,Dikchu,27.3833,88.6167,0.08,2.004,45.83,0.018
2023-10-03 00:40:00,gangtok,Gangtok,27.3389,88.6065,0.01,,44.87,0.0224
2023-10-03 00:40:00,gyalshing,Gyalshing,27.2833,88.2667,0.05,,47.35,0.0154
2023-10-03 00:40:00,lachen,Lachen,27.7167,88.5567,0.07,2.975,45.04,0.0035
2023-10-03 00:40:00,mangan,Mangan,27.5167,88.5333,0.92,2.071,44.75,0.0199
2023-10-03 00:40:00,singtam,Singtam,27.2333,88.4833,1.56,2.019,46.21,0.0103
2023-10-03 00:50:00,chungthang,Chungthang,27.6167,88.65,0.26,1.979,44.83,0.027
2023-10-03 00:50:00,dikchu,Dikchu,27.3833,88.6167,0.01,2.026,45.88,0.0219
2023-10-03 00:50:00,gangtok,Gangtok,27.3389,88.6065,1.18,,45.07,0.0179
2023-10-03 00:50:00,gyalshing,Gyalshing,27.2833,88.2667,0.02,,47.17,0.0135
2023-10-03 00:50:00,lachen,Lachen,27.7167,88.5567,0.59,3.003,44.58,0.0125
2023-10-03 00:50:00,mangan,Mangan,27.5167,88.5333,0.29,1.954,44.99,0.0226
2023-10-03 00:50:00,singtam,Singtam,27.2333,88.4833,3.88,1.974,45.76,0.0048
2023-10-03 01:00:00,chungthang,Chungthang,27.6167,88.65,1.59,1.97,44.65,0.0046
2023-10-03 01:00:00,dikchu,Dikchu,27.3833,88.6167,0.42,1.983,46.2,0.0415
2023-10-03 01:00:00,gangtok,Gangtok,27.3389,88.6065,0.06,,45.35,0.0251
2023-10-03 01:00:00,gyalshing,Gyalshing,27.2833,88.2667,0.07,,46.83,0.0212
2023-10-03 01:00:00,lachen,Lachen,27.7167,88.5567,4.02,2.988,44.13,0.0076
2023-10-03 01:00:00,mangan,Mangan,27.5167,88.5333,1.37,1.939,45.23,0.0107
2023-10-03 01:00:00,singtam,Singtam,27.2333,88.4833,0.05,1.938,45.76,0.0164
2023-10-03 01:10:00,chungthang,Chungthang,27.6167,88.65,0.48,1.978,44.92,0.0151
2023-10-03 01:10:00,dikchu,Dikchu,27.3833,88.6167,1.28,2.027,46.14,0.0269
2023-10-03 01:10:00,gangtok,Gangtok,27.3389,88.6065,0.04,,45.26,0.0236
2023-10-03 01:10:00,gyalshing,Gyalshing,27.2833,88.2667,0.24,,46.82,0.0095
2023-10-03 01:10:00,lachen,Lachen,27.7167,88.5567,0.21,3.044,43.83,0.0197
2023-10-03 01:10:00,mangan,Mangan,27.5167,88.5333,5.5,1.998,45.45,0.0427
2023-10-03 01:10:00,singtam,Singtam,27.2333,88.4833,2.92,2.006,45.65,0.0137
2023-10-03 01:20:00,chungthang,Chungthang,27.6167,88.65,0.04,1.992,44.77,0.0041
2023-10-03 01:20:00,dikchu,Dikchu,27.3833,88.6167,4.04,2.03,46.16,0.01
2023-10-03 01:20:00,gangtok,Gangtok,27.3389,88.6065,0.11,,45.14,0.0309
2023-10-03 01:20:00,gyalshing,Gyalshing,27.2833,88.2667,0.79,,46.73,0.0429
2023-10-03 01:20:00,lachen,Lachen,27.7167,88.5567,0.29,3.015,43.52,0.03
2023-10-03 01:20:00,mangan,Mangan,27.5167,88.5333,0.03,1.966,45.53,0.0135
2023-10-03 01:20:00,singtam,Singtam,27.2333,88.4833,0.27,2.011,45.66,0.0025
2023-10-03 01:30:00,chungthang,Chungthang,27.6167,88.65,0.29,1.929,44.62,0.028
2023-10-03 01:30:00,dikchu,Dikchu,27.3833,88.6167,0.11,2.02,45.9,0.015
2023-10-03 01:30:00,gangtok,Gangtok,27.3389,88.6065,0.65,,45.4,0.0414
2023-10-03 01:30:00,gyalshing,Gyalshing,27.2833,88.2667,1.17,,46.12,0.0288
2023-10-03 01:30:00,lachen,Lachen,27.7167,88.5567,0.52,2.961,43.51,0.0142
2023-10-03 01:30:00,mangan,Mangan,27.5167,88.5333,0.88,1.999,45.71,0.011
2023-10-03 01:30:00,singtam,Singtam,27.2333,88.4833,0.6,1.997,45.4,0.0037
2023-10-03 01:40:00,chungthang,Chungthang,27.6167,88.65,5.09,1.994,44.95,0.0163
2023-10-03 01:40:00,dikchu,Dikchu,27.3833,88.6167,0.02,2.004,46.36,0.0166
2023-10-03 01:40:00,gangtok,Gangtok,27.3389,88.6065,0.67,,45.35,0.0346
2023-10-03 01:40:00,gyalshing,Gyalshing,27.2833,88.2667,0.07,,45.96,0.0168
2023-10-03 01:40:00,lachen,Lachen,27.7167,88.5567,0.29,3.02,43.24,0.0113
2023-10-03 01:40:00,mangan,Mangan,27.5167,88.5333,0.09,1.998,46.05,0.0013
2023-10-03 01:40:00,singtam,Singtam,27.2333,88.4833,1.04,1.955,45.6,0.0072
2023-10-03 01:50:00,chungthang,Chungthang,27.6167,88.65,1.03,1.984,45.21,0.0023
2023-10-03 01:50:00,dikchu,Dikchu,27.3833,88.6167,0.02,2.021,46.39,0.0379
2023-10-03 01:50:00,gangtok,Gangtok,27.3389,88.6065,0.02,,45.21,0.0068
2023-10-03 01:50:00,gyalshing,Gyalshing,27.2833,88.2667,1.17,,46.06,0.0063
2023-10-03 01:50:00,lachen,Lachen,27.7167,88.5567,0.09,2.977,43.09,0.0138
2023-10-03 01:50:00,mangan,Mangan,27.5167,88.5333,0.05,1.994,46.14,0.0036
2023-10-03 01:50:00,singtam,Singtam,27.2333,88.4833,0.21,2.009,45.84,0.0341
2023-10-03 02:00:00,chungthang,Chungthang,27.6167,88.65,0.45,2.024,45.26,0.0038
2023-10-03 02:00:00,dikchu,Dikchu,27.3833,88.6167,0.02,1.973,46.65,0.0282
2023-10-03 02:00:00,gangtok,Gangtok,27.3389,88.6065,0.02,,44.98,0.0042
2023-10-03 02:00:00,gyalshing,Gyalshing,27.2833,88.2667,0.16,,46.05,0.0036
2023-10-03 02:00:00,lachen,Lachen,27.7167,88.5567,0.07,2.983,42.93,0.0274
2023-10-03 02:00:00,mangan,Mangan,27.5167,88.5333,3.96,1.975,45.69,0.0105
2023-10-03 02:00:00,singtam,Singtam,27.2333,88.4833,0.27,2.008,46.14,0.0185
2023-10-03 02:10:00,chungthang,Chungthang,27.6167,88.65,0.56,2.011,45.45,0.0288
2023-10-03 02:10:00,dikchu,Dikchu,27.3833,88.6167,1.05,2.006,46.65,0.0024
2023-10-03 02:10:00,gangtok,Gangtok,27.3389,88.6065,3.27,,44.91,0.0366
2023-10-03 02:10:00,gyalshing,Gyalshing,27.2833,88.2667,0.05,,45.86,0.0009
2023-10-03 02:10:00,lachen,Lachen,27.7167,88.5567,1.64,3.009,42.84,0.0196
2023-10-03 02:10:00,mangan,Mangan,27.5167,88.5333,0.08,2.013,45.55,0.0203
2023-10-03 02:10:00,singtam,Singtam,27.2333,88.4833,0.4,1.973,46.03,0.0273
2023-10-03 02:20:00,chungthang,Chungthang,27.6167,88.65,0.69,1.982,45.38,0.0088
2023-10-03 02:20:00,dikchu,Dikchu,27.3833,88.6167,0.03,2.009,46.63,0.0027
2023-10-03 02:20:00,gangtok,Gangtok,27.3389,88.6065,0.03,,45.15,0.0002
2023-10-03 02:20:00,gyalshing,Gyalshing,27.2833,88.2667,0.04,,45.87,0.0221
2023-10-03 02:20:00,lachen,Lachen,27.7167,88.5567,3.39,2.985,43.22,0.0145
2023-10-03 02:20:00,mangan,Mangan,27.5167,88.5333,0.15,1.99,45.72,0.0069
2023-10-03 02:20:00,singtam,Singtam,27.2333,88.4833,0.03,1.959,45.76,0.0007
2023-10-03 02:30:00,chungthang,Chungthang,27.6167,88.65,2.77,2.018,45.39,0.0145
2023-10-03 02:30:00,dikchu,Dikchu,27.3833,88.6167,0.05,1.96,46.25,0.0129
2023-10-03 02:30:00,gangtok,Gangtok,27.3389,88.6065,1.19,,44.78,0.0104
2023-10-03 02:30:00,gyalshing,Gyalshing,27.2833,88.2667,0.23,,45.91,0.0388
2023-10-03 02:30:00,lachen,Lachen,27.7167,88.5567,4.84,3.027,43.43,0.0071
2023-10-03 02:30:00,mangan,Mangan,27.5167,88.5333,5.13,2.033,45.58,0.0117
2023-10-03 02:30:00,singtam,Singtam,27.2333,88.4833,0.62,1.992,45.86,0.018
2023-10-03 02:40:00,chungthang,Chungthang,27.6167,88.65,0.1,2.022,45.22,0.011
2023-10-03 02:40:00,dikchu,Dikchu,27.3833,88.6167,4.23,2.014,45.74,0.0027
2023-10-03 02:40:00,gangtok,Gangtok,27.3389,88.6065,1.63,,44.98,0.0009
2023-10-03 02:40:00,gyalshing,Gyalshing,27.2833,88.2667,0.57,,46.1,0.02
2023-10-03 02:40:00,lachen,Lachen,27.7167,88.5567,0.45,2.977,43.47,0.0272
2023-10-03 02:40:00,mangan,Mangan,27.5167,88.5333,0.43,1.995,45.98,0.0032
2023-10-03 02:40:00,singtam,Singtam,27.2333,88.4833,0.09,2.02,46.3,0.0099
2023-10-03 02:50:00,chungthang,Chungthang,27.6167,88.65,0.11,1.977,45.45,0.0039
2023-10-03 02:50:00,dikchu,Dikchu,27.3833,88.6167,0.15,1.963,46.06,0.0135
2023-10-03 02:50:00,gangtok,Gangtok,27.3389,88.6065,0.17,,44.82,0.0378
2023-10-03 02:50:00,gyalshing,Gyalshing,27.2833,88.2667,0.03,,45.95,0.0165
2023-10-03 02:50:00,lachen,Lachen,27.7167,88.5567,1.13,2.981,43.38,0.0284
2023-10-03 02:50:00,mangan,Mangan,27.5167,88.5333,0.39,1.971,45.96,0.0105
2023-10-03 02:50:00,singtam,Singtam,27.2333,88.4833,0.99,2.012,46.32,0.0239
2023-10-03 03:00:00,chungthang,Chungthang,27.6167,88.65,0.13,1.985,45.27,0.0018
2023-10-03 03:00:00,dikchu,Dikchu,27.3833,88.6167,0.07,1.987,46.07,0.0016
2023-10-03 03:00:00,gangtok,Gangtok,27.3389,88.6065,0.04,,44.77,0.0057
2023-10-03 03:00:00,gyalshing,Gyalshing,27.2833,88.2667,0.08,,46.17,0.0289
2023-10-03 03:00:00,lachen,Lachen,27.7167,88.5567,0.15,2.98,43.3,0.0164
2023-10-03 03:00:00,mangan,Mangan,27.5167,88.5333,0.11,1.949,45.97,0.0092
2023-10-03 03:00:00,singtam,Singtam,27.2333,88.4833,0.29,1.974,46.41,0.0081
2023-10-03 03:10:00,chungthang,Chungthang,27.6167,88.65,0.42,1.933,45.64,0.0166
2023-10-03 03:10:00,dikchu,Dikchu,27.3833,88.6167,0.7,2.001,46.12,0.0362
2023-10-03 03:10:00,gangtok,Gangtok,27.3389,88.6065,0.57,,44.74,0.0129
2023-10-03 03:10:00,gyalshing,Gyalshing,27.2833,88.2667,0.1,,45.9,0.0176
2023-10-03 03:10:00,lachen,Lachen,27.7167,88.5567,0.15,2.983,43.41,0.0017
2023-10-03 03:10:00,mangan,Mangan,27.5167,88.5333,0.24,1.995,46.25,0.0186
2023-10-03 03:10:00,singtam,Singtam,27.2333,88.4833,0.07,2.004,46.34,0.0225
2023-10-03 03:20:00,chungthang,Chungthang,27.6167,88.65,0.19,1.967,45.55,0.0405
2023-10-03 03:20:00,dikchu,Dikchu,27.3833,88.6167,1.18,1.978,45.76,0.0019
2023-10-03 03:20:00,gangtok,Gangtok,27.3389,88.6065,0.09,,44.67,0.0205
2023-10-03 03:20:00,gyalshing,Gyalshing,27.2833,88.2667,0.71,,45.79,0.0084
2023-10-03 03:20:00,lachen,Lachen,27.7167,88.5567,0.17,3.033,43.58,0.0236
2023-10-03 03:20:00,mangan,Mangan,27.5167,88.5333,0.14,1.962,46.19,0.0075
2023-10-03 03:20:00,singtam,Singtam,27.2333,88.4833,0.05,2.027,46.2,0.0152
2023-10-03 03:30:00,chungthang,Chungthang,27.6167,88.65,0.18,1.978,45.55,0.0112
2023-10-03 03:30:00,dikchu,Dikchu,27.3833,88.6167,0.44,2.002,45.54,0.021
2023-10-03 03:30:00,gangtok,Gangtok,27.3389,88.6065,0.05,,44.62,0.0033
2023-10-03 03:30:00,gyalshing,Gyalshing,27.2833,88.2667,0.26,,46.22,0.0205
2023-10-03 03:30:00,lachen,Lachen,27.7167,88.5567,0.5,3.019,43.38,0.0023
2023-10-03 03:30:00,mangan,Mangan,27.5167,88.5333,0.16,1.96,46.22,0.0158
2023-10-03 03:30:00,singtam,Singtam,27.2333,88.4833,0.08,1.965,46.36,0.0096
2023-10-03 03:40:00,chungthang,Chungthang,27.6167,88.65,0.21,2.002,45.74,0.0072
2023-10-03 03:40:00,dikchu,Dikchu,27.3833,88.6167,1.53,2.002,45.82,0.0273
2023-10-03 03:40:00,gangtok,Gangtok,27.3389,88.6065,0.08,,44.53,0.0086
2023-10-03 03:40:00,gyalshing,Gyalshing,27.2833,88.2667,0.04,,45.95,0.0109
2023-10-03 03:40:00,lachen,Lachen,27.7167,88.5567,0.44,3.051,43.42,0.0212
2023-10-03 03:40:00,mangan,Mangan,27.5167,88.5333,1.52,2.016,46.44,0.0231
2023-10-03 03:40:00,singtam,Singtam,27.2333,88.4833,0.27,2.002,46.32,0.003
2023-10-03 03:50:00,chungthang,Chungthang,27.6167,88.65,0.24,1.972,45.73,0.0027
2023-10-03 03:50:00,dikchu,Dikchu,27.3833,88.6167,0.1,1.975,46.26,0.0025
2023-10-03 03:50:00,gangtok,Gangtok,27.3389,88.6065,2.46,,44.44,0.0224
2023-10-03 03:50:00,gyalshing,Gyalshing,27.2833,88.2667,0.06,,45.79,0.0016
2023-10-03 03:50:00,lachen,Lachen,27.7167,88.5567,1.27,3.068,42.95,0.026
2023-10-03 03:50:00,mangan,Mangan,27.5167,88.5333,3.3,1.947,46.07,0.0083
2023-10-03 03:50:00,singtam,Singtam,27.2333,88.4833,1.57,2.04,46.43,0.006
2023-10-03 04:00:00,chungthang,Chungthang,27.6167,88.65,0.26,1.985,45.65,0.024
2023-10-03 04:00:00,dikchu,Dikchu,27.3833,88.6167,1.24,2.017,46.1,0.0152
2023-10-03 04:00:00,gangtok,Gangtok,27.3389,88.6065,0.61,,44.79,0.0343
2023-10-03 04:00:00,gyalshing,Gyalshing,27.2833,88.2667,0.06,,45.48,0.0057
2023-10-03 04:00:00,lachen,Lachen,27.7167,88.5567,0.63,2.969,43.03,0.0041
2023-10-03 04:00:00,mangan,Mangan,27.5167,88.5333,0.87,2.042,45.99,0.0193
2023-10-03 04:00:00,singtam,Singtam,27.2333,88.4833,0.75,1.962,46.52,0.0408
2023-10-03 04:10:00,chungthang,Chungthang,27.6167,88.65,1.06,1.963,45.64,0.0391
2023-10-03 04:10:00,dikchu,Dikchu,27.3833,88.6167,0.62,1.977,46.27,0.0049
2023-10-03 04:10:00,gangtok,Gangtok,27.3389,88.6065,0.08,,44.82,0.0076
2023-10-03 04:10:00,gyalshing,Gyalshing,27.2833,88.2667,0.07,,45.29,0.0209
2023-10-03 04:10:00,lachen,Lachen,27.7167,88.5567,0.3,3.002,43.26,0.0205
2023-10-03 04:10:00,mangan,Mangan,27.5167,88.5333,0.83,2.005,46.2,0.0162
2023-10-03 04:10:00,singtam,Singtam,27.2333,88.4833,0.08,2.035,46.59,0.0092
2023-10-03 04:20:00,chungthang,Chungthang,27.6167,88.65,0.33,2.005,45.86,0.0152
2023-10-03 04:20:00,dikchu,Dikchu,27.3833,88.6167,0.24,2.069,46.32,0.0324
2023-10-03 04:20:00,gangtok,Gangtok,27.3389,88.6065,0.09,,44.81,0.0037
2023-10-03 04:20:00,gyalshing,Gyalshing,27.2833,88.2667,0.12,,45.33,0.0028
2023-10-03 04:20:00,lachen,Lachen,27.7167,88.5567,0.33,2.965,43.22,0.0084
2023-10-03 04:20:00,mangan,Mangan,27.5167,88.5333,1.06,1.999,46.2,0.0087
2023-10-03 04:20:00,singtam,Singtam,27.2333,88.4833,0.1,2.049,46.72,0.0152
2023-10-03 04:30:00,chungthang,Chungthang,27.6167,88.65,0.97,2.013,45.69,0.0277
2023-10-03 04:30:00,dikchu,Dikchu,27.3833,88.6167,0.73,1.997,46.29,0.0138
2023-10-03 04:30:00,gangtok,Gangtok,27.3389,88.6065,2.06,,44.69,0.0043
2023-10-03 04:30:00,gyalshing,Gyalshing,27.2833,88.2667,0.08,,45.51,0.008
2023-10-03 04:30:00,lachen,Lachen,27.7167,88.5567,0.48,2.977,43.71,0.0115
2023-10-03 04:30:00,mangan,Mangan,27.5167,88.5333,0.92,1.969,46.56,0.0038
2023-10-03 04:30:00,singtam,Singtam,27.2333,88.4833,1.52,1.993,46.51,0.0049
2023-10-03 04:40:00,chungthang,Chungthang,27.6167,88.65,0.54,2.012,45.65,0.0153
2023-10-03 04:40:00,dikchu,Dikchu,27.3833,88.6167,0.92,1.965,46.75,0.0212
2023-10-03 04:40:00,gangtok,Gangtok,27.3389,88.6065,0.26,,44.61,0.013
2023-10-03 04:40:00,gyalshing,Gyalshing,27.2833,88.2667,3.22,,45.57,0.0255
2023-10-03 04:40:00,lachen,Lachen,27.7167,88.5567,2.58,2.981,43.52,0.0233
2023-10-03 04:40:00,mangan,Mangan,27.5167,88.5333,0.68,2.023,46.15,0.0024
2023-10-03 04:40:00,singtam,Singtam,27.2333,88.4833,0.46,1.99,46.27,0.0124
2023-10-03 04:50:00,chungthang,Chungthang,27.6167,88.65,0.75,2.0,45.65,0.0342
2023-10-03 04:50:00,dikchu,Dikchu,27.3833,88.6167,0.21,1.97,46.63,0.0009
2023-10-03 04:50:00,gangtok,Gangtok,27.3389,88.6065,0.16,,44.47,0.0107
2023-10-03 04:50:00,gyalshing,Gyalshing,27.2833,88.2667,0.12,,45.46,0.0043
2023-10-03 04:50:00,lachen,Lachen,27.7167,88.5567,0.48,2.968,43.6,0.0061
2023-10-03 04:50:00,mangan,Mangan,27.5167,88.5333,0.42,2.0,45.71,0.0225
2023-10-03 04:50:00,singtam,Singtam,27.2333,88.4833,0.14,2.031,46.25,0.0065
2023-10-03 05:00:00,chungthang,Chungthang,27.6167,88.65,7.5,1.954,45.88,0.037
2023-10-03 05:00:00,dikchu,Dikchu,27.3833,88.6167,0.94,2.034,46.93,0.0068
2023-10-03 05:00:00,gangtok,Gangtok,27.3389,88.6065,0.17,,44.69,0.0285
2023-10-03 05:00:00,gyalshing,Gyalshing,27.2833,88.2667,2.0,,45.19,0.0143
2023-10-03 05:00:00,lachen,Lachen,27.7167,88.5567,0.55,2.968,43.61,0.0221
2023-10-03 05:00:00,mangan,Mangan,27.5167,88.5333,2.29,1.979,45.91,0.0226
2023-10-03 05:00:00,singtam,Singtam,27.2333,88.4833,0.14,1.994,46.24,0.0253
2023-10-03 05:10:00,chungthang,Chungthang,27.6167,88.65,0.56,1.981,45.85,0.019
2023-10-03 05:10:00,dikchu,Dikchu,27.3833,88.6167,1.47,1.988,47.03,0.0344
2023-10-03 05:10:00,gangtok,Gangtok,27.3389,88.6065,0.15,,44.52,0.0466
2023-10-03 05:10:00,gyalshing,Gyalshing,27.2833,88.2667,0.56,,45.03,0.0025
2023-10-03 05:10:00,lachen,Lachen,27.7167,88.5567,0.57,2.996,43.62,0.0086
2023-10-03 05:10:00,mangan,Mangan,27.5167,88.5333,0.48,2.006,46.12,0.042
2023-10-03 05:10:00,singtam,Singtam,27.2333,88.4833,1.11,1.929,46.08,0.0114
2023-10-03 05:20:00,chungthang,Chungthang,27.6167,88.65,0.67,1.988,46.3,0.0141
2023-10-03 05:20:00,dikchu,Dikchu,27.3833,88.6167,0.65,1.959,47.01,0.0034
2023-10-03 05:20:00,gangtok,Gangtok,27.3389,88.6065,0.21,,43.98,0.0084
2023-10-03 05:20:00,gyalshing,Gyalshing,27.2833,88.2667,2.87,,44.7,0.0145
2023-10-03 05:20:00,lachen,Lachen,27.7167,88.5567,0.76,2.963,43.62,0.0069
2023-10-03 05:20:00,mangan,Mangan,27.5167,88.5333,1.33,1.95,46.06,0.0624
2023-10-03 05:20:00,singtam,Singtam,27.2333,88.4833,2.16,1.997,46.16,0.0122
2023-10-03 05:30:00,chungthang,Chungthang,27.6167,88.65,0.7,1.988,46.24,0.0041
2023-10-03 05:30:00,dikchu,Dikchu,27.3833,88.6167,0.69,2.026,47.33,0.0389
2023-10-03 05:30:00,gangtok,Gangtok,27.3389,88.6065,0.2,,44.02,0.0097
2023-10-03 05:30:00,gyalshing,Gyalshing,27.2833,88.2667,0.14,,44.9,0.0035
2023-10-03 05:30:00,lachen,Lachen,27.7167,88.5567,1.4,3.025,43.67,0.0096
2023-10-03 05:30:00,mangan,Mangan,27.5167,88.5333,0.58,1.951,46.15,0.0026
2023-10-03 05:30:00,singtam,Singtam,27.2333,88.4833,0.21,2.014,46.38,0.0208
2023-10-03 05:40:00,chungthang,Chungthang,27.6167,88.65,1.13,2.002,46.16,0.0008
2023-10-03 05:40:00,dikchu,Dikchu,27.3833,88.6167,0.93,1.988,47.39,0.0112
2023-10-03 05:40:00,gangtok,Gangtok,27.3389,88.6065,0.21,,43.97,0.0047
2023-10-03 05:40:00,gyalshing,Gyalshing,27.2833,88.2667,0.85,,45.12,0.0183
2023-10-03 05:40:00,lachen,Lachen,27.7167,88.5567,4.09,2.972,43.92,0.0064
2023-10-03 05:40:00,mangan,Mangan,27.5167,88.5333,0.74,1.966,46.32,0.0464
2023-10-03 05:40:00,singtam,Singtam,27.2333,88.4833,2.77,2.022,46.69,0.0033
2023-10-03 05:50:00,chungthang,Chungthang,27.6167,88.65,1.12,2.043,46.11,0.0068
2023-10-03 05:50:00,dikchu,Dikchu,27.3833,88.6167,0.42,2.02,47.35,0.0285
2023-10-03 05:50:00,gangtok,Gangtok,27.3389,88.6065,0.57,,43.85,0.0453
2023-10-03 05:50:00,gyalshing,Gyalshing,27.2833,88.2667,0.21,,45.01,0.0158
2023-10-03 05:50:00,lachen,Lachen,27.7167,88.5567,1.03,3.084,44.29,0.0204
2023-10-03 05:50:00,mangan,Mangan,27.5167,88.5333,0.95,2.01,46.11,0.0359
2023-10-03 05:50:00,singtam,Singtam,27.2333,88.4833,0.54,1.974,47.04,0.0049
2023-10-03 06:00:00,chungthang,Chungthang,27.6167,88.65,1.64,2.024,45.78,0.0124
2023-10-03 06:00:00,dikchu,Dikchu,27.3833,88.6167,0.33,2.028,47.68,0.0042
2023-10-03 06:00:00,gangtok,Gangtok,27.3389,88.6065,0.28,,44.12,0.0012
2023-10-03 06:00:00,gyalshing,Gyalshing,27.2833,88.2667,0.32,,45.14,0.0182
2023-10-03 06:00:00,lachen,Lachen,27.7167,88.5567,5.1,2.986,44.32,0.011
2023-10-03 06:00:00,mangan,Mangan,27.5167,88.5333,0.92,2.0,45.91,0.0196
2023-10-03 06:00:00,singtam,Singtam,27.2333,88.4833,1.36,1.992,46.71,0.0369
2023-10-03 06:10:00,chungthang,Chungthang,27.6167,88.65,1.03,1.97,45.51,0.0144
2023-10-03 06:10:00,dikchu,Dikchu,27.3833,88.6167,0.77,2.008,47.97,0.0069
2023-10-03 06:10:00,gangtok,Gangtok,27.3389,88.6065,2.22,,43.49,0.0142
2023-10-03 06:10:00,gyalshing,Gyalshing,27.2833,88.2667,0.27,,45.37,0.0081
2023-10-03 06:10:00,lachen,Lachen,27.7167,88.5567,2.5,3.002,44.54,0.0008
2023-10-03 06:10:00,mangan,Mangan,27.5167,88.5333,0.86,2.031,45.96,0.003
2023-10-03 06:10:00,singtam,Singtam,27.2333,88.4833,0.3,2.029,46.41,0.0116
2023-10-03 06:20:00,chungthang,Chungthang,27.6167,88.65,1.22,2.02,45.38,0.0038
2023-10-03 06:20:00,dikchu,Dikchu,27.3833,88.6167,0.5,2.072,48.24,0.0244
2023-10-03 06:20:00,gangtok,Gangtok,27.3389,88.6065,0.32,,43.91,0.0336
2023-10-03 06:20:00,gyalshing,Gyalshing,27.2833,88.2667,1.2,,45.43,0.022
2023-10-03 06:20:00,lachen,Lachen,27.7167,88.5567,1.16,2.961,44.39,0.0012
2023-10-03 06:20:00,mangan,Mangan,27.5167,88.5333,8.51,1.972,46.21,0.0293
2023-10-03 06:20:00,singtam,Singtam,27.2333,88.4833,0.34,1.998,46.33,0.0038
2023-10-03 06:30:00,chungthang,Chungthang,27.6167,88.65,1.5,2.019,45.67,0.0471
2023-10-03 06:30:00,dikchu,Dikchu,27.3833,88.6167,0.54,1.948,47.24,0.0181
2023-10-03 06:30:00,gangtok,Gangtok,27.3389,88.6065,0.34,,44.2,0.0075
2023-10-03 06:30:00,gyalshing,Gyalshing,27.2833,88.2667,0.25,,45.79,0.0077
2023-10-03 06:30:00,lachen,Lachen,27.7167,88.5567,1.42,3.051,44.6,0.0141
2023-10-03 06:30:00,mangan,Mangan,27.5167,88.5333,1.06,2.017,45.91,0.0262
2023-10-03 06:30:00,singtam,Singtam,27.2333,88.4833,0.78,1.954,46.35,0.0137
2023-10-03 06:40:00,chungthang,Chungthang,27.6167,88.65,2.31,1.976,45.66,0.0345
2023-10-03 06:40:00,dikchu,Dikchu,27.3833,88.6167,0.59,1.975,47.33,0.0106
2023-10-03 06:40:00,gangtok,Gangtok,27.3389,88.6065,0.49,,44.08,0.0159
2023-10-03 06:40:00,gyalshing,Gyalshing,27.2833,88.2667,5.27,,45.62,0.0333
2023-10-03 06:40:00,lachen,Lachen,27.7167,88.5567,1.44,3.034,44.42,0.0205
2023-10-03 06:40:00,mangan,Mangan,27.5167,88.5333,1.16,1.997,45.86,0.0239
2023-10-03 06:40:00,singtam,Singtam,27.2333,88.4833,1.3,2.037,46.27,0.0265
2023-10-03 06:50:00,chungthang,Chungthang,27.6167,88.65,1.68,2.025,45.53,0.0044
2023-10-03 06:50:00,dikchu,Dikchu,27.3833,88.6167,1.0,1.992,47.37,0.0066
2023-10-03 06:50:00,gangtok,Gangtok,27.3389,88.6065,0.54,,44.01,0.0411
2023-10-03 06:50:00,gyalshing,Gyalshing,27.2833,88.2667,2.6,,45.58,0.0158
2023-10-03 06:50:00,lachen,Lachen,27.7167,88.5567,1.68,3.009,44.71,0.0203
2023-10-03 06:50:00,mangan,Mangan,27.5167,88.5333,1.28,1.972,45.78,0.0045
2023-10-03 06:50:00,singtam,Singtam,27.2333,88.4833,0.55,1.994,46.13,0.0041
2023-10-03 07:00:00,chungthang,Chungthang,27.6167,88.65,2.33,1.995,45.84,0.0091
2023-10-03 07:00:00,dikchu,Dikchu,27.3833,88.6167,0.55,2.068,47.34,0.0032
2023-10-03 07:00:00,gangtok,Gangtok,27.3389,88.6065,3.46,,44.19,0.0118
2023-10-03 07:00:00,gyalshing,Gyalshing,27.2833,88.2667,0.33,,45.47,0.0042
2023-10-03 07:00:00,lachen,Lachen,27.7167,88.5567,4.37,2.96,45.29,0.0093
2023-10-03 07:00:00,mangan,Mangan,27.5167,88.5333,4.88,2.012,45.9,0.0036
2023-10-03 07:00:00,singtam,Singtam,27.2333,88.4833,1.18,2.033,46.06,0.0005
2023-10-03 07:10:00,chungthang,Chungthang,27.6167,88.65,3.32,1.958,46.22,0.0292
2023-10-03 07:10:00,dikchu,Dikchu,27.3833,88.6167,0.61,2.054,47.48,0.0228
2023-10-03 07:10:00,gangtok,Gangtok,27.3389,88.6065,0.7,,44.36,0.0139
2023-10-03 07:10:00,gyalshing,Gyalshing,27.2833,88.2667,0.38,,45.64,0.0017
2023-10-03 07:10:00,lachen,Lachen,27.7167,88.5567,1.86,3.006,45.26,0.0263
2023-10-03 07:10:00,mangan,Mangan,27.5167,88.5333,1.56,1.998,45.89,0.0051
2023-10-03 07:10:00,singtam,Singtam,27.2333,88.4833,0.57,1.958,46.19,0.0135
2023-10-03 07:20:00,chungthang,Chungthang,27.6167,88.65,2.01,2.014,46.52,0.006
2023-10-03 07:20:00,dikchu,Dikchu,27.3833,88.6167,0.67,2.039,47.52,0.0269
2023-10-03 07:20:00,gangtok,Gangtok,27.3389,88.6065,0.57,,44.23,0.0043
2023-10-03 07:20:00,gyalshing,Gyalshing,27.2833,88.2667,0.93,,45.3,0.0072
2023-10-03 07:20:00,lachen,Lachen,27.7167,88.5567,4.18,2.966,44.73,0.0242
2023-10-03 07:20:00,mangan,Mangan,27.5167,88.5333,3.23,1.981,45.76,0.0133
2023-10-03 07:20:00,singtam,Singtam,27.2333,88.4833,0.96,1.996,45.86,0.0176
2023-10-03 07:30:00,chungthang,Chungthang,27.6167,88.65,2.24,2.007,46.3,0.0289
2023-10-03 07:30:00,dikchu,Dikchu,27.3833,88.6167,0.74,1.976,47.62,0.0119
2023-10-03 07:30:00,gangtok,Gangtok,27.3389,88.6065,0.59,,43.86,0.0121
2023-10-03 07:30:00,gyalshing,Gyalshing,27.2833,88.2667,0.97,,45.69,0.0161
2023-10-03 07:30:00,lachen,Lachen,27.7167,88.5567,2.25,3.044,44.61,0.0447
2023-10-03 07:30:00,mangan,Mangan,27.5167,88.5333,2.08,2.001,46.08,0.0067
2023-10-03 07:30:00,singtam,Singtam,27.2333,88.4833,1.03,2.015,46.45,0.011
2023-10-03 07:40:00,chungthang,Chungthang,27.6167,88.65,2.4,1.993,46.17,0.0248
2023-10-03 07:40:00,dikchu,Dikchu,27.3833,88.6167,0.79,1.98,47.53,0.0149
2023-10-03 07:40:00,gangtok,Gangtok,27.3389,88.6065,1.06,,44.42,0.007
2023-10-03 07:40:00,gyalshing,Gyalshing,27.2833,88.2667,1.24,,45.86,0.0402
2023-10-03 07:40:00,lachen,Lachen,27.7167,88.5567,3.35,3.024,44.94,0.02
2023-10-03 07:40:00,mangan,Mangan,27.5167,88.5333,5.14,1.996,45.95,0.0007
2023-10-03 07:40:00,singtam,Singtam,27.2333,88.4833,2.5,1.997,46.47,0.0177
2023-10-03 07:50:00,chungthang,Chungthang,27.6167,88.65,2.61,1.999,46.62,0.0479
2023-10-03 07:50:00,dikchu,Dikchu,27.3833,88.6167,0.9,1.975,47.89,0.0181
2023-10-03 07:50:00,gangtok,Gangtok,27.3389,88.6065,0.8,,44.69,0.0213
2023-10-03 07:50:00,gyalshing,Gyalshing,27.2833,88.2667,1.81,,46.34,0.002
2023-10-03 07:50:00,lachen,Lachen,27.7167,88.5567,5.12,3.003,45.09,0.0285
2023-10-03 07:50:00,mangan,Mangan,27.5167,88.5333,2.21,1.995,45.86,0.0219
2023-10-03 07:50:00,singtam,Singtam,27.2333,88.4833,0.76,1.965,46.71,0.009
2023-10-03 08:00:00,chungthang,Chungthang,27.6167,88.65,7.37,1.978,46.68,0.0217
2023-10-03 08:00:00,dikchu,Dikchu,27.3833,88.6167,0.99,1.976,48.06,0.0166
2023-10-03 08:00:00,gangtok,Gangtok,27.3389,88.6065,1.42,,44.76,0.0199
2023-10-03 08:00:00,gyalshing,Gyalshing,27.2833,88.2667,0.63,,46.33,0.0002
2023-10-03 08:00:00,lachen,Lachen,27.7167,88.5567,2.91,2.927,45.16,0.0017
2023-10-03 08:00:00,mangan,Mangan,27.5167,88.5333,3.09,1.988,45.47,0.0269
2023-10-03 08:00:00,singtam,Singtam,27.2333,88.4833,0.88,1.928,46.56,0.0111
2023-10-03 08:10:00,chungthang,Chungthang,27.6167,88.65,7.88,2.018,46.62,0.0042
2023-10-03 08:10:00,dikchu,Dikchu,27.3833,88.6167,1.04,2.045,48.18,0.0186
2023-10-03 08:10:00,gangtok,Gangtok,27.3389,88.6065,0.89,,44.84,0.0328
2023-10-03 08:10:00,gyalshing,Gyalshing,27.2833,88.2667,0.75,,46.2,0.0134
2023-10-03 08:10:00,lachen,Lachen,27.7167,88.5567,3.17,2.97,45.41,0.0332
2023-10-03 08:10:00,mangan,Mangan,27.5167,88.5333,2.62,1.961,45.3,0.03
2023-10-03 08:10:00,singtam,Singtam,27.2333,88.4833,1.62,2.046,46.71,0.0146
2023-10-03 08:20:00,chungthang,Chungthang,27.6167,88.65,3.41,1.999,46.79,0.0285
2023-10-03 08:20:00,dikchu,Dikchu,27.3833,88.6167,1.12,1.993,48.26,0.0164
2023-10-03 08:20:00,gangtok,Gangtok,27.3389,88.6065,0.92,,45.02,0.0279
2023-10-03 08:20:00,gyalshing,Gyalshing,27.2833,88.2667,0.78,,46.37,0.0201
2023-10-03 08:20:00,lachen,Lachen,27.7167,88.5567,4.5,3.021,45.54,0.0369
2023-10-03 08:20:00,mangan,Mangan,27.5167,88.5333,4.2,2.002,45.45,0.013
2023-10-03 08:20:00,singtam,Singtam,27.2333,88.4833,2.77,2.007,46.74,0.0362
2023-10-03 08:30:00,chungthang,Chungthang,27.6167,88.65,4.25,2.005,47.04,0.0234
2023-10-03 08:30:00,dikchu,Dikchu,27.3833,88.6167,1.22,1.997,48.53,0.0109
2023-10-03 08:30:00,gangtok,Gangtok,27.3389,88.6065,2.24,,45.25,0.0406
2023-10-03 08:30:00,gyalshing,Gyalshing,27.2833,88.2667,0.73,,46.64,0.0025
2023-10-03 08:30:00,lachen,Lachen,27.7167,88.5567,5.2,3.036,45.86,0.0051
2023-10-03 08:30:00,mangan,Mangan,27.5167,88.5333,3.47,1.976,45.54,0.0068
2023-10-03 08:30:00,singtam,Singtam,27.2333,88.4833,1.66,2.035,46.96,0.0247
2023-10-03 08:40:00,chungthang,Chungthang,27.6167,88.65,4.11,2.011,46.88,0.0058
2023-10-03 08:40:00,dikchu,Dikchu,27.3833,88.6167,1.34,2.023,48.75,0.0109
2023-10-03 08:40:00,gangtok,Gangtok,27.3389,88.6065,6.1,,44.81,0.0186
2023-10-03 08:40:00,gyalshing,Gyalshing,27.2833,88.2667,1.6,,46.48,0.0006
2023-10-03 08:40:00,lachen,Lachen,27.7167,88.5567,5.12,3.033,46.09,0.0118
2023-10-03 08:40:00,mangan,Mangan,27.5167,88.5333,3.39,1.969,45.7,0.0374
2023-10-03 08:40:00,singtam,Singtam,27.2333,88.4833,1.53,2.028,46.92,0.0062
2023-10-03 08:50:00,chungthang,Chungthang,27.6167,88.65,5.33,1.965,46.93,0.0289
2023-10-03 08:50:00,dikchu,Dikchu,27.3833,88.6167,1.66,1.95,48.69,0.0313
2023-10-03 08:50:00,gangtok,Gangtok,27.3389,88.6065,1.32,,44.76,0.0252
2023-10-03 08:50:00,gyalshing,Gyalshing,27.2833,88.2667,0.93,,45.99,0.0017
2023-10-03 08:50:00,lachen,Lachen,27.7167,88.5567,5.31,2.952,46.48,0.0183
2023-10-03 08:50:00,mangan,Mangan,27.5167,88.5333,7.04,1.993,45.86,0.0013
2023-10-03 08:50:00,singtam,Singtam,27.2333,88.4833,1.26,2.018,47.25,0.0267
2023-10-03 09:00:00,chungthang,Chungthang,27.6167,88.65,5.78,1.973,47.15,0.0373
2023-10-03 09:00:00,dikchu,Dikchu,27.3833,88.6167,1.7,2.002,48.84,0.0292
2023-10-03 09:00:00,gangtok,Gangtok,27.3389,88.6065,1.32,,44.68,0.0314
2023-10-03 09:00:00,gyalshing,Gyalshing,27.2833,88.2667,1.6,,45.55,0.0331
2023-10-03 09:00:00,lachen,Lachen,27.7167,88.5567,6.13,3.009,46.57,0.0013
2023-10-03 09:00:00,mangan,Mangan,27.5167,88.5333,4.01,2.022,46.39,0.025
2023-10-03 09:00:00,singtam,Singtam,27.2333,88.4833,1.41,1.99,46.87,0.002
2023-10-03 09:10:00,chungthang,Chungthang,27.6167,88.65,5.1,1.934,46.84,0.0112
2023-10-03 09:10:00,dikchu,Dikchu,27.3833,88.6167,1.69,1.967,48.86,0.0332
2023-10-03 09:10:00,gangtok,Gangtok,27.3389,88.6065,1.4,,44.69,0.0042
2023-10-03 09:10:00,gyalshing,Gyalshing,27.2833,88.2667,1.56,,45.66,0.0025
2023-10-03 09:10:00,lachen,Lachen,27.7167,88.5567,5.2,3.03,46.8,0.0123
2023-10-03 09:10:00,mangan,Mangan,27.5167,88.5333,4.97,2.006,46.21,0.0332
2023-10-03 09:10:00,singtam,Singtam,27.2333,88.4833,1.48,2.015,47.1,0.0114
2023-10-03 09:20:00,chungthang,Chungthang,27.6167,88.65,5.6,2.017,46.84,0.0106
2023-10-03 09:20:00,dikchu,Dikchu,27.3833,88.6167,1.82,1.991,49.31,0.0064
2023-10-03 09:20:00,gangtok,Gangtok,27.3389,88.6065,1.49,,44.92,0.0228
2023-10-03 09:20:00,gyalshing,Gyalshing,27.2833,88.2667,5.06,,46.12,0.0017
2023-10-03 09:20:00,lachen,Lachen,27.7167,88.5567,5.82,2.95,46.72,0.0291
2023-10-03 09:20:00,mangan,Mangan,27.5167,88.5333,4.96,1.984,45.81,0.0116
2023-10-03 09:20:00,singtam,Singtam,27.2333,88.4833,1.65,2.043,47.13,0.0027
2023-10-03 09:30:00,chungthang,Chungthang,27.6167,88.65,5.98,1.964,46.55,0.0394
2023-10-03 09:30:00,dikchu,Dikchu,27.3833,88.6167,5.37,1.982,49.56,0.0415
2023-10-03 09:30:00,gangtok,Gangtok,27.3389,88.6065,2.01,,44.52,0.0063
2023-10-03 09:30:00,gyalshing,Gyalshing,27.2833,88.2667,3.47,,45.85,0.0163
2023-10-03 09:30:00,lachen,Lachen,27.7167,88.5567,6.5,3.0,46.57,0.009
2023-10-03 09:30:00,mangan,Mangan,27.5167,88.5333,5.01,1.983,45.57,0.0136
2023-10-03 09:30:00,singtam,Singtam,27.2333,88.4833,2.79,2.002,46.89,0.0068
2023-10-03 09:40:00,chungthang,Chungthang,27.6167,88.65,6.41,2.004,46.31,0.0317
2023-10-03 09:40:00,dikchu,Dikchu,27.3833,88.6167,4.88,1.981,49.39,0.0318
2023-10-03 09:40:00,gangtok,Gangtok,27.3389,88.6065,1.78,,44.23,0.0009
2023-10-03 09:40:00,gyalshing,Gyalshing,27.2833,88.2667,1.32,,45.81,0.0034
2023-10-03 09:40:00,lachen,Lachen,27.7167,88.5567,6.55,3.008,47.0,0.0302
2023-10-03 09:40:00,mangan,Mangan,27.5167,88.5333,5.46,2.019,45.41,0.0218
2023-10-03 09:40:00,singtam,Singtam,27.2333,88.4833,7.56,2.057,47.44,0.0191
2023-10-03 09:50:00,chungthang,Chungthang,27.6167,88.65,7.31,2.011,46.18,0.0322
2023-10-03 09:50:00,dikchu,Dikchu,27.3833,88.6167,3.82,2.007,49.96,0.0194
2023-10-03 09:50:00,gangtok,Gangtok,27.3389,88.6065,2.32,,44.12,0.0018
2023-10-03 09:50:00,gyalshing,Gyalshing,27.2833,88.2667,1.37,,45.75,0.0108
2023-10-03 09:50:00,lachen,Lachen,27.7167,88.5567,7.07,2.991,47.05,0.0215
2023-10-03 09:50:00,mangan,Mangan,27.5167,88.5333,5.95,1.928,45.19,0.0191
2023-10-03 09:50:00,singtam,Singtam,27.2333,88.4833,2.62,1.955,47.9,0.0006
2023-10-03 10:00:00,chungthang,Chungthang,27.6167,88.65,9.58,2.018,46.32,0.0112
2023-10-03 10:00:00,dikchu,Dikchu,27.3833,88.6167,2.47,2.007,49.4,0.0086
2023-10-03 10:00:00,gangtok,Gangtok,27.3389,88.6065,2.07,,44.2,0.0225
2023-10-03 10:00:00,gyalshing,Gyalshing,27.2833,88.2667,1.63,,46.27,0.0256
2023-10-03 10:00:00,lachen,Lachen,27.7167,88.5567,8.24,2.944,47.26,0.0174
2023-10-03 10:00:00,mangan,Mangan,27.5167,88.5333,8.53,2.024,45.26,0.0015
2023-10-03 10:00:00,singtam,Singtam,27.2333,88.4833,4.02,1.952,47.4,0.0279
2023-10-03 10:10:00,chungthang,Chungthang,27.6167,88.65,10.44,1.964,46.26,0.0089
2023-10-03 10:10:00,dikchu,Dikchu,27.3833,88.6167,2.65,1.993,49.5,0.0193
2023-10-03 10:10:00,gangtok,Gangtok,27.3389,88.6065,2.25,,44.46,0.0367
2023-10-03 10:10:00,gyalshing,Gyalshing,27.2833,88.2667,1.65,,46.81,0.0254
2023-10-03 10:10:00,lachen,Lachen,27.7167,88.5567,10.08,2.99,47.29,0.0097
2023-10-03 10:10:00,mangan,Mangan,27.5167,88.5333,7.95,1.944,45.61,0.0111
2023-10-03 10:10:00,singtam,Singtam,27.2333,88.4833,2.32,2.03,47.45,0.0262
2023-10-03 10:20:00,chungthang,Chungthang,27.6167,88.65,8.6,1.998,46.11,0.0244
2023-10-03 10:20:00,dikchu,Dikchu,27.3833,88.6167,4.02,2.011,49.31,0.0314
2023-10-03 10:20:00,gangtok,Gangtok,27.3389,88.6065,2.33,,44.91,0.0096
2023-10-03 10:20:00,gyalshing,Gyalshing,27.2833,88.2667,1.7,,46.83,0.0024
2023-10-03 10:20:00,lachen,Lachen,27.7167,88.5567,8.79,2.99,47.14,0.0109
2023-10-03 10:20:00,mangan,Mangan,27.5167,88.5333,7.35,1.958,46.02,0.0023
2023-10-03 10:20:00,singtam,Singtam,27.2333,88.4833,2.49,1.975,47.62,0.0171
2023-10-03 10:30:00,chungthang,Chungthang,27.6167,88.65,9.23,2.05,46.15,0.0218
2023-10-03 10:30:00,dikchu,Dikchu,27.3833,88.6167,3.28,1.974,49.76,0.0483
2023-10-03 10:30:00,gangtok,Gangtok,27.3389,88.6065,2.52,,44.89,0.0226
2023-10-03 10:30:00,gyalshing,Gyalshing,27.2833,88.2667,1.84,,47.08,0.0046
2023-10-03 10:30:00,lachen,Lachen,27.7167,88.5567,9.43,2.996,47.15,0.0219
2023-10-03 10:30:00,mangan,Mangan,27.5167,88.5333,7.77,1.985,46.17,0.0072
2023-10-03 10:30:00,singtam,Singtam,27.2333,88.4833,5.25,2.061,47.76,0.0172
2023-10-03 10:40:00,chungthang,Chungthang,27.6167,88.65,11.0,2.051,45.89,0.0081
2023-10-03 10:40:00,dikchu,Dikchu,27.3833,88.6167,3.27,2.02,49.79,0.0185
2023-10-03 10:40:00,gangtok,Gangtok,27.3389,88.6065,3.14,,45.15,0.0078
2023-10-03 10:40:00,gyalshing,Gyalshing,27.2833,88.2667,3.09,,47.33,0.0162
2023-10-03 10:40:00,lachen,Lachen,27.7167,88.5567,10.25,2.983,47.52,0.0148
2023-10-03 10:40:00,mangan,Mangan,27.5167,88.5333,8.38,2.065,46.73,0.0266
2023-10-03 10:40:00,singtam,Singtam,27.2333,88.4833,3.38,2.04,48.11,0.0016
2023-10-03 10:50:00,chungthang,Chungthang,27.6167,88.65,10.73,2.03,46.03,0.0222
2023-10-03 10:50:00,dikchu,Dikchu,27.3833,88.6167,3.53,1.994,49.57,0.0253
2023-10-03 10:50:00,gangtok,Gangtok,27.3389,88.6065,2.9,,45.37,0.0326
2023-10-03 10:50:00,gyalshing,Gyalshing,27.2833,88.2667,2.3,,47.04,0.0024
2023-10-03 10:50:00,lachen,Lachen,27.7167,88.5567,11.26,2.987,47.67,0.0182
2023-10-03 10:50:00,mangan,Mangan,27.5167,88.5333,8.94,2.05,46.66,0.0111
2023-10-03 10:50:00,singtam,Singtam,27.2333,88.4833,3.55,2.048,48.45,0.003
2023-10-03 11:00:00,chungthang,Chungthang,27.6167,88.65,11.57,2.01,46.34,0.0148
2023-10-03 11:00:00,dikchu,Dikchu,27.3833,88.6167,6.14,1.985,49.5,0.0054
2023-10-03 11:00:00,gangtok,Gangtok,27.3389,88.6065,3.07,,45.56,0.0081
2023-10-03 11:00:00,gyalshing,Gyalshing,27.2833,88.2667,2.38,,47.24,0.0042
2023-10-03 11:00:00,lachen,Lachen,27.7167,88.5567,11.57,2.999,47.25,0.023
2023-10-03 11:00:00,mangan,Mangan,27.5167,88.5333,9.59,2.021,46.28,0.0097
2023-10-03 11:00:00,singtam,Singtam,27.2333,88.4833,11.28,2.027,48.6,0.0204
2023-10-03 11:10:00,chungthang,Chungthang,27.6167,88.65,12.27,1.97,46.35,0.0133
2023-10-03 11:10:00,dikchu,Dikchu,27.3833,88.6167,4.15,1.976,49.31,0.0328
2023-10-03 11:10:00,gangtok,Gangtok,27.3389,88.6065,3.29,,45.6,0.017
2023-10-03 11:10:00,gyalshing,Gyalshing,27.2833,88.2667,2.44,,47.02,0.0142
2023-10-03 11:10:00,lachen,Lachen,27.7167,88.5567,12.4,3.013,47.21,0.0223
2023-10-03 11:10:00,mangan,Mangan,27.5167,88.5333,10.52,2.011,46.58,0.007
2023-10-03 11:10:00,singtam,Singtam,27.2333,88.4833,3.62,1.972,49.14,0.0159
2023-10-03 11:20:00,chungthang,Chungthang,27.6167,88.65,12.92,2.022,46.34,0.0243
2023-10-03 11:20:00,dikchu,Dikchu,27.3833,88.6167,4.27,1.993,49.22,0.0196
2023-10-03 11:20:00,gangtok,Gangtok,27.3389,88.6065,3.61,,45.54,0.0167
2023-10-03 11:20:00,gyalshing,Gyalshing,27.2833,88.2667,2.56,,47.01,0.0104
2023-10-03 11:20:00,lachen,Lachen,27.7167,88.5567,13.8,2.991,47.68,0.0171
2023-10-03 11:20:00,mangan,Mangan,27.5167,88.5333,10.88,1.944,46.15,0.0184
2023-10-03 11:20:00,singtam,Singtam,27.2333,88.4833,4.95,1.95,49.39,0.0104
2023-10-03 11:30:00,chungthang,Chungthang,27.6167,88.65,14.05,1.995,46.47,0.0106
2023-10-03 11:30:00,dikchu,Dikchu,27.3833,88.6167,4.56,2.056,49.13,0.0199
2023-10-03 11:30:00,gangtok,Gangtok,27.3389,88.6065,3.73,,45.33,0.0004
2023-10-03 11:30:00,gyalshing,Gyalshing,27.2833,88.2667,2.73,,47.33,0.0043
2023-10-03 11:30:00,lachen,Lachen,27.7167,88.5567,14.27,2.988,47.64,0.0052
2023-10-03 11:30:00,mangan,Mangan,27.5167,88.5333,11.59,2.005,46.0,0.0134
2023-10-03 11:30:00,singtam,Singtam,27.2333,88.4833,4.38,2.045,49.3,0.0129
2023-10-03 11:40:00,chungthang,Chungthang,27.6167,88.65,18.16,2.017,46.01,0.0067
2023-10-03 11:40:00,dikchu,Dikchu,27.3833,88.6167,4.85,1.998,48.94,0.0093
2023-10-03 11:40:00,gangtok,Gangtok,27.3389,88.6065,4.85,,45.07,0.0232
2023-10-03 11:40:00,gyalshing,Gyalshing,27.2833,88.2667,2.91,,47.38,0.0204
2023-10-03 11:40:00,lachen,Lachen,27.7167,88.5567,14.97,3.003,47.21,0.0052
2023-10-03 11:40:00,mangan,Mangan,27.5167,88.5333,12.57,1.984,46.18,0.007
2023-10-03 11:40:00,singtam,Singtam,27.2333,88.4833,4.24,1.955,49.16,0.007
2023-10-03 11:50:00,chungthang,Chungthang,27.6167,88.65,15.82,1.981,46.19,0.0055
2023-10-03 11:50:00,dikchu,Dikchu,27.3833,88.6167,5.17,1.966,49.01,0.0077
2023-10-03 11:50:00,gangtok,Gangtok,27.3389,88.6065,4.53,,45.23,0.0002
2023-10-03 11:50:00,gyalshing,Gyalshing,27.2833,88.2667,3.23,,47.68,0.0121
2023-10-03 11:50:00,lachen,Lachen,27.7167,88.5567,15.96,2.942,47.72,0.0097
2023-10-03 11:50:00,mangan,Mangan,27.5167,88.5333,15.06,1.975,46.21,0.0128
2023-10-03 11:50:00,singtam,Singtam,27.2333,88.4833,4.51,2.048,49.48,0.0268
2023-10-03 12:00:00,chungthang,Chungthang,27.6167,88.65,16.59,1.995,47.02,0.0007
2023-10-03 12:00:00,dikchu,Dikchu,27.3833,88.6167,5.62,2.028,49.12,0.0004
2023-10-03 12:00:00,gangtok,Gangtok,27.3389,88.6065,4.6,,45.29,0.0023
2023-10-03 12:00:00,gyalshing,Gyalshing,27.2833,88.2667,3.61,,48.02,0.0107
2023-10-03 12:00:00,lachen,Lachen,27.7167,88.5567,17.3,3.014,47.91,0.0067
2023-10-03 12:00:00,mangan,Mangan,27.5167,88.5333,13.96,2.005,46.21,0.0138
2023-10-03 12:00:00,singtam,Singtam,27.2333,88.4833,5.22,2.02,49.29,0.034
2023-10-03 12:10:00,chungthang,Chungthang,27.6167,88.65,17.58,2.005,47.03,0.0139
2023-10-03 12:10:00,dikchu,Dikchu,27.3833,88.6167,5.82,1.986,48.88,0.0088
2023-10-03 12:10:00,gangtok,Gangtok,27.3389,88.6065,4.84,,45.19,0.0122
2023-10-03 12:10:00,gyalshing,Gyalshing,27.2833,88.2667,3.52,,47.62,0.0005
2023-10-03 12:10:00,lachen,Lachen,27.7167,88.5567,18.06,3.0,47.92,0.0169
2023-10-03 12:10:00,mangan,Mangan,27.5167,88.5333,14.86,1.986,45.97,0.0299
2023-10-03 12:10:00,singtam,Singtam,27.2333,88.4833,5.65,1.998,49.2,0.0239
2023-10-03 12:20:00,chungthang,Chungthang,27.6167,88.65,21.9,2.007,47.05,0.0216
2023-10-03 12:20:00,dikchu,Dikchu,27.3833,88.6167,6.56,2.009,48.49,0.0012
2023-10-03 12:20:00,gangtok,Gangtok,27.3389,88.6065,5.06,,45.41,0.0356
2023-10-03 12:20:00,gyalshing,Gyalshing,27.2833,88.2667,3.94,,47.1,0.0095
2023-10-03 12:20:00,lachen,Lachen,27.7167,88.5567,19.04,3.001,47.86,0.027
2023-10-03 12:20:00,mangan,Mangan,27.5167,88.5333,15.97,2.026,46.03,0.0007
2023-10-03 12:20:00,singtam,Singtam,27.2333,88.4833,6.64,2.013,49.17,0.0273
2023-10-03 12:30:00,chungthang,Chungthang,27.6167,88.65,21.22,2.015,47.29,0.0062
2023-10-03 12:30:00,dikchu,Dikchu,27.3833,88.6167,6.7,1.982,48.6,0.0152
2023-10-03 12:30:00,gangtok,Gangtok,27.3389,88.6065,5.56,,45.44,0.0078
2023-10-03 12:30:00,gyalshing,Gyalshing,27.2833,88.2667,3.91,,47.45,0.0181
2023-10-03 12:30:00,lachen,Lachen,27.7167,88.5567,20.19,3.029,48.16,0.0174
2023-10-03 12:30:00,mangan,Mangan,27.5167,88.5333,16.63,1.942,46.35,0.0033
2023-10-03 12:30:00,singtam,Singtam,27.2333,88.4833,5.72,2.014,49.28,0.028
2023-10-03 12:40:00,chungthang,Chungthang,27.6167,88.65,22.09,1.983,47.76,0.0209
2023-10-03 12:40:00,dikchu,Dikchu,27.3833,88.6167,7.12,2.038,48.77,0.0116
2023-10-03 12:40:00,gangtok,Gangtok,27.3389,88.6065,5.66,,45.29,0.04
2023-10-03 12:40:00,gyalshing,Gyalshing,27.2833,88.2667,6.47,,47.84,0.0203
2023-10-03 12:40:00,lachen,Lachen,27.7167,88.5567,21.42,2.941,48.06,0.0037
2023-10-03 12:40:00,mangan,Mangan,27.5167,88.5333,18.11,2.002,46.43,0.0186
2023-10-03 12:40:00,singtam,Singtam,27.2333,88.4833,6.23,1.994,49.26,0.0123
2023-10-03 12:50:00,chungthang,Chungthang,27.6167,88.65,22.06,1.96,48.05,0.0015
2023-10-03 12:50:00,dikchu,Dikchu,27.3833,88.6167,7.3,1.982,48.98,0.0122
2023-10-03 12:50:00,gangtok,Gangtok,27.3389,88.6065,6.01,,45.31,0.004
2023-10-03 12:50:00,gyalshing,Gyalshing,27.2833,88.2667,4.37,,47.96,0.0026
2023-10-03 12:50:00,lachen,Lachen,27.7167,88.5567,22.53,2.941,48.39,0.023
2023-10-03 12:50:00,mangan,Mangan,27.5167,88.5333,18.66,1.974,46.29,0.0098
2023-10-03 12:50:00,singtam,Singtam,27.2333,88.4833,6.43,2.043,48.94,0.0065
2023-10-03 13:00:00,chungthang,Chungthang,27.6167,88.65,23.28,2.049,47.56,0.0094
2023-10-03 13:00:00,dikchu,Dikchu,27.3833,88.6167,9.36,2.042,49.16,0.0145
2023-10-03 13:00:00,gangtok,Gangtok,27.3389,88.6065,6.31,,45.62,0.006
2023-10-03 13:00:00,gyalshing,Gyalshing,27.2833,88.2667,5.57,,48.14,0.0405
2023-10-03 13:00:00,lachen,Lachen,27.7167,88.5567,24.07,3.008,48.57,0.0009
2023-10-03 13:00:00,mangan,Mangan,27.5167,88.5333,20.18,1.988,46.05,0.0267
2023-10-03 13:00:00,singtam,Singtam,27.2333,88.4833,10.72,2.042,49.28,0.0323
2023-10-03 13:10:00,chungthang,Chungthang,27.6167,88.65,25.89,2.075,47.77,0.0292
2023-10-03 13:10:00,dikchu,Dikchu,27.3833,88.6167,8.36,1.969,49.6,0.0209
2023-10-03 13:10:00,gangtok,Gangtok,27.3389,88.6065,8.07,,45.47,0.004
2023-10-03 13:10:00,gyalshing,Gyalshing,27.2833,88.2667,5.08,,48.42,0.0113
2023-10-03 13:10:00,lachen,Lachen,27.7167,88.5567,25.1,3.0,48.68,0.0281
2023-10-03 13:10:00,mangan,Mangan,27.5167,88.5333,22.73,2.009,45.94,0.0099
2023-10-03 13:10:00,singtam,Singtam,27.2333,88.4833,7.1,2.005,49.21,0.0052
2023-10-03 13:20:00,chungthang,Chungthang,27.6167,88.65,25.84,2.013,48.48,0.0178
2023-10-03 13:20:00,dikchu,Dikchu,27.3833,88.6167,9.62,1.991,49.9,0.0154
2023-10-03 13:20:00,gangtok,Gangtok,27.3389,88.6065,7.04,,45.63,0.0031
2023-10-03 13:20:00,gyalshing,Gyalshing,27.2833,88.2667,5.12,,48.7,0.0267
2023-10-03 13:20:00,lachen,Lachen,27.7167,88.5567,26.65,3.005,48.76,0.0193
2023-10-03 13:20:00,mangan,Mangan,27.5167,88.5333,21.84,1.966,46.13,0.0041
2023-10-03 13:20:00,singtam,Singtam,27.2333,88.4833,7.48,1.982,49.76,0.0173
2023-10-03 13:30:00,chungthang,Chungthang,27.6167,88.65,27.18,1.96,48.69,0.0144
2023-10-03 13:30:00,dikchu,Dikchu,27.3833,88.6167,8.99,2.042,50.61,0.0186
2023-10-03 13:30:00,gangtok,Gangtok,27.3389,88.6065,7.36,,45.72,0.0298
2023-10-03 13:30:00,gyalshing,Gyalshing,27.2833,88.2667,5.47,,48.68,0.0141
2023-10-03 13:30:00,lachen,Lachen,27.7167,88.5567,28.17,2.986,48.76,0.0074
2023-10-03 13:30:00,mangan,Mangan,27.5167,88.5333,23.69,2.005,46.31,0.0242
2023-10-03 13:30:00,singtam,Singtam,27.2333,88.4833,7.98,2.039,49.88,0.0051
2023-10-03 13:40:00,chungthang,Chungthang,27.6167,88.65,29.91,1.977,48.47,0.0042
2023-10-03 13:40:00,dikchu,Dikchu,27.3833,88.6167,10.06,2.005,51.42,0.0239
2023-10-03 13:40:00,gangtok,Gangtok,27.3389,88.6065,7.83,,45.64,0.0027
2023-10-03 13:40:00,gyalshing,Gyalshing,27.2833,88.2667,5.66,,48.98,0.0152
2023-10-03 13:40:00,lachen,Lachen,27.7167,88.5567,29.37,3.02,49.08,0.0068
2023-10-03 13:40:00,mangan,Mangan,27.5167,88.5333,24.04,1.994,46.21,0.01
2023-10-03 13:40:00,singtam,Singtam,27.2333,88.4833,8.7,1.939,50.24,0.0022
2023-10-03 13:50:00,chungthang,Chungthang,27.6167,88.65,29.97,2.015,48.61,0.0152
2023-10-03 13:50:00,dikchu,Dikchu,27.3833,88.6167,10.0,2.068,51.01,0.0031
2023-10-03 13:50:00,gangtok,Gangtok,27.3389,88.6065,8.88,,45.61,0.0021
2023-10-03 13:50:00,gyalshing,Gyalshing,27.2833,88.2667,6.52,,48.97,0.0001
2023-10-03 13:50:00,lachen,Lachen,27.7167,88.5567,32.54,3.028,48.92,0.0129
2023-10-03 13:50:00,mangan,Mangan,27.5167,88.5333,28.24,1.98,45.77,0.0286
2023-10-03 13:50:00,singtam,Singtam,27.2333,88.4833,9.13,2.013,50.45,0.0313
2023-10-03 14:00:00,chungthang,Chungthang,27.6167,88.65,31.63,2.04,48.36,0.0141
2023-10-03 14:00:00,dikchu,Dikchu,27.3833,88.6167,11.02,1.992,50.51,0.0431
2023-10-03 14:00:00,gangtok,Gangtok,27.3389,88.6065,8.52,,45.34,0.0156
2023-10-03 14:00:00,gyalshing,Gyalshing,27.2833,88.2667,6.42,,49.11,0.0118
2023-10-03 14:00:00,lachen,Lachen,27.7167,88.5567,32.28,3.015,48.59,0.0329
2023-10-03 14:00:00,mangan,Mangan,27.5167,88.5333,26.56,1.986,46.0,0.0326
2023-10-03 14:00:00,singtam,Singtam,27.2333,88.4833,9.09,2.022,50.83,0.0066
2023-10-03 14:10:00,chungthang,Chungthang,27.6167,88.65,32.9,1.964,48.75,0.0321
2023-10-03 14:10:00,dikchu,Dikchu,27.3833,88.6167,10.89,2.008,50.56,0.0206
2023-10-03 14:10:00,gangtok,Gangtok,27.3389,88.6065,10.35,,45.52,0.0349
2023-10-03 14:10:00,gyalshing,Gyalshing,27.2833,88.2667,6.57,,49.24,0.0405
2023-10-03 14:10:00,lachen,Lachen,27.7167,88.5567,34.63,2.992,48.82,0.0175
2023-10-03 14:10:00,mangan,Mangan,27.5167,88.5333,28.75,1.995,45.9,0.0204
2023-10-03 14:10:00,singtam,Singtam,27.2333,88.4833,9.54,1.975,51.02,0.0029
2023-10-03 14:20:00,chungthang,Chungthang,27.6167,88.65,34.72,1.996,48.6,0.0316
2023-10-03 14:20:00,dikchu,Dikchu,27.3833,88.6167,11.52,2.057,50.73,0.0032
2023-10-03 14:20:00,gangtok,Gangtok,27.3389,88.6065,9.94,,45.3,0.0066
2023-10-03 14:20:00,gyalshing,Gyalshing,27.2833,88.2667,6.82,,49.11,0.0227
2023-10-03 14:20:00,lachen,Lachen,27.7167,88.5567,36.47,2.937,49.06,0.0067
2023-10-03 14:20:00,mangan,Mangan,27.5167,88.5333,30.42,1.977,46.21,0.0507
2023-10-03 14:20:00,singtam,Singtam,27.2333,88.4833,10.36,2.029,51.14,0.0198
2023-10-03 14:30:00,chungthang,Chungthang,27.6167,88.65,36.67,2.006,48.71,0.0067
2023-10-03 14:30:00,dikchu,Dikchu,27.3833,88.6167,12.19,1.955,50.77,0.0018
2023-10-03 14:30:00,gangtok,Gangtok,27.3389,88.6065,10.11,,45.68,0.0049
2023-10-03 14:30:00,gyalshing,Gyalshing,27.2833,88.2667,7.13,,49.0,0.0063
2023-10-03 14:30:00,lachen,Lachen,27.7167,88.5567,36.72,3.023,49.27,0.0021
2023-10-03 14:30:00,mangan,Mangan,27.5167,88.5333,33.14,2.0,46.16,0.008
2023-10-03 14:30:00,singtam,Singtam,27.2333,88.4833,12.01,1.999,51.49,0.0131
2023-10-03 14:40:00,chungthang,Chungthang,27.6167,88.65,38.38,2.026,48.58,0.0035
2023-10-03 14:40:00,dikchu,Dikchu,27.3833,88.6167,14.83,1.951,51.03,0.0022
2023-10-03 14:40:00,gangtok,Gangtok,27.3389,88.6065,10.43,,45.81,0.0212
2023-10-03 14:40:00,gyalshing,Gyalshing,27.2833,88.2667,7.99,,49.67,0.0137
2023-10-03 14:40:00,lachen,Lachen,27.7167,88.5567,39.69,3.037,49.46,0.0218
2023-10-03 14:40:00,mangan,Mangan,27.5167,88.5333,31.82,1.992,46.05,0.0368
2023-10-03 14:40:00,singtam,Singtam,27.2333,88.4833,11.43,1.984,52.17,0.0177
2023-10-03 14:50:00,chungthang,Chungthang,27.6167,88.65,39.35,1.99,48.55,0.0291
2023-10-03 14:50:00,dikchu,Dikchu,27.3833,88.6167,13.68,1.976,51.04,0.0092
2023-10-03 14:50:00,gangtok,Gangtok,27.3389,88.6065,11.01,,45.81,0.0009
2023-10-03 14:50:00,gyalshing,Gyalshing,27.2833,88.2667,7.85,,49.54,0.0148
2023-10-03 14:50:00,lachen,Lachen,27.7167,88.5567,39.98,3.019,49.48,0.0066
2023-10-03 14:50:00,mangan,Mangan,27.5167,88.5333,32.95,1.982,46.22,0.0066
2023-10-03 14:50:00,singtam,Singtam,27.2333,88.4833,11.33,2.029,52.15,0.0106
2023-10-03 15:00:00,chungthang,Chungthang,27.6167,88.65,40.75,1.953,49.03,0.0121
2023-10-03 15:00:00,dikchu,Dikchu,27.3833,88.6167,14.49,2.024,50.96,0.0231
2023-10-03 15:00:00,gangtok,Gangtok,27.3389,88.6065,11.04,,46.26,0.0029
2023-10-03 15:00:00,gyalshing,Gyalshing,27.2833,88.2667,8.43,,49.75,0.0059
2023-10-03 15:00:00,lachen,Lachen,27.7167,88.5567,41.61,2.974,49.78,0.0322
2023-10-03 15:00:00,mangan,Mangan,27.5167,88.5333,34.31,2.048,46.96,0.0018
2023-10-03 15:00:00,singtam,Singtam,27.2333,88.4833,16.26,1.967,52.45,0.0145
2023-10-03 15:10:00,chungthang,Chungthang,27.6167,88.65,44.44,2.019,49.18,0.008
2023-10-03 15:10:00,dikchu,Dikchu,27.3833,88.6167,14.15,1.952,50.91,0.0091
2023-10-03 15:10:00,gangtok,Gangtok,27.3389,88.6065,11.49,,46.17,0.0125
2023-10-03 15:10:00,gyalshing,Gyalshing,27.2833,88.2667,9.57,,50.02,0.0251
2023-10-03 15:10:00,lachen,Lachen,27.7167,88.5567,44.52,3.02,49.87,0.0098
2023-10-03 15:10:00,mangan,Mangan,27.5167,88.5333,36.04,2.012,47.3,0.0153
2023-10-03 15:10:00,singtam,Singtam,27.2333,88.4833,12.27,2.026,52.52,0.0022
2023-10-03 15:20:00,chungthang,Chungthang,27.6167,88.65,48.26,2.034,49.17,0.0079
2023-10-03 15:20:00,dikchu,Dikchu,27.3833,88.6167,15.05,2.018,50.96,0.0169
2023-10-03 15:20:00,gangtok,Gangtok,27.3389,88.6065,11.94,,46.14,0.0159
2023-10-03 15:20:00,gyalshing,Gyalshing,27.2833,88.2667,10.11,,50.13,0.0144
2023-10-03 15:20:00,lachen,Lachen,27.7167,88.5567,45.05,3.026,49.86,0.0079
2023-10-03 15:20:00,mangan,Mangan,27.5167,88.5333,37.15,1.989,47.48,0.0343
2023-10-03 15:20:00,singtam,Singtam,27.2333,88.4833,13.07,1.941,52.72,0.0229
2023-10-03 15:30:00,chungthang,Chungthang,27.6167,88.65,45.89,1.998,49.01,0.003
2023-10-03 15:30:00,dikchu,Dikchu,27.3833,88.6167,15.13,2.016,51.26,0.0118
2023-10-03 15:30:00,gangtok,Gangtok,27.3389,88.6065,12.47,,45.86,0.0081
2023-10-03 15:30:00,gyalshing,Gyalshing,27.2833,88.2667,9.34,,50.42,0.0139
2023-10-03 15:30:00,lachen,Lachen,27.7167,88.5567,47.04,3.047,49.9,0.055
2023-10-03 15:30:00,mangan,Mangan,27.5167,88.5333,38.54,2.004,47.72,0.0014
2023-10-03 15:30:00,singtam,Singtam,27.2333,88.4833,13.24,2.009,52.81,0.0407
2023-10-03 15:40:00,chungthang,Chungthang,27.6167,88.65,47.41,2.012,48.68,0.0132
2023-10-03 15:40:00,dikchu,Dikchu,27.3833,88.6167,15.68,2.06,51.24,0.0179
2023-10-03 15:40:00,gangtok,Gangtok,27.3389,88.6065,12.84,,46.35,0.0045
2023-10-03 15:40:00,gyalshing,Gyalshing,27.2833,88.2667,9.45,,50.63,0.0583
2023-10-03 15:40:00,lachen,Lachen,27.7167,88.5567,48.46,2.974,50.52,0.0008
2023-10-03 15:40:00,mangan,Mangan,27.5167,88.5333,44.84,1.969,47.45,0.0013
2023-10-03 15:40:00,singtam,Singtam,27.2333,88.4833,14.18,2.001,52.35,0.0219
2023-10-03 15:50:00,chungthang,Chungthang,27.6167,88.65,49.58,1.986,48.51,0.0296
2023-10-03 15:50:00,dikchu,Dikchu,27.3833,88.6167,16.33,2.031,51.28,0.0317
2023-10-03 15:50:00,gangtok,Gangtok,27.3389,88.6065,13.31,,47.01,0.0118
2023-10-03 15:50:00,gyalshing,Gyalshing,27.2833,88.2667,9.82,,50.53,0.0111
2023-10-03 15:50:00,lachen,Lachen,27.7167,88.5567,50.16,2.993,50.21,0.0063
2023-10-03 15:50:00,mangan,Mangan,27.5167,88.5333,41.32,1.987,47.34,0.0372
2023-10-03 15:50:00,singtam,Singtam,27.2333,88.4833,14.82,1.984,52.4,0.0154
2023-10-03 16:00:00,chungthang,Chungthang,27.6167,88.65,50.94,1.975,48.69,0.0098
2023-10-03 16:00:00,dikchu,Dikchu,27.3833,88.6167,18.59,2.011,51.52,0.0266
2023-10-03 16:00:00,gangtok,Gangtok,27.3389,88.6065,13.84,,46.77,0.0172
2023-10-03 16:00:00,gyalshing,Gyalshing,27.2833,88.2667,10.12,,50.8,0.011
2023-10-03 16:00:00,lachen,Lachen,27.7167,88.5567,52.47,3.022,50.45,0.0164
2023-10-03 16:00:00,mangan,Mangan,27.5167,88.5333,43.06,1.99,46.89,0.0247
2023-10-03 16:00:00,singtam,Singtam,27.2333,88.4833,14.71,2.012,52.75,0.0261
2023-10-03 16:10:00,chungthang,Chungthang,27.6167,88.65,52.47,2.031,49.1,0.0161
2023-10-03 16:10:00,dikchu,Dikchu,27.3833,88.6167,17.91,2.041,51.6,0.0465
2023-10-03 16:10:00,gangtok,Gangtok,27.3389,88.6065,17.93,,46.81,0.0026
2023-10-03 16:10:00,gyalshing,Gyalshing,27.2833,88.2667,10.6,,50.8,0.0041
2023-10-03 16:10:00,lachen,Lachen,27.7167,88.5567,53.58,3.002,50.17,0.0216
2023-10-03 16:10:00,mangan,Mangan,27.5167,88.5333,45.29,1.963,47.52,0.0076
2023-10-03 16:10:00,singtam,Singtam,27.2333,88.4833,15.22,1.998,52.66,0.0194
2023-10-03 16:20:00,chungthang,Chungthang,27.6167,88.65,54.18,2.012,49.13,0.0019
2023-10-03 16:20:00,dikchu,Dikchu,27.3833,88.6167,18.78,2.016,52.01,0.0243
2023-10-03 16:20:00,gangtok,Gangtok,27.3389,88.6065,14.68,,47.01,0.0185
2023-10-03 16:20:00,gyalshing,Gyalshing,27.2833,88.2667,10.73,,51.36,0.0126
2023-10-03 16:20:00,lachen,Lachen,27.7167,88.5567,55.3,2.966,50.3,0.0065
2023-10-03 16:20:00,mangan,Mangan,27.5167,88.5333,46.53,2.012,48.1,0.0186
2023-10-03 16:20:00,singtam,Singtam,27.2333,88.4833,16.52,2.032,53.02,0.0115
2023-10-03 16:30:00,chungthang,Chungthang,27.6167,88.65,56.18,2.015,49.7,0.0025
2023-10-03 16:30:00,dikchu,Dikchu,27.3833,88.6167,18.48,1.986,51.92,0.0134
2023-10-03 16:30:00,gangtok,Gangtok,27.3389,88.6065,16.38,,47.07,0.0041
2023-10-03 16:30:00,gyalshing,Gyalshing,27.2833,88.2667,11.06,,51.61,0.0119
2023-10-03 16:30:00,lachen,Lachen,27.7167,88.5567,58.33,3.012,50.35,0.0035
2023-10-03 16:30:00,mangan,Mangan,27.5167,88.5333,49.75,1.985,48.4,0.0207
2023-10-03 16:30:00,singtam,Singtam,27.2333,88.4833,16.17,2.017,53.17,0.0117
2023-10-03 16:40:00,chungthang,Chungthang,27.6167,88.65,59.63,2.045,49.7,0.0243
2023-10-03 16:40:00,dikchu,Dikchu,27.3833,88.6167,19.05,1.966,51.74,0.0169
2023-10-03 16:40:00,gangtok,Gangtok,27.3389,88.6065,15.91,,47.27,0.0047
2023-10-03 16:40:00,gyalshing,Gyalshing,27.2833,88.2667,14.01,,51.62,0.0099
2023-10-03 16:40:00,lachen,Lachen,27.7167,88.5567,58.85,3.017,49.99,0.0075
2023-10-03 16:40:00,mangan,Mangan,27.5167,88.5333,48.41,1.989,48.63,0.0225
2023-10-03 16:40:00,singtam,Singtam,27.2333,88.4833,16.66,2.014,53.25,0.0027
2023-10-03 16:50:00,chungthang,Chungthang,27.6167,88.65,59.38,1.968,49.82,0.012
2023-10-03 16:50:00,dikchu,Dikchu,27.3833,88.6167,19.67,1.983,51.97,0.0142
2023-10-03 16:50:00,gangtok,Gangtok,27.3389,88.6065,16.04,,47.46,0.0062
2023-10-03 16:50:00,gyalshing,Gyalshing,27.2833,88.2667,11.73,,51.86,0.0193
2023-10-03 16:50:00,lachen,Lachen,27.7167,88.5567,60.4,3.003,50.27,0.0383
2023-10-03 16:50:00,mangan,Mangan,27.5167,88.5333,49.81,1.983,48.44,0.0005
2023-10-03 16:50:00,singtam,Singtam,27.2333,88.4833,19.1,2.009,53.62,0.0071
2023-10-03 17:00:00,chungthang,Chungthang,27.6167,88.65,60.8,1.983,49.74,0.0153
2023-10-03 17:00:00,dikchu,Dikchu,27.3833,88.6167,20.2,1.999,52.23,0.0384
2023-10-03 17:00:00,gangtok,Gangtok,27.3389,88.6065,18.13,,47.81,0.0273
2023-10-03 17:00:00,gyalshing,Gyalshing,27.2833,88.2667,12.04,,51.79,0.0174
2023-10-03 17:00:00,lachen,Lachen,27.7167,88.5567,62.19,3.007,50.35,0.0226
2023-10-03 17:00:00,mangan,Mangan,27.5167,88.5333,51.19,2.089,48.59,0.0111
2023-10-03 17:00:00,singtam,Singtam,27.2333,88.4833,18.07,1.986,53.92,0.004
2023-10-03 17:10:00,chungthang,Chungthang,27.6167,88.65,63.76,2.005,50.17,0.0008
2023-10-03 17:10:00,dikchu,Dikchu,27.3833,88.6167,20.65,2.005,52.17,0.0193
2023-10-03 17:10:00,gangtok,Gangtok,27.3389,88.6065,20.29,,47.82,0.0098
2023-10-03 17:10:00,gyalshing,Gyalshing,27.2833,88.2667,14.96,,52.06,0.017
2023-10-03 17:10:00,lachen,Lachen,27.7167,88.5567,63.72,2.992,50.02,0.0192
2023-10-03 17:10:00,mangan,Mangan,27.5167,88.5333,52.91,1.98,49.26,0.0104
2023-10-03 17:10:00,singtam,Singtam,27.2333,88.4833,18.06,1.991,54.16,0.0168
2023-10-03 17:20:00,chungthang,Chungthang,27.6167,88.65,64.01,1.983,50.89,0.0298
2023-10-03 17:20:00,dikchu,Dikchu,27.3833,88.6167,21.29,1.936,52.68,0.0112
2023-10-03 17:20:00,gangtok,Gangtok,27.3389,88.6065,17.37,,48.08,0.0052
2023-10-03 17:20:00,gyalshing,Gyalshing,27.2833,88.2667,13.59,,52.19,0.0422
2023-10-03 17:20:00,lachen,Lachen,27.7167,88.5567,67.69,3.044,50.43,0.0422
2023-10-03 17:20:00,mangan,Mangan,27.5167,88.5333,53.86,1.938,49.5,0.0113
2023-10-03 17:20:00,singtam,Singtam,27.2333,88.4833,18.82,2.007,54.55,0.0379
2023-10-03 17:30:00,chungthang,Chungthang,27.6167,88.65,66.19,2.023,50.65,0.0258
2023-10-03 17:30:00,dikchu,Dikchu,27.3833,88.6167,22.05,1.993,53.33,0.0136
2023-10-03 17:30:00,gangtok,Gangtok,27.3389,88.6065,18.58,,48.05,0.0128
2023-10-03 17:30:00,gyalshing,Gyalshing,27.2833,88.2667,15.34,,52.19,0.0394
2023-10-03 17:30:00,lachen,Lachen,27.7167,88.5567,66.92,2.973,51.0,0.0153
2023-10-03 17:30:00,mangan,Mangan,27.5167,88.5333,55.39,1.952,49.57,0.0095
2023-10-03 17:30:00,singtam,Singtam,27.2333,88.4833,20.01,1.995,54.75,0.0195
2023-10-03 17:40:00,chungthang,Chungthang,27.6167,88.65,67.04,1.994,50.77,0.0039
2023-10-03 17:40:00,dikchu,Dikchu,27.3833,88.6167,22.65,2.001,53.34,0.0103
2023-10-03 17:40:00,gangtok,Gangtok,27.3389,88.6065,18.33,,48.1,0.0032
2023-10-03 17:40:00,gyalshing,Gyalshing,27.2833,88.2667,13.29,,52.15,0.016
2023-10-03 17:40:00,lachen,Lachen,27.7167,88.5567,68.63,2.982,51.56,0.008
2023-10-03 17:40:00,mangan,Mangan,27.5167,88.5333,56.51,2.023,49.33,0.0253
2023-10-03 17:40:00,singtam,Singtam,27.2333,88.4833,19.42,2.033,54.48,0.0134
2023-10-03 17:50:00,chungthang,Chungthang,27.6167,88.65,68.72,1.97,51.3,0.0052
2023-10-03 17:50:00,dikchu,Dikchu,27.3833,88.6167,22.67,2.016,53.89,0.0043
2023-10-03 17:50:00,gangtok,Gangtok,27.3389,88.6065,18.61,,47.92,0.0037
2023-10-03 17:50:00,gyalshing,Gyalshing,27.2833,88.2667,13.62,,52.95,0.0008
2023-10-03 17:50:00,lachen,Lachen,27.7167,88.5567,70.14,3.0,51.85,0.0349
2023-10-03 17:50:00,mangan,Mangan,27.5167,88.5333,62.34,2.04,49.93,0.0052
2023-10-03 17:50:00,singtam,Singtam,27.2333,88.4833,20.42,2.003,54.55,0.0111
2023-10-03 18:00:00,chungthang,Chungthang,27.6167,88.65,69.99,2.002,51.15,0.0101
2023-10-03 18:00:00,dikchu,Dikchu,27.3833,88.6167,23.14,2.049,53.47,0.0096
2023-10-03 18:00:00,gangtok,Gangtok,27.3389,88.6065,19.19,,48.08,0.0098
2023-10-03 18:00:00,gyalshing,Gyalshing,27.2833,88.2667,13.88,,53.14,0.0011
2023-10-03 18:00:00,lachen,Lachen,27.7167,88.5567,71.42,3.026,52.07,0.0154
2023-10-03 18:00:00,mangan,Mangan,27.5167,88.5333,58.87,1.98,50.15,0.0072
2023-10-03 18:00:00,singtam,Singtam,27.2333,88.4833,20.38,2.011,54.26,0.0212
2023-10-03 18:10:00,chungthang,Chungthang,27.6167,88.65,71.3,2.005,51.52,0.0036
2023-10-03 18:10:00,dikchu,Dikchu,27.3833,88.6167,23.71,2.006,53.93,0.0282
2023-10-03 18:10:00,gangtok,Gangtok,27.3389,88.6065,19.38,,48.2,0.031
2023-10-03 18:10:00,gyalshing,Gyalshing,27.2833,88.2667,14.12,,53.21,0.0065
2023-10-03 18:10:00,lachen,Lachen,27.7167,88.5567,73.25,2.955,52.61,0.0111
2023-10-03 18:10:00,mangan,Mangan,27.5167,88.5333,60.11,2.038,49.95,0.0152
2023-10-03 18:10:00,singtam,Singtam,27.2333,88.4833,21.06,1.958,54.6,0.0112
2023-10-03 18:20:00,chungthang,Chungthang,27.6167,88.65,72.62,2.028,52.05,0.0336
2023-10-03 18:20:00,dikchu,Dikchu,27.3833,88.6167,24.04,1.973,53.9,0.0159
2023-10-03 18:20:00,gangtok,Gangtok,27.3389,88.6065,20.12,,48.71,0.0069
2023-10-03 18:20:00,gyalshing,Gyalshing,27.2833,88.2667,15.8,,53.27,0.0039
2023-10-03 18:20:00,lachen,Lachen,27.7167,88.5567,74.67,2.961,53.24,0.0261
2023-10-03 18:20:00,mangan,Mangan,27.5167,88.5333,61.84,2.022,49.97,0.0031
2023-10-03 18:20:00,singtam,Singtam,27.2333,88.4833,22.82,2.028,55.0,0.0265
2023-10-03 18:30:00,chungthang,Chungthang,27.6167,88.65,74.9,2.012,52.29,0.0016
2023-10-03 18:30:00,dikchu,Dikchu,27.3833,88.6167,24.49,1.945,54.33,0.0041
2023-10-03 18:30:00,gangtok,Gangtok,27.3389,88.6065,20.68,,48.96,0.0069
2023-10-03 18:30:00,gyalshing,Gyalshing,27.2833,88.2667,15.32,,53.61,0.0437
2023-10-03 18:30:00,lachen,Lachen,27.7167,88.5567,75.44,2.939,53.73,0.0148
2023-10-03 18:30:00,mangan,Mangan,27.5167,88.5333,63.05,1.994,49.91,0.0048
2023-10-03 18:30:00,singtam,Singtam,27.2333,88.4833,21.39,1.983,55.38,0.001
2023-10-03 18:40:00,chungthang,Chungthang,27.6167,88.65,75.08,2.014,52.66,0.0081
2023-10-03 18:40:00,dikchu,Dikchu,27.3833,88.6167,24.9,2.021,54.28,0.003
2023-10-03 18:40:00,gangtok,Gangtok,27.3389,88.6065,21.82,,49.28,0.0058
2023-10-03 18:40:00,gyalshing,Gyalshing,27.2833,88.2667,14.87,,53.65,0.0306
2023-10-03 18:40:00,lachen,Lachen,27.7167,88.5567,76.92,3.001,53.71,0.0202
2023-10-03 18:40:00,mangan,Mangan,27.5167,88.5333,64.03,1.992,50.14,0.0111
2023-10-03 18:40:00,singtam,Singtam,27.2333,88.4833,21.73,1.969,55.68,0.0202
2023-10-03 18:50:00,chungthang,Chungthang,27.6167,88.65,76.37,2.01,53.33,0.0092
2023-10-03 18:50:00,dikchu,Dikchu,27.3833,88.6167,26.93,1.974,54.48,0.039
2023-10-03 18:50:00,gangtok,Gangtok,27.3389,88.6065,22.09,,49.57,0.0207
2023-10-03 18:50:00,gyalshing,Gyalshing,27.2833,88.2667,15.1,,53.59,0.0235
2023-10-03 18:50:00,lachen,Lachen,27.7167,88.5567,79.21,2.966,53.97,0.0272
2023-10-03 18:50:00,mangan,Mangan,27.5167,88.5333,64.23,2.005,50.46,0.0029
2023-10-03 18:50:00,singtam,Singtam,27.2333,88.4833,22.06,2.049,56.1,0.0175
2023-10-03 19:00:00,chungthang,Chungthang,27.6167,88.65,79.97,1.994,54.05,0.0243
2023-10-03 19:00:00,dikchu,Dikchu,27.3833,88.6167,25.58,2.026,54.48,0.0076
2023-10-03 19:00:00,gangtok,Gangtok,27.3389,88.6065,20.95,,49.32,0.0144
2023-10-03 19:00:00,gyalshing,Gyalshing,27.2833,88.2667,19.11,,53.86,0.0335
2023-10-03 19:00:00,lachen,Lachen,27.7167,88.5567,79.77,2.988,54.3,0.0215
2023-10-03 19:00:00,mangan,Mangan,27.5167,88.5333,66.3,2.026,50.61,0.0432
2023-10-03 19:00:00,singtam,Singtam,27.2333,88.4833,22.69,2.021,55.89,0.0345
2023-10-03 19:10:00,chungthang,Chungthang,27.6167,88.65,80.03,1.979,54.26,0.0111
2023-10-03 19:10:00,dikchu,Dikchu,27.3833,88.6167,26.95,2.042,54.66,0.0068
2023-10-03 19:10:00,gangtok,Gangtok,27.3389,88.6065,21.99,,49.11,0.0354
2023-10-03 19:10:00,gyalshing,Gyalshing,27.2833,88.2667,15.57,,54.07,0.0178
2023-10-03 19:10:00,lachen,Lachen,27.7167,88.5567,80.13,3.02,54.07,0.0081
2023-10-03 19:10:00,mangan,Mangan,27.5167,88.5333,66.41,2.012,51.08,0.0424
2023-10-03 19:10:00,singtam,Singtam,27.2333,88.4833,22.81,2.029,56.06,0.0177
2023-10-03 19:20:00,chungthang,Chungthang,27.6167,88.65,79.26,2.009,54.36,0.0164
2023-10-03 19:20:00,dikchu,Dikchu,27.3833,88.6167,26.43,1.954,55.33,0.002
2023-10-03 19:20:00,gangtok,Gangtok,27.3389,88.6065,21.48,,49.33,0.0139
2023-10-03 19:20:00,gyalshing,Gyalshing,27.2833,88.2667,18.39,,54.24,0.0002
2023-10-03 19:20:00,lachen,Lachen,27.7167,88.5567,81.2,2.981,54.42,0.0206
2023-10-03 19:20:00,mangan,Mangan,27.5167,88.5333,69.9,1.98,51.39,0.0211
2023-10-03 19:20:00,singtam,Singtam,27.2333,88.4833,23.28,2.014,55.9,0.0008
2023-10-03 19:30:00,chungthang,Chungthang,27.6167,88.65,80.78,1.99,54.36,0.022
2023-10-03 19:30:00,dikchu,Dikchu,27.3833,88.6167,27.27,2.017,55.52,0.004
2023-10-03 19:30:00,gangtok,Gangtok,27.3389,88.6065,21.89,,49.7,0.0308
2023-10-03 19:30:00,gyalshing,Gyalshing,27.2833,88.2667,15.85,,54.22,0.004
2023-10-03 19:30:00,lachen,Lachen,27.7167,88.5567,81.77,3.007,55.22,0.0043
2023-10-03 19:30:00,mangan,Mangan,27.5167,88.5333,67.56,1.995,51.93,0.0183
2023-10-03 19:30:00,singtam,Singtam,27.2333,88.4833,23.49,1.997,56.01,0.0218
2023-10-03 19:40:00,chungthang,Chungthang,27.6167,88.65,80.81,2.051,54.84,0.0259
2023-10-03 19:40:00,dikchu,Dikchu,27.3833,88.6167,27.58,2.039,56.27,0.0444
2023-10-03 19:40:00,gangtok,Gangtok,27.3389,88.6065,28.12,,50.0,0.0068
2023-10-03 19:40:00,gyalshing,Gyalshing,27.2833,88.2667,16.68,,54.32,0.0099
2023-10-03 19:40:00,lachen,Lachen,27.7167,88.5567,82.59,2.991,55.6,0.0055
2023-10-03 19:40:00,mangan,Mangan,27.5167,88.5333,74.8,2.059,52.15,0.0212
2023-10-03 19:40:00,singtam,Singtam,27.2333,88.4833,23.44,1.992,56.62,0.0023
2023-10-03 19:50:00,chungthang,Chungthang,27.6167,88.65,81.46,2.04,54.74,0.0025
2023-10-03 19:50:00,dikchu,Dikchu,27.3833,88.6167,27.42,2.031,56.39,0.0013
2023-10-03 19:50:00,gangtok,Gangtok,27.3389,88.6065,22.09,,50.08,0.015
2023-10-03 19:50:00,gyalshing,Gyalshing,27.2833,88.2667,16.32,,54.43,0.0349
2023-10-03 19:50:00,lachen,Lachen,27.7167,88.5567,83.61,3.02,56.2,0.0099
2023-10-03 19:50:00,mangan,Mangan,27.5167,88.5333,68.61,2.008,53.18,0.0211
2023-10-03 19:50:00,singtam,Singtam,27.2333,88.4833,23.72,2.023,57.09,0.0349
2023-10-03 20:00:00,chungthang,Chungthang,27.6167,88.65,82.09,2.019,54.92,0.023
2023-10-03 20:00:00,dikchu,Dikchu,27.3833,88.6167,27.16,1.937,56.98,0.0113
2023-10-03 20:00:00,gangtok,Gangtok,27.3389,88.6065,22.54,,50.32,0.0197
2023-10-03 20:00:00,gyalshing,Gyalshing,27.2833,88.2667,16.62,,54.52,0.0002
2023-10-03 20:00:00,lachen,Lachen,27.7167,88.5567,83.84,3.014,56.46,0.0111
2023-10-03 20:00:00,mangan,Mangan,27.5167,88.5333,69.19,2.026,53.31,0.008
2023-10-03 20:00:00,singtam,Singtam,27.2333,88.4833,23.82,2.034,57.46,0.0089
2023-10-03 20:10:00,chungthang,Chungthang,27.6167,88.65,82.95,2.011,55.18,0.043
2023-10-03 20:10:00,dikchu,Dikchu,27.3833,88.6167,27.32,1.974,56.73,0.0374
2023-10-03 20:10:00,gangtok,Gangtok,27.3389,88.6065,22.7,,50.56,0.0193
2023-10-03 20:10:00,gyalshing,Gyalshing,27.2833,88.2667,16.38,,54.84,0.0016
2023-10-03 20:10:00,lachen,Lachen,27.7167,88.5567,84.3,2.979,56.67,0.0117
2023-10-03 20:10:00,mangan,Mangan,27.5167,88.5333,72.41,2.016,53.37,0.0048
2023-10-03 20:10:00,singtam,Singtam,27.2333,88.4833,23.9,1.998,57.61,0.0196
2023-10-03 20:20:00,chungthang,Chungthang,27.6167,88.65,83.32,1.997,55.31,0.0404
2023-10-03 20:20:00,dikchu,Dikchu,27.3833,88.6167,28.34,1.962,56.89,0.0062
2023-10-03 20:20:00,gangtok,Gangtok,27.3389,88.6065,22.5,,51.06,0.0185
2023-10-03 20:20:00,gyalshing,Gyalshing,27.2833,88.2667,16.6,,55.65,0.0016
2023-10-03 20:20:00,lachen,Lachen,27.7167,88.5567,84.86,2.995,56.99,0.0124
2023-10-03 20:20:00,mangan,Mangan,27.5167,88.5333,70.02,2.008,53.38,0.0399
2023-10-03 20:20:00,singtam,Singtam,27.2333,88.4833,28.82,2.062,57.61,0.0254
2023-10-03 20:30:00,chungthang,Chungthang,27.6167,88.65,83.3,1.962,55.63,0.0085
2023-10-03 20:30:00,dikchu,Dikchu,27.3833,88.6167,29.72,2.016,57.0,0.0321
2023-10-03 20:30:00,gangtok,Gangtok,27.3389,88.6065,23.29,,51.55,0.0162
2023-10-03 20:30:00,gyalshing,Gyalshing,27.2833,88.2667,16.95,,56.23,0.0273
2023-10-03 20:30:00,lachen,Lachen,27.7167,88.5567,85.08,3.031,57.01,0.0088
2023-10-03 20:30:00,mangan,Mangan,27.5167,88.5333,70.21,2.003,53.61,0.0002
2023-10-03 20:30:00,singtam,Singtam,27.2333,88.4833,24.13,1.994,57.86,0.0346
2023-10-03 20:40:00,chungthang,Chungthang,27.6167,88.65,83.54,1.994,56.52,0.0028
2023-10-03 20:40:00,dikchu,Dikchu,27.3833,88.6167,27.87,2.012,57.62,0.0148
2023-10-03 20:40:00,gangtok,Gangtok,27.3389,88.6065,22.67,,51.7,0.0107
2023-10-03 20:40:00,gyalshing,Gyalshing,27.2833,88.2667,16.58,,56.92,0.0089
2023-10-03 20:40:00,lachen,Lachen,27.7167,88.5567,85.73,3.012,57.01,0.0012
2023-10-03 20:40:00,mangan,Mangan,27.5167,88.5333,70.32,2.027,53.46,0.0141
2023-10-03 20:40:00,singtam,Singtam,27.2333,88.4833,24.83,1.958,58.35,0.0238
2023-10-03 20:50:00,chungthang,Chungthang,27.6167,88.65,83.7,2.003,56.73,0.0114
2023-10-03 20:50:00,dikchu,Dikchu,27.3833,88.6167,27.69,1.919,57.88,0.0249
2023-10-03 20:50:00,gangtok,Gangtok,27.3389,88.6065,22.85,,52.0,0.0196
2023-10-03 20:50:00,gyalshing,Gyalshing,27.2833,88.2667,17.34,,57.02,0.0212
2023-10-03 20:50:00,lachen,Lachen,27.7167,88.5567,85.84,2.958,57.56,0.0088
2023-10-03 20:50:00,mangan,Mangan,27.5167,88.5333,70.53,2.022,53.83,0.0104
2023-10-03 20:50:00,singtam,Singtam,27.2333,88.4833,24.35,1.948,58.66,0.0167
2023-10-03 21:00:00,chungthang,Chungthang,27.6167,88.65,84.98,2.007,56.87,0.0145
2023-10-03 21:00:00,dikchu,Dikchu,27.3833,88.6167,27.7,1.991,57.58,0.036
2023-10-03 21:00:00,gangtok,Gangtok,27.3389,88.6065,22.68,,52.38,0.0403
2023-10-03 21:00:00,gyalshing,Gyalshing,27.2833,88.2667,16.61,,57.66,0.0081
2023-10-03 21:00:00,lachen,Lachen,27.7167,88.5567,86.31,3.02,58.14,0.003
2023-10-03 21:00:00,mangan,Mangan,27.5167,88.5333,70.54,2.008,53.63,0.0118
2023-10-03 21:00:00,singtam,Singtam,27.2333,88.4833,24.25,1.949,58.46,0.0067
2023-10-03 21:10:00,chungthang,Chungthang,27.6167,88.65,83.98,2.014,57.37,0.0055
2023-10-03 21:10:00,dikchu,Dikchu,27.3833,88.6167,28.08,2.024,57.49,0.0073
2023-10-03 21:10:00,gangtok,Gangtok,27.3389,88.6065,23.14,,52.8,0.0056
2023-10-03 21:10:00,gyalshing,Gyalshing,27.2833,88.2667,16.58,,57.91,0.0046
2023-10-03 21:10:00,lachen,Lachen,27.7167,88.5567,86.11,2.967,58.12,0.011
2023-10-03 21:10:00,mangan,Mangan,27.5167,88.5333,71.19,1.979,53.96,0.0212
2023-10-03 21:10:00,singtam,Singtam,27.2333,88.4833,24.8,1.988,58.7,0.0116
2023-10-03 21:20:00,chungthang,Chungthang,27.6167,88.65,84.77,2.028,57.67,0.0199
2023-10-03 21:20:00,dikchu,Dikchu,27.3833,88.6167,27.92,2.004,57.48,0.0014
2023-10-03 21:20:00,gangtok,Gangtok,27.3389,88.6065,22.64,,53.52,0.044
2023-10-03 21:20:00,gyalshing,Gyalshing,27.2833,88.2667,16.55,,58.38,0.0538
2023-10-03 21:20:00,lachen,Lachen,27.7167,88.5567,86.22,3.042,58.6,0.0412
2023-10-03 21:20:00,mangan,Mangan,27.5167,88.5333,70.9,2.012,53.92,0.017
2023-10-03 21:20:00,singtam,Singtam,27.2333,88.4833,24.92,1.993,58.44,0.0032
2023-10-03 21:30:00,chungthang,Chungthang,27.6167,88.65,83.33,1.979,58.27,0.0104
2023-10-03 21:30:00,dikchu,Dikchu,27.3833,88.6167,27.62,2.004,57.95,0.0236
2023-10-03 21:30:00,gangtok,Gangtok,27.3389,88.6065,23.37,,53.82,0.011
2023-10-03 21:30:00,gyalshing,Gyalshing,27.2833,88.2667,16.63,,58.72,0.0185
2023-10-03 21:30:00,lachen,Lachen,27.7167,88.5567,85.05,3.031,58.8,0.0188
2023-10-03 21:30:00,mangan,Mangan,27.5167,88.5333,70.12,1.998,54.12,0.0268
2023-10-03 21:30:00,singtam,Singtam,27.2333,88.4833,24.57,2.02,58.87,0.0059
2023-10-03 21:40:00,chungthang,Chungthang,27.6167,88.65,82.97,1.98,58.54,0.0352
2023-10-03 21:40:00,dikchu,Dikchu,27.3833,88.6167,29.44,1.989,58.41,0.0126
2023-10-03 21:40:00,gangtok,Gangtok,27.3389,88.6065,22.65,,54.39,0.0219
2023-10-03 21:40:00,gyalshing,Gyalshing,27.2833,88.2667,16.62,,58.86,0.0155
2023-10-03 21:40:00,lachen,Lachen,27.7167,88.5567,84.85,3.009,59.12,0.0195
2023-10-03 21:40:00,mangan,Mangan,27.5167,88.5333,70.48,1.991,54.56,0.0117
2023-10-03 21:40:00,singtam,Singtam,27.2333,88.4833,24.21,1.999,58.91,0.0076
2023-10-03 21:50:00,chungthang,Chungthang,27.6167,88.65,84.36,2.044,58.72,0.0104
2023-10-03 21:50:00,dikchu,Dikchu,27.3833,88.6167,27.4,1.968,58.55,0.0117
2023-10-03 21:50:00,gangtok,Gangtok,27.3389,88.6065,23.66,,54.4,0.0602
2023-10-03 21:50:00,gyalshing,Gyalshing,27.2833,88.2667,17.63,,59.27,0.0049
2023-10-03 21:50:00,lachen,Lachen,27.7167,88.5567,84.79,3.005,59.45,0.0618
2023-10-03 21:50:00,mangan,Mangan,27.5167,88.5333,69.52,2.08,55.43,0.0096
2023-10-03 21:50:00,singtam,Singtam,27.2333,88.4833,25.16,2.025,58.84,0.0028
2023-10-03 22:00:00,chungthang,Chungthang,27.6167,88.65,82.06,2.023,58.5,0.0393
2023-10-03 22:00:00,dikchu,Dikchu,27.3833,88.6167,28.26,1.999,58.63,0.0179
2023-10-03 22:00:00,gangtok,Gangtok,27.3389,88.6065,22.27,,54.53,0.0048
2023-10-03 22:00:00,gyalshing,Gyalshing,27.2833,88.2667,18.61,,59.65,0.0402
2023-10-03 22:00:00,lachen,Lachen,27.7167,88.5567,84.51,2.994,59.93,0.0103
2023-10-03 22:00:00,mangan,Mangan,27.5167,88.5333,69.87,1.954,55.45,0.0218
2023-10-03 22:00:00,singtam,Singtam,27.2333,88.4833,23.79,2.001,59.26,0.0152
2023-10-03 22:10:00,chungthang,Chungthang,27.6167,88.65,81.54,1.988,58.34,0.018
2023-10-03 22:10:00,dikchu,Dikchu,27.3833,88.6167,27.39,2.002,59.04,0.0177
2023-10-03 22:10:00,gangtok,Gangtok,27.3389,88.6065,22.17,,54.29,0.0249
2023-10-03 22:10:00,gyalshing,Gyalshing,27.2833,88.2667,16.22,,59.42,0.0077
2023-10-03 22:10:00,lachen,Lachen,27.7167,88.5567,83.24,3.02,60.17,0.0097
2023-10-03 22:10:00,mangan,Mangan,27.5167,88.5333,69.17,2.029,55.7,0.0185
2023-10-03 22:10:00,singtam,Singtam,27.2333,88.4833,25.09,2.0,59.62,0.017
2023-10-03 22:20:00,chungthang,Chungthang,27.6167,88.65,82.16,1.997,58.12,0.0361
2023-10-03 22:20:00,dikchu,Dikchu,27.3833,88.6167,26.74,2.018,58.99,0.0278
2023-10-03 22:20:00,gangtok,Gangtok,27.3389,88.6065,21.9,,54.6,0.0103
2023-10-03 22:20:00,gyalshing,Gyalshing,27.2833,88.2667,16.08,,59.6,0.012
2023-10-03 22:20:00,lachen,Lachen,27.7167,88.5567,82.49,2.989,60.73,0.0141
2023-10-03 22:20:00,mangan,Mangan,27.5167,88.5333,68.09,1.974,55.79,0.0085
2023-10-03 22:20:00,singtam,Singtam,27.2333,88.4833,23.42,1.983,59.9,0.0021
2023-10-03 22:30:00,chungthang,Chungthang,27.6167,88.65,80.51,1.997,58.46,0.0522
2023-10-03 22:30:00,dikchu,Dikchu,27.3833,88.6167,26.49,2.021,59.33,0.0079
2023-10-03 22:30:00,gangtok,Gangtok,27.3389,88.6065,21.7,,55.06,0.0013
2023-10-03 22:30:00,gyalshing,Gyalshing,27.2833,88.2667,23.85,,60.15,0.0101
2023-10-03 22:30:00,lachen,Lachen,27.7167,88.5567,81.9,3.007,61.02,0.0202
2023-10-03 22:30:00,mangan,Mangan,27.5167,88.5333,69.47,2.004,55.84,0.0486
2023-10-03 22:30:00,singtam,Singtam,27.2333,88.4833,23.17,2.043,60.65,0.0025
2023-10-03 22:40:00,chungthang,Chungthang,27.6167,88.65,79.43,2.001,58.37,0.0115
2023-10-03 22:40:00,dikchu,Dikchu,27.3833,88.6167,26.21,2.003,59.65,0.0085
2023-10-03 22:40:00,gangtok,Gangtok,27.3389,88.6065,21.51,,54.71,0.0134
2023-10-03 22:40:00,gyalshing,Gyalshing,27.2833,88.2667,17.26,,60.46,0.0212
2023-10-03 22:40:00,lachen,Lachen,27.7167,88.5567,81.02,3.026,61.38,0.0089
2023-10-03 22:40:00,mangan,Mangan,27.5167,88.5333,66.67,2.077,55.95,0.0047
2023-10-03 22:40:00,singtam,Singtam,27.2333,88.4833,22.95,1.954,61.02,0.0086
2023-10-03 22:50:00,chungthang,Chungthang,27.6167,88.65,78.27,2.014,58.92,0.0299
2023-10-03 22:50:00,dikchu,Dikchu,27.3833,88.6167,25.98,2.033,59.8,0.0253
2023-10-03 22:50:00,gangtok,Gangtok,27.3389,88.6065,21.33,,55.05,0.0185
2023-10-03 22:50:00,gyalshing,Gyalshing,27.2833,88.2667,15.84,,60.79,0.0174
2023-10-03 22:50:00,lachen,Lachen,27.7167,88.5567,80.03,2.983,61.38,0.0101
2023-10-03 22:50:00,mangan,Mangan,27.5167,88.5333,65.9,1.971,56.43,0.0102
2023-10-03 22:50:00,singtam,Singtam,27.2333,88.4833,23.09,2.009,61.04,0.022
2023-10-03 23:00:00,chungthang,Chungthang,27.6167,88.65,77.28,2.076,59.17,0.0005
2023-10-03 23:00:00,dikchu,Dikchu,27.3833,88.6167,25.58,1.989,60.12,0.0211
2023-10-03 23:00:00,gangtok,Gangtok,27.3389,88.6065,22.11,,55.5,0.0085
2023-10-03 23:00:00,gyalshing,Gyalshing,27.2833,88.2667,15.45,,60.81,0.0055
2023-10-03 23:00:00,lachen,Lachen,27.7167,88.5567,78.91,2.982,62.11,0.013
2023-10-03 23:00:00,mangan,Mangan,27.5167,88.5333,67.74,1.978,56.57,0.0158
2023-10-03 23:00:00,singtam,Singtam,27.2333,88.4833,22.42,1.995,61.36,0.0069
2023-10-03 23:10:00,chungthang,Chungthang,27.6167,88.65,76.32,2.006,59.34,0.0212
2023-10-03 23:10:00,dikchu,Dikchu,27.3833,88.6167,25.24,1.957,60.34,0.0356
2023-10-03 23:10:00,gangtok,Gangtok,27.3389,88.6065,23.68,,55.96,0.0079
2023-10-03 23:10:00,gyalshing,Gyalshing,27.2833,88.2667,16.47,,61.1,0.0191
2023-10-03 23:10:00,lachen,Lachen,27.7167,88.5567,78.87,2.964,62.42,0.0035
2023-10-03 23:10:00,mangan,Mangan,27.5167,88.5333,64.2,1.999,57.4,0.0085
2023-10-03 23:10:00,singtam,Singtam,27.2333,88.4833,22.94,2.023,61.47,0.0162
2023-10-03 23:20:00,chungthang,Chungthang,27.6167,88.65,75.12,2.02,59.36,0.0138
2023-10-03 23:20:00,dikchu,Dikchu,27.3833,88.6167,25.66,2.014,60.69,0.0065
2023-10-03 23:20:00,gangtok,Gangtok,27.3389,88.6065,22.07,,55.95,0.0034
2023-10-03 23:20:00,gyalshing,Gyalshing,27.2833,88.2667,15.2,,61.2,0.0047
2023-10-03 23:20:00,lachen,Lachen,27.7167,88.5567,76.73,2.968,62.78,0.0028
2023-10-03 23:20:00,mangan,Mangan,27.5167,88.5333,63.21,1.975,57.75,0.0142
2023-10-03 23:20:00,singtam,Singtam,27.2333,88.4833,21.87,1.999,61.98,0.0436
2023-10-03 23:30:00,chungthang,Chungthang,27.6167,88.65,73.88,1.949,59.75,0.0125
2023-10-03 23:30:00,dikchu,Dikchu,27.3833,88.6167,25.24,2.004,60.57,0.0119
2023-10-03 23:30:00,gangtok,Gangtok,27.3389,88.6065,20.43,,56.43,0.0176
2023-10-03 23:30:00,gyalshing,Gyalshing,27.2833,88.2667,15.52,,61.36,0.0041
2023-10-03 23:30:00,lachen,Lachen,27.7167,88.5567,75.44,2.945,62.56,0.0217
2023-10-03 23:30:00,mangan,Mangan,27.5167,88.5333,62.2,2.027,57.75,0.0092
2023-10-03 23:30:00,singtam,Singtam,27.2333,88.4833,26.29,2.0,62.28,0.0154
2023-10-03 23:40:00,chungthang,Chungthang,27.6167,88.65,72.62,1.985,59.77,0.0051
2023-10-03 23:40:00,dikchu,Dikchu,27.3833,88.6167,26.41,2.015,60.95,0.0032
2023-10-03 23:40:00,gangtok,Gangtok,27.3389,88.6065,19.96,,56.7,0.0134
2023-10-03 23:40:00,gyalshing,Gyalshing,27.2833,88.2667,14.79,,61.39,0.0274
2023-10-03 23:40:00,lachen,Lachen,27.7167,88.5567,74.8,3.022,62.54,0.0173
2023-10-03 23:40:00,mangan,Mangan,27.5167,88.5333,62.78,1.984,57.9,0.0047
2023-10-03 23:40:00,singtam,Singtam,27.2333,88.4833,21.76,1.992,62.55,0.0269
2023-10-03 23:50:00,chungthang,Chungthang,27.6167,88.65,73.63,2.037,59.76,0.0316
2023-10-03 23:50:00,dikchu,Dikchu,27.3833,88.6167,24.03,1.962,61.4,0.0084
2023-10-03 23:50:00,gangtok,Gangtok,27.3389,88.6065,19.32,,57.1,0.0083
2023-10-03 23:50:00,gyalshing,Gyalshing,27.2833,88.2667,14.15,,61.77,0.0396
2023-10-03 23:50:00,lachen,Lachen,27.7167,88.5567,74.43,3.054,63.04,0.0032
2023-10-03 23:50:00,mangan,Mangan,27.5167,88.5333,60.63,2.02,57.95,0.0297
2023-10-03 23:50:00,singtam,Singtam,27.2333,88.4833,20.75,2.042,62.37,0.0146
2023-10-04 00:00:00,chungthang,Chungthang,27.6167,88.65,70.11,2.012,60.28,0.0088
2023-10-04 00:00:00,dikchu,Dikchu,27.3833,88.6167,23.19,2.054,61.67,0.0072
2023-10-04 00:00:00,gangtok,Gangtok,27.3389,88.6065,18.95,,57.32,0.02
2023-10-04 00:00:00,gyalshing,Gyalshing,27.2833,88.2667,14.28,,62.0,0.0259
2023-10-04 00:00:00,lachen,Lachen,27.7167,88.5567,71.81,3.043,63.28,0.0134
2023-10-04 00:00:00,mangan,Mangan,27.5167,88.5333,59.91,1.96,58.4,0.0164
2023-10-04 00:00:00,singtam,Singtam,27.2333,88.4833,20.25,2.0,62.56,0.0048
2023-10-04 00:10:00,chungthang,Chungthang,27.6167,88.65,68.75,1.868,60.58,0.0187
2023-10-04 00:10:00,dikchu,Dikchu,27.3833,88.6167,22.67,2.021,62.01,0.013
2023-10-04 00:10:00,gangtok,Gangtok,27.3389,88.6065,18.64,,57.67,0.0141
2023-10-04 00:10:00,gyalshing,Gyalshing,27.2833,88.2667,17.16,,62.3,0.0499
2023-10-04 00:10:00,lachen,Lachen,27.7167,88.5567,69.95,2.951,62.98,0.0227
2023-10-04 00:10:00,mangan,Mangan,27.5167,88.5333,57.68,1.946,58.23,0.0144
2023-10-04 00:10:00,singtam,Singtam,27.2333,88.4833,19.9,2.059,62.71,0.0017
2023-10-04 00:20:00,chungthang,Chungthang,27.6167,88.65,68.28,2.02,60.73,0.0433
2023-10-04 00:20:00,dikchu,Dikchu,27.3833,88.6167,22.18,1.991,62.16,0.0056
2023-10-04 00:20:00,gangtok,Gangtok,27.3389,88.6065,18.22,,58.19,0.0129
2023-10-04 00:20:00,gyalshing,Gyalshing,27.2833,88.2667,13.37,,62.99,0.0242
2023-10-04 00:20:00,lachen,Lachen,27.7167,88.5567,68.54,3.022,63.41,0.0155
2023-10-04 00:20:00,mangan,Mangan,27.5167,88.5333,56.43,1.993,58.12,0.0226
2023-10-04 00:20:00,singtam,Singtam,27.2333,88.4833,23.36,2.008,62.66,0.0372
2023-10-04 00:30:00,chungthang,Chungthang,27.6167,88.65,66.5,2.058,61.09,0.0017
2023-10-04 00:30:00,dikchu,Dikchu,27.3833,88.6167,23.3,1.972,62.58,0.0201
2023-10-04 00:30:00,gangtok,Gangtok,27.3389,88.6065,18.24,,58.35,0.0046
2023-10-04 00:30:00,gyalshing,Gyalshing,27.2833,88.2667,12.99,,63.25,0.0019
2023-10-04 00:30:00,lachen,Lachen,27.7167,88.5567,68.38,3.043,63.44,0.0321
2023-10-04 00:30:00,mangan,Mangan,27.5167,88.5333,55.17,1.953,58.21,0.0296
2023-10-04 00:30:00,singtam,Singtam,27.2333,88.4833,20.22,2.001,62.79,0.0097
2023-10-04 00:40:00,chungthang,Chungthang,27.6167,88.65,65.59,1.94,61.3,0.0082
2023-10-04 00:40:00,dikchu,Dikchu,27.3833,88.6167,21.17,2.032,62.76,0.0074
2023-10-04 00:40:00,gangtok,Gangtok,27.3389,88.6065,17.34,,58.65,0.0351
2023-10-04 00:40:00,gyalshing,Gyalshing,27.2833,88.2667,12.75,,63.71,0.0193
2023-10-04 00:40:00,lachen,Lachen,27.7167,88.5567,66.81,2.986,63.96,0.0063
2023-10-04 00:40:00,mangan,Mangan,27.5167,88.5333,55.1,2.046,58.62,0.0061
2023-10-04 00:40:00,singtam,Singtam,27.2333,88.4833,18.52,1.996,63.04,0.0382
2023-10-04 00:50:00,chungthang,Chungthang,27.6167,88.65,63.3,2.046,61.59,0.0045
2023-10-04 00:50:00,dikchu,Dikchu,27.3833,88.6167,20.71,1.967,62.64,0.0173
2023-10-04 00:50:00,gangtok,Gangtok,27.3389,88.6065,19.17,,59.2,0.0205
2023-10-04 00:50:00,gyalshing,Gyalshing,27.2833,88.2667,12.36,,63.93,0.0022
2023-10-04 00:50:00,lachen,Lachen,27.7167,88.5567,64.06,3.003,64.09,0.0033
2023-10-04 00:50:00,mangan,Mangan,27.5167,88.5333,52.62,1.954,59.16,0.0041
2023-10-04 00:50:00,singtam,Singtam,27.2333,88.4833,18.18,2.017,63.16,0.0143
2023-10-04 01:00:00,chungthang,Chungthang,27.6167,88.65,60.82,1.917,61.56,0.0192
2023-10-04 01:00:00,dikchu,Dikchu,27.3833,88.6167,20.34,2.068,63.01,0.01
2023-10-04 01:00:00,gangtok,Gangtok,27.3389,88.6065,16.79,,59.39,0.0083
2023-10-04 01:00:00,gyalshing,Gyalshing,27.2833,88.2667,12.12,,63.99,0.0205
2023-10-04 01:00:00,lachen,Lachen,27.7167,88.5567,62.1,2.94,64.28,0.0161
2023-10-04 01:00:00,mangan,Mangan,27.5167,88.5333,51.18,1.969,59.72,0.0257
2023-10-04 01:00:00,singtam,Singtam,27.2333,88.4833,17.64,1.982,62.96,0.0217
2023-10-04 01:10:00,chungthang,Chungthang,27.6167,88.65,59.39,2.028,62.26,0.0075
2023-10-04 01:10:00,dikchu,Dikchu,27.3833,88.6167,19.59,1.982,62.75,0.0113
2023-10-04 01:10:00,gangtok,Gangtok,27.3389,88.6065,24.03,,59.41,0.0277
2023-10-04 01:10:00,gyalshing,Gyalshing,27.2833,88.2667,12.4,,63.87,0.0025
2023-10-04 01:10:00,lachen,Lachen,27.7167,88.5567,60.41,3.008,64.72,0.0383
2023-10-04 01:10:00,mangan,Mangan,27.5167,88.5333,50.33,2.012,60.04,0.0208
2023-10-04 01:10:00,singtam,Singtam,27.2333,88.4833,17.18,2.004,63.02,0.0072
2023-10-04 01:20:00,chungthang,Chungthang,27.6167,88.65,57.53,2.0,62.29,0.0023
2023-10-04 01:20:00,dikchu,Dikchu,27.3833,88.6167,19.24,2.052,62.94,0.0037
2023-10-04 01:20:00,gangtok,Gangtok,27.3389,88.6065,15.59,,59.79,0.0073
2023-10-04 01:20:00,gyalshing,Gyalshing,27.2833,88.2667,11.41,,64.06,0.0082
2023-10-04 01:20:00,lachen,Lachen,27.7167,88.5567,58.77,2.968,64.63,0.2426
2023-10-04 01:20:00,mangan,Mangan,27.5167,88.5333,49.69,1.982,60.23,0.0479
2023-10-04 01:20:00,singtam,Singtam,27.2333,88.4833,16.64,2.0,63.05,0.0215
2023-10-04 01:30:00,chungthang,Chungthang,27.6167,88.65,56.01,1.93,62.85,0.031
2023-10-04 01:30:00,dikchu,Dikchu,27.3833,88.6167,18.86,1.994,63.0,0.0359
2023-10-04 01:30:00,gangtok,Gangtok,27.3389,88.6065,16.79,,60.36,0.0158
2023-10-04 01:30:00,gyalshing,Gyalshing,27.2833,88.2667,11.16,,63.51,0.0053
2023-10-04 01:30:00,lachen,Lachen,27.7167,88.5567,58.1,3.006,64.51,0.8259
2023-10-04 01:30:00,mangan,Mangan,27.5167,88.5333,47.43,1.954,60.62,0.0015
2023-10-04 01:30:00,singtam,Singtam,27.2333,88.4833,16.77,2.01,63.24,0.009
2023-10-04 01:40:00,chungthang,Chungthang,27.6167,88.65,55.67,2.013,62.94,0.0752
2023-10-04 01:40:00,dikchu,Dikchu,27.3833,88.6167,20.84,2.047,63.07,0.0391
2023-10-04 01:40:00,gangtok,Gangtok,27.3389,88.6065,14.68,,60.86,0.0135
2023-10-04 01:40:00,gyalshing,Gyalshing,27.2833,88.2667,10.82,,63.72,0.0068
2023-10-04 01:40:00,lachen,Lachen,27.7167,88.5567,55.3,5.62,64.6,0.8154
2023-10-04 01:40:00,mangan,Mangan,27.5167,88.5333,45.59,2.061,60.53,0.0052
2023-10-04 01:40:00,singtam,Singtam,27.2333,88.4833,17.25,2.011,63.41,0.0002
2023-10-04 01:50:00,chungthang,Chungthang,27.6167,88.65,52.47,2.035,63.29,0.0991
2023-10-04 01:50:00,dikchu,Dikchu,27.3833,88.6167,17.36,1.978,63.26,0.0167
2023-10-04 01:50:00,gangtok,Gangtok,27.3389,88.6065,14.69,,61.23,0.0074
2023-10-04 01:50:00,gyalshing,Gyalshing,27.2833,88.2667,11.88,,63.94,0.0337
2023-10-04 01:50:00,lachen,Lachen,27.7167,88.5567,53.93,8.35,64.93,0.2504
2023-10-04 01:50:00,mangan,Mangan,27.5167,88.5333,46.46,1.97,60.26,0.026
2023-10-04 01:50:00,singtam,Singtam,27.2333,88.4833,15.44,2.012,63.45,0.0126
2023-10-04 02:00:00,chungthang,Chungthang,27.6167,88.65,51.18,2.011,63.62,0.1955
2023-10-04 02:00:00,dikchu,Dikchu,27.3833,88.6167,19.07,2.001,63.24,0.0024
2023-10-04 02:00:00,gangtok,Gangtok,27.3389,88.6065,13.76,,60.81,0.0015
2023-10-04 02:00:00,gyalshing,Gyalshing,27.2833,88.2667,10.09,,64.02,0.0325
2023-10-04 02:00:00,lachen,Lachen,27.7167,88.5567,54.43,11.031,64.73,0.0253
2023-10-04 02:00:00,mangan,Mangan,27.5167,88.5333,42.98,1.994,60.54,0.0139
2023-10-04 02:00:00,singtam,Singtam,27.2333,88.4833,14.7,2.003,63.47,0.02
2023-10-04 02:10:00,chungthang,Chungthang,27.6167,88.65,49.08,2.018,64.04,0.3182
2023-10-04 02:10:00,dikchu,Dikchu,27.3833,88.6167,16.26,2.024,63.5,0.0272
2023-10-04 02:10:00,gangtok,Gangtok,27.3389,88.6065,13.31,,60.79,0.0038
2023-10-04 02:10:00,gyalshing,Gyalshing,27.2833,88.2667,9.79,,64.12,0.0014
2023-10-04 02:10:00,lachen,Lachen,27.7167,88.5567,50.12,10.866,64.43,0.0009
2023-10-04 02:10:00,mangan,Mangan,27.5167,88.5333,41.86,1.994,60.48,0.0024
2023-10-04 02:10:00,singtam,Singtam,27.2333,88.4833,14.24,2.047,63.61,0.0083
2023-10-04 02:20:00,chungthang,Chungthang,27.6167,88.65,47.5,1.988,63.96,0.3567
2023-10-04 02:20:00,dikchu,Dikchu,27.3833,88.6167,16.53,2.02,63.65,0.0044
2023-10-04 02:20:00,gangtok,Gangtok,27.3389,88.6065,14.18,,60.83,0.0296
2023-10-04 02:20:00,gyalshing,Gyalshing,27.2833,88.2667,9.86,,63.93,0.004
2023-10-04 02:20:00,lachen,Lachen,27.7167,88.5567,48.39,10.747,64.74,0.0007
2023-10-04 02:20:00,mangan,Mangan,27.5167,88.5333,42.01,2.021,60.65,0.013
2023-10-04 02:20:00,singtam,Singtam,27.2333,88.4833,13.72,2.013,63.98,0.0201
2023-10-04 02:30:00,chungthang,Chungthang,27.6167,88.65,46.52,1.944,64.35,0.3245
2023-10-04 02:30:00,dikchu,Dikchu,27.3833,88.6167,15.14,2.033,63.63,0.0158
2023-10-04 02:30:00,gangtok,Gangtok,27.3389,88.6065,12.39,,61.0,0.0281
2023-10-04 02:30:00,gyalshing,Gyalshing,27.2833,88.2667,9.95,,64.41,0.001
2023-10-04 02:30:00,lachen,Lachen,27.7167,88.5567,46.68,10.609,64.69,0.0377
2023-10-04 02:30:00,mangan,Mangan,27.5167,88.5333,38.49,2.014,60.83,0.0228
2023-10-04 02:30:00,singtam,Singtam,27.2333,88.4833,13.27,2.078,64.16,0.0307
2023-10-04 02:40:00,chungthang,Chungthang,27.6167,88.65,44.39,2.021,64.92,0.2096
2023-10-04 02:40:00,dikchu,Dikchu,27.3833,88.6167,15.77,1.985,64.06,0.0326
2023-10-04 02:40:00,gangtok,Gangtok,27.3389,88.6065,12.57,,61.57,0.0132
2023-10-04 02:40:00,gyalshing,Gyalshing,27.2833,88.2667,8.73,,64.43,0.008
2023-10-04 02:40:00,lachen,Lachen,27.7167,88.5567,45.41,10.56,64.71,0.0079
2023-10-04 02:40:00,mangan,Mangan,27.5167,88.5333,37.26,1.975,61.06,0.0074
2023-10-04 02:40:00,singtam,Singtam,27.2333,88.4833,12.75,2.001,64.62,0.0224
2023-10-04 02:50:00,chungthang,Chungthang,27.6167,88.65,44.18,3.104,64.97,0.09
2023-10-04 02:50:00,dikchu,Dikchu,27.3833,88.6167,14.32,2.003,64.22,0.0321
2023-10-04 02:50:00,gangtok,Gangtok,27.3389,88.6065,12.12,,61.46,0.0149
2023-10-04 02:50:00,gyalshing,Gyalshing,27.2833,88.2667,8.4,,64.29,0.0107
2023-10-04 02:50:00,lachen,Lachen,27.7167,88.5567,43.39,10.446,64.35,0.0011
2023-10-04 02:50:00,mangan,Mangan,27.5167,88.5333,35.96,1.99,61.45,0.0063
2023-10-04 02:50:00,singtam,Singtam,27.2333,88.4833,18.61,2.029,65.06,0.0047
2023-10-04 03:00:00,chungthang,Chungthang,27.6167,88.65,40.75,4.4,65.08,0.0471
2023-10-04 03:00:00,dikchu,Dikchu,27.3833,88.6167,13.49,2.037,64.49,0.0077
2023-10-04 03:00:00,gangtok,Gangtok,27.3389,88.6065,11.05,,62.17,0.0038
2023-10-04 03:00:00,gyalshing,Gyalshing,27.2833,88.2667,8.14,,64.54,0.0306
2023-10-04 03:00:00,lachen,Lachen,27.7167,88.5567,42.4,10.314,64.29,0.0056
2023-10-04 03:00:00,mangan,Mangan,27.5167,88.5333,34.31,1.993,61.81,0.0117
2023-10-04 03:00:00,singtam,Singtam,27.2333,88.4833,11.96,1.978,65.53,0.0198
2023-10-04 03:10:00,chungthang,Chungthang,27.6167,88.65,39.25,5.621,65.04,0.0247
2023-10-04 03:10:00,dikchu,Dikchu,27.3833,88.6167,12.95,1.979,64.94,0.0175
2023-10-04 03:10:00,gangtok,Gangtok,27.3389,88.6065,11.17,,62.21,0.0195
2023-10-04 03:10:00,gyalshing,Gyalshing,27.2833,88.2667,7.8,,64.66,0.0014
2023-10-04 03:10:00,lachen,Lachen,27.7167,88.5567,39.98,10.272,64.39,0.0049
2023-10-04 03:10:00,mangan,Mangan,27.5167,88.5333,32.99,2.022,62.0,0.0409
2023-10-04 03:10:00,singtam,Singtam,27.2333,88.4833,11.4,2.042,65.95,0.0046
2023-10-04 03:20:00,chungthang,Chungthang,27.6167,88.65,38.37,6.949,65.05,0.0031
2023-10-04 03:20:00,dikchu,Dikchu,27.3833,88.6167,14.73,2.017,65.39,0.0002
2023-10-04 03:20:00,gangtok,Gangtok,27.3389,88.6065,10.63,,62.16,0.0011
2023-10-04 03:20:00,gyalshing,Gyalshing,27.2833,88.2667,11.31,,64.72,0.0488
2023-10-04 03:20:00,lachen,Lachen,27.7167,88.5567,38.34,10.145,64.73,0.0098
2023-10-04 03:20:00,mangan,Mangan,27.5167,88.5333,31.71,1.965,62.03,0.0845
2023-10-04 03:20:00,singtam,Singtam,27.2333,88.4833,10.88,1.979,66.42,0.012
2023-10-04 03:30:00,chungthang,Chungthang,27.6167,88.65,35.96,7.291,65.57,0.014
2023-10-04 03:30:00,dikchu,Dikchu,27.3833,88.6167,11.9,1.993,65.61,0.0133
2023-10-04 03:30:00,gangtok,Gangtok,27.3389,88.6065,10.66,,62.51,0.0311
2023-10-04 03:30:00,gyalshing,Gyalshing,27.2833,88.2667,7.13,,64.69,0.0106
2023-10-04 03:30:00,lachen,Lachen,27.7167,88.5567,39.13,10.028,64.64,0.0216
2023-10-04 03:30:00,mangan,Mangan,27.5167,88.5333,30.28,2.061,62.19,0.1406
2023-10-04 03:30:00,singtam,Singtam,27.2333,88.4833,11.01,2.014,66.2,0.0115
2023-10-04 03:40:00,chungthang,Chungthang,27.6167,88.65,35.3,7.205,65.4,0.0127
2023-10-04 03:40:00,dikchu,Dikchu,27.3833,88.6167,12.23,2.006,65.6,0.0204
2023-10-04 03:40:00,gangtok,Gangtok,27.3389,88.6065,9.64,,62.86,0.0584
2023-10-04 03:40:00,gyalshing,Gyalshing,27.2833,88.2667,6.82,,64.78,0.0058
2023-10-04 03:40:00,lachen,Lachen,27.7167,88.5567,35.89,9.946,65.15,0.0326
2023-10-04 03:40:00,mangan,Mangan,27.5167,88.5333,29.66,2.137,62.17,0.142
2023-10-04 03:40:00,singtam,Singtam,27.2333,88.4833,12.2,1.992,66.44,0.0132
2023-10-04 03:50:00,chungthang,Chungthang,27.6167,88.65,33.62,7.191,65.24,0.0168
2023-10-04 03:50:00,dikchu,Dikchu,27.3833,88.6167,11.05,2.003,65.32,0.0012
2023-10-04 03:50:00,gangtok,Gangtok,27.3389,88.6065,10.48,,63.13,0.0025
2023-10-04 03:50:00,gyalshing,Gyalshing,27.2833,88.2667,6.58,,65.2,0.0111
2023-10-04 03:50:00,lachen,Lachen,27.7167,88.5567,34.08,9.899,65.05,0.007
2023-10-04 03:50:00,mangan,Mangan,27.5167,88.5333,27.8,2.958,62.23,0.1203
2023-10-04 03:50:00,singtam,Singtam,27.2333,88.4833,9.77,2.014,66.79,0.0261
2023-10-04 04:00:00,chungthang,Chungthang,27.6167,88.65,32.1,7.139,65.72,0.0008
2023-10-04 04:00:00,dikchu,Dikchu,27.3833,88.6167,10.41,1.976,65.43,0.0152
2023-10-04 04:00:00,gangtok,Gangtok,27.3389,88.6065,8.75,,63.04,0.0117
2023-10-04 04:00:00,gyalshing,Gyalshing,27.2833,88.2667,6.92,,65.4,0.0022
2023-10-04 04:00:00,lachen,Lachen,27.7167,88.5567,32.1,9.79,64.96,0.0153
2023-10-04 04:00:00,mangan,Mangan,27.5167,88.5333,26.64,3.722,63.0,0.1263
2023-10-04 04:00:00,singtam,Singtam,27.2333,88.4833,12.02,1.993,67.21,0.0115
2023-10-04 04:10:00,chungthang,Chungthang,27.6167,88.65,29.98,7.023,65.94,0.0209
2023-10-04 04:10:00,dikchu,Dikchu,27.3833,88.6167,9.92,1.992,65.77,0.0132
2023-10-04 04:10:00,gangtok,Gangtok,27.3389,88.6065,8.87,,63.28,0.0198
2023-10-04 04:10:00,gyalshing,Gyalshing,27.2833,88.2667,5.95,,65.46,0.0268
2023-10-04 04:10:00,lachen,Lachen,27.7167,88.5567,30.61,9.675,65.42,0.0338
2023-10-04 04:10:00,mangan,Mangan,27.5167,88.5333,25.23,4.516,63.15,0.0461
2023-10-04 04:10:00,singtam,Singtam,27.2333,88.4833,8.78,1.976,67.06,0.0131
2023-10-04 04:20:00,chungthang,Chungthang,27.6167,88.65,29.43,7.028,66.53,0.0337
2023-10-04 04:20:00,dikchu,Dikchu,27.3833,88.6167,9.46,2.004,65.91,0.0049
2023-10-04 04:20:00,gangtok,Gangtok,27.3389,88.6065,7.76,,63.12,0.0443
2023-10-04 04:20:00,gyalshing,Gyalshing,27.2833,88.2667,6.71,,65.75,0.0234
2023-10-04 04:20:00,lachen,Lachen,27.7167,88.5567,29.19,9.605,65.54,0.0156
2023-10-04 04:20:00,mangan,Mangan,27.5167,88.5333,24.05,5.328,63.36,0.0489
2023-10-04 04:20:00,singtam,Singtam,27.2333,88.4833,9.32,1.992,67.27,0.0178
2023-10-04 04:30:00,chungthang,Chungthang,27.6167,88.65,27.66,6.963,66.47,0.0166
2023-10-04 04:30:00,dikchu,Dikchu,27.3833,88.6167,9.0,1.997,65.1,0.02
2023-10-04 04:30:00,gangtok,Gangtok,27.3389,88.6065,7.47,,62.99,0.025
2023-10-04 04:30:00,gyalshing,Gyalshing,27.2833,88.2667,5.97,,65.83,0.036
2023-10-04 04:30:00,lachen,Lachen,27.7167,88.5567,28.74,9.461,65.47,0.0294
2023-10-04 04:30:00,mangan,Mangan,27.5167,88.5333,23.0,5.888,63.28,0.0135
2023-10-04 04:30:00,singtam,Singtam,27.2333,88.4833,7.87,2.046,67.31,0.0071
2023-10-04 04:40:00,chungthang,Chungthang,27.6167,88.65,26.04,6.869,66.54,0.0109
2023-10-04 04:40:00,dikchu,Dikchu,27.3833,88.6167,8.56,2.047,65.37,0.0066
2023-10-04 04:40:00,gangtok,Gangtok,27.3389,88.6065,7.34,,63.06,0.0071
2023-10-04 04:40:00,gyalshing,Gyalshing,27.2833,88.2667,5.35,,65.94,0.0072
2023-10-04 04:40:00,lachen,Lachen,27.7167,88.5567,26.51,9.407,65.49,0.0046
2023-10-04 04:40:00,mangan,Mangan,27.5167,88.5333,22.28,5.862,63.62,0.0268
2023-10-04 04:40:00,singtam,Singtam,27.2333,88.4833,8.48,2.014,67.81,0.024
2023-10-04 04:50:00,chungthang,Chungthang,27.6167,88.65,25.05,6.821,66.42,0.0066
2023-10-04 04:50:00,dikchu,Dikchu,27.3833,88.6167,8.12,2.03,65.66,0.0106
2023-10-04 04:50:00,gangtok,Gangtok,27.3389,88.6065,6.65,,62.95,0.0175
2023-10-04 04:50:00,gyalshing,Gyalshing,27.2833,88.2667,4.86,,66.02,0.0167
2023-10-04 04:50:00,lachen,Lachen,27.7167,88.5567,26.19,9.322,65.89,0.0051
2023-10-04 04:50:00,mangan,Mangan,27.5167,88.5333,20.79,5.802,63.9,0.0044
2023-10-04 04:50:00,singtam,Singtam,27.2333,88.4833,7.14,1.961,67.48,0.0346
2023-10-04 05:00:00,chungthang,Chungthang,27.6167,88.65,23.28,6.71,66.47,0.0248
2023-10-04 05:00:00,dikchu,Dikchu,27.3833,88.6167,7.84,2.009,65.63,0.0056
2023-10-04 05:00:00,gangtok,Gangtok,27.3389,88.6065,7.87,,63.32,0.0215
2023-10-04 05:00:00,gyalshing,Gyalshing,27.2833,88.2667,5.33,,66.2,0.0057
2023-10-04 05:00:00,lachen,Lachen,27.7167,88.5567,24.73,9.216,66.3,0.0036
2023-10-04 05:00:00,mangan,Mangan,27.5167,88.5333,19.6,5.811,64.16,0.0168
2023-10-04 05:00:00,singtam,Singtam,27.2333,88.4833,8.35,2.033,67.32,0.0097
2023-10-04 05:10:00,chungthang,Chungthang,27.6167,88.65,22.05,6.701,66.06,0.0262
2023-10-04 05:10:00,dikchu,Dikchu,27.3833,88.6167,11.41,1.977,65.95,0.0203
2023-10-04 05:10:00,gangtok,Gangtok,27.3389,88.6065,5.99,,63.26,0.0216
2023-10-04 05:10:00,gyalshing,Gyalshing,27.2833,88.2667,4.51,,66.12,0.0134
2023-10-04 05:10:00,lachen,Lachen,27.7167,88.5567,23.0,9.158,66.14,0.0108
2023-10-04 05:10:00,mangan,Mangan,27.5167,88.5333,18.84,5.725,64.28,0.0371
2023-10-04 05:10:00,singtam,Singtam,27.2333,88.4833,6.39,1.973,66.88,0.0297
2023-10-04 05:20:00,chungthang,Chungthang,27.6167,88.65,20.94,6.655,66.27,0.0009
2023-10-04 05:20:00,dikchu,Dikchu,27.3833,88.6167,6.94,2.349,66.14,0.0218
2023-10-04 05:20:00,gangtok,Gangtok,27.3389,88.6065,5.75,,63.28,0.0186
2023-10-04 05:20:00,gyalshing,Gyalshing,27.2833,88.2667,5.37,,65.85,0.0105
2023-10-04 05:20:00,lachen,Lachen,27.7167,88.5567,21.53,9.036,66.17,0.0183
2023-10-04 05:20:00,mangan,Mangan,27.5167,88.5333,25.57,5.681,64.63,0.0072
2023-10-04 05:20:00,singtam,Singtam,27.2333,88.4833,6.68,2.022,66.92,0.0052
2023-10-04 05:30:00,chungthang,Chungthang,27.6167,88.65,20.43,6.604,66.39,0.0034
2023-10-04 05:30:00,dikchu,Dikchu,27.3833,88.6167,6.54,2.807,66.0,0.0189
2023-10-04 05:30:00,gangtok,Gangtok,27.3389,88.6065,5.74,,63.14,0.0349
2023-10-04 05:30:00,gyalshing,Gyalshing,27.2833,88.2667,3.99,,66.11,0.0296
2023-10-04 05:30:00,lachen,Lachen,27.7167,88.5567,20.15,8.991,66.22,0.0013
2023-10-04 05:30:00,mangan,Mangan,27.5167,88.5333,16.82,5.656,65.01,0.0103
2023-10-04 05:30:00,singtam,Singtam,27.2333,88.4833,5.72,2.017,67.51,0.0204
2023-10-04 05:40:00,chungthang,Chungthang,27.6167,88.65,18.64,6.555,66.4,0.0076
2023-10-04 05:40:00,dikchu,Dikchu,27.3833,88.6167,7.04,3.092,66.35,0.012
2023-10-04 05:40:00,gangtok,Gangtok,27.3389,88.6065,6.55,,63.5,0.0014
2023-10-04 05:40:00,gyalshing,Gyalshing,27.2833,88.2667,4.19,,66.52,0.0056
2023-10-04 05:40:00,lachen,Lachen,27.7167,88.5567,19.03,8.91,66.0,0.0084
2023-10-04 05:40:00,mangan,Mangan,27.5167,88.5333,16.03,5.657,65.13,0.0316
2023-10-04 05:40:00,singtam,Singtam,27.2333,88.4833,9.09,2.018,67.52,0.0142
2023-10-04 05:50:00,chungthang,Chungthang,27.6167,88.65,17.58,6.496,66.33,0.0248
2023-10-04 05:50:00,dikchu,Dikchu,27.3833,88.6167,5.87,3.5,66.05,0.0088
2023-10-04 05:50:00,gangtok,Gangtok,27.3389,88.6065,4.76,,63.39,0.0132
2023-10-04 05:50:00,gyalshing,Gyalshing,27.2833,88.2667,3.5,,66.27,0.0263
2023-10-04 05:50:00,lachen,Lachen,27.7167,88.5567,17.95,8.725,66.02,0.0165
2023-10-04 05:50:00,mangan,Mangan,27.5167,88.5333,17.96,5.594,65.15,0.0086
2023-10-04 05:50:00,singtam,Singtam,27.2333,88.4833,5.16,2.056,67.55,0.0395
2023-10-04 06:00:00,chungthang,Chungthang,27.6167,88.65,16.59,6.427,66.13,0.0266
2023-10-04 06:00:00,dikchu,Dikchu,27.3833,88.6167,5.91,3.881,66.07,0.0291
2023-10-04 06:00:00,gangtok,Gangtok,27.3389,88.6065,4.54,,63.75,0.0209
2023-10-04 06:00:00,gyalshing,Gyalshing,27.2833,88.2667,3.38,,66.34,0.0034
2023-10-04 06:00:00,lachen,Lachen,27.7167,88.5567,17.14,8.768,66.03,0.0161
2023-10-04 06:00:00,mangan,Mangan,27.5167,88.5333,13.95,5.546,65.42,0.0235
2023-10-04 06:00:00,singtam,Singtam,27.2333,88.4833,4.81,1.975,67.68,0.0193
2023-10-04 06:10:00,chungthang,Chungthang,27.6167,88.65,16.46,6.391,66.34,0.0114
2023-10-04 06:10:00,dikchu,Dikchu,27.3833,88.6167,6.0,4.235,66.06,0.027
2023-10-04 06:10:00,gangtok,Gangtok,27.3389,88.6065,4.23,,64.05,0.0028
2023-10-04 06:10:00,gyalshing,Gyalshing,27.2833,88.2667,4.0,,66.26,0.0262
2023-10-04 06:10:00,lachen,Lachen,27.7167,88.5567,15.92,8.562,66.34,0.0069
2023-10-04 06:10:00,mangan,Mangan,27.5167,88.5333,14.97,5.467,65.23,0.0094
2023-10-04 06:10:00,singtam,Singtam,27.2333,88.4833,4.52,2.018,67.64,0.0244
2023-10-04 06:20:00,chungthang,Chungthang,27.6167,88.65,14.66,6.359,66.06,0.0206
2023-10-04 06:20:00,dikchu,Dikchu,27.3833,88.6167,4.85,4.311,65.87,0.022
2023-10-04 06:20:00,gangtok,Gangtok,27.3389,88.6065,4.0,,63.99,0.0302
2023-10-04 06:20:00,gyalshing,Gyalshing,27.2833,88.2667,2.9,,66.48,0.0067
2023-10-04 06:20:00,lachen,Lachen,27.7167,88.5567,15.05,8.557,66.66,0.0541
2023-10-04 06:20:00,mangan,Mangan,27.5167,88.5333,12.91,5.437,65.06,0.0311
2023-10-04 06:20:00,singtam,Singtam,27.2333,88.4833,4.24,2.272,67.73,0.0356
2023-10-04 06:30:00,chungthang,Chungthang,27.6167,88.65,13.8,6.275,66.21,0.0037
2023-10-04 06:30:00,dikchu,Dikchu,27.3833,88.6167,4.7,4.295,65.97,0.004
2023-10-04 06:30:00,gangtok,Gangtok,27.3389,88.6065,3.93,,64.05,0.0137
2023-10-04 06:30:00,gyalshing,Gyalshing,27.2833,88.2667,2.75,,66.56,0.0111
2023-10-04 06:30:00,lachen,Lachen,27.7167,88.5567,14.66,8.529,66.59,0.0124
2023-10-04 06:30:00,mangan,Mangan,27.5167,88.5333,11.59,5.395,65.08,0.0143
2023-10-04 06:30:00,singtam,Singtam,27.2333,88.4833,3.99,2.45,67.82,0.0176
2023-10-04 06:40:00,chungthang,Chungthang,27.6167,88.65,12.92,6.236,66.74,0.0027
2023-10-04 06:40:00,dikchu,Dikchu,27.3833,88.6167,4.41,4.28,66.31,0.0124
2023-10-04 06:40:00,gangtok,Gangtok,27.3389,88.6065,3.53,,63.98,0.0036
2023-10-04 06:40:00,gyalshing,Gyalshing,27.2833,88.2667,2.58,,67.32,0.0359
2023-10-04 06:40:00,lachen,Lachen,27.7167,88.5567,13.23,8.413,66.55,0.0105
2023-10-04 06:40:00,mangan,Mangan,27.5167,88.5333,14.54,5.436,64.69,0.0184
2023-10-04 06:40:00,singtam,Singtam,27.2333,88.4833,3.92,2.681,67.59,0.0414
2023-10-04 06:50:00,chungthang,Chungthang,27.6167,88.65,12.38,6.17,67.12,0.0084
2023-10-04 06:50:00,dikchu,Dikchu,27.3833,88.6167,4.05,4.254,66.63,0.006
2023-10-04 06:50:00,gangtok,Gangtok,27.3389,88.6065,3.43,,64.16,0.0318
2023-10-04 06:50:00,gyalshing,Gyalshing,27.2833,88.2667,2.5,,67.21,0.0391
2023-10-04 06:50:00,lachen,Lachen,27.7167,88.5567,12.36,8.304,66.72,0.0204
2023-10-04 06:50:00,mangan,Mangan,27.5167,88.5333,10.24,5.375,64.93,0.0053
2023-10-04 06:50:00,singtam,Singtam,27.2333,88.4833,4.76,2.929,67.56,0.0052
2023-10-04 07:00:00,chungthang,Chungthang,27.6167,88.65,11.37,6.106,66.73,0.0069
2023-10-04 07:00:00,dikchu,Dikchu,27.3833,88.6167,4.24,4.293,66.82,0.0177
2023-10-04 07:00:00,gangtok,Gangtok,27.3389,88.6065,3.14,,64.12,0.0279
2023-10-04 07:00:00,gyalshing,Gyalshing,27.2833,88.2667,2.28,,67.58,0.0072
2023-10-04 07:00:00,lachen,Lachen,27.7167,88.5567,11.57,8.241,66.57,0.0033
2023-10-04 07:00:00,mangan,Mangan,27.5167,88.5333,9.57,5.297,64.71,0.0047
2023-10-04 07:00:00,singtam,Singtam,27.2333,88.4833,5.23,3.182,67.75,0.0171
2023-10-04 07:10:00,chungthang,Chungthang,27.6167,88.65,10.6,6.091,66.59,0.0116
2023-10-04 07:10:00,dikchu,Dikchu,27.3833,88.6167,6.05,4.232,66.41,0.0143
2023-10-04 07:10:00,gangtok,Gangtok,27.3389,88.6065,2.92,,64.05,0.0067
2023-10-04 07:10:00,gyalshing,Gyalshing,27.2833,88.2667,2.17,,67.98,0.0186
2023-10-04 07:10:00,lachen,Lachen,27.7167,88.5567,11.0,8.232,66.72,0.0011
2023-10-04 07:10:00,mangan,Mangan,27.5167,88.5333,9.41,5.27,64.62,0.0108
2023-10-04 07:10:00,singtam,Singtam,27.2333,88.4833,3.08,3.365,67.97,0.0297
2023-10-04 07:20:00,chungthang,Chungthang,27.6167,88.65,11.33,6.01,66.7,0.0112
2023-10-04 07:20:00,dikchu,Dikchu,27.3833,88.6167,3.28,4.195,66.08,0.0022
2023-10-04 07:20:00,gangtok,Gangtok,27.3389,88.6065,2.68,,64.1,0.0555
2023-10-04 07:20:00,gyalshing,Gyalshing,27.2833,88.2667,1.96,,68.08,0.0102
2023-10-04 07:20:00,lachen,Lachen,27.7167,88.5567,10.22,8.072,66.69,0.0452
2023-10-04 07:20:00,mangan,Mangan,27.5167,88.5333,8.39,5.226,64.59,0.0342
2023-10-04 07:20:00,singtam,Singtam,27.2333,88.4833,2.87,3.658,68.26,0.0042
2023-10-04 07:30:00,chungthang,Chungthang,27.6167,88.65,10.42,5.99,66.69,0.0196
2023-10-04 07:30:00,dikchu,Dikchu,27.3833,88.6167,4.44,4.193,66.14,0.0197
2023-10-04 07:30:00,gangtok,Gangtok,27.3389,88.6065,2.5,,63.74,0.0049
2023-10-04 07:30:00,gyalshing,Gyalshing,27.2833,88.2667,1.88,,68.06,0.0118
2023-10-04 07:30:00,lachen,Lachen,27.7167,88.5567,10.78,8.093,66.45,0.0043
2023-10-04 07:30:00,mangan,Mangan,27.5167,88.5333,8.75,5.189,64.63,0.0136
2023-10-04 07:30:00,singtam,Singtam,27.2333,88.4833,2.67,3.635,68.31,0.0005
2023-10-04 07:40:00,chungthang,Chungthang,27.6167,88.65,8.79,5.932,66.33,0.0198
2023-10-04 07:40:00,dikchu,Dikchu,27.3833,88.6167,3.01,4.189,66.13,0.0122
2023-10-04 07:40:00,gangtok,Gangtok,27.3389,88.6065,2.71,,63.75,0.022
2023-10-04 07:40:00,gyalshing,Gyalshing,27.2833,88.2667,2.54,,68.05,0.0047
2023-10-04 07:40:00,lachen,Lachen,27.7167,88.5567,8.83,7.987,66.2,0.0186
2023-10-04 07:40:00,mangan,Mangan,27.5167,88.5333,7.24,5.194,64.56,0.0278
2023-10-04 07:40:00,singtam,Singtam,27.2333,88.4833,3.56,3.701,68.36,0.0049
2023-10-04 07:50:00,chungthang,Chungthang,27.6167,88.65,8.55,5.874,66.42,0.0233
2023-10-04 07:50:00,dikchu,Dikchu,27.3833,88.6167,2.8,4.138,66.01,0.0427
2023-10-04 07:50:00,gangtok,Gangtok,27.3389,88.6065,2.17,,63.95,0.0079
2023-10-04 07:50:00,gyalshing,Gyalshing,27.2833,88.2667,2.05,,68.01,0.0126
2023-10-04 07:50:00,lachen,Lachen,27.7167,88.5567,8.35,7.884,66.55,0.0097
2023-10-04 07:50:00,mangan,Mangan,27.5167,88.5333,8.61,5.137,64.57,0.0076
2023-10-04 07:50:00,singtam,Singtam,27.2333,88.4833,5.52,3.663,68.55,0.0108
2023-10-04 08:00:00,chungthang,Chungthang,27.6167,88.65,8.89,5.827,66.4,0.0037
2023-10-04 08:00:00,dikchu,Dikchu,27.3833,88.6167,2.46,4.155,66.48,0.0381
2023-10-04 08:00:00,gangtok,Gangtok,27.3389,88.6065,2.44,,64.01,0.0181
2023-10-04 08:00:00,gyalshing,Gyalshing,27.2833,88.2667,1.47,,68.26,0.0228
2023-10-04 08:00:00,lachen,Lachen,27.7167,88.5567,7.62,7.835,66.51,0.0256
2023-10-04 08:00:00,mangan,Mangan,27.5167,88.5333,7.11,5.174,64.58,0.0021
2023-10-04 08:00:00,singtam,Singtam,27.2333,88.4833,2.16,3.691,68.36,0.0175
2023-10-04 08:10:00,chungthang,Chungthang,27.6167,88.65,7.12,5.776,66.86,0.0299
2023-10-04 08:10:00,dikchu,Dikchu,27.3833,88.6167,2.38,4.07,66.5,0.0317
2023-10-04 08:10:00,gangtok,Gangtok,27.3389,88.6065,2.34,,64.28,0.005
2023-10-04 08:10:00,gyalshing,Gyalshing,27.2833,88.2667,4.32,,68.05,0.0033
2023-10-04 08:10:00,lachen,Lachen,27.7167,88.5567,7.21,7.755,66.91,0.0006
2023-10-04 08:10:00,mangan,Mangan,27.5167,88.5333,5.93,5.115,64.48,0.0028
2023-10-04 08:10:00,singtam,Singtam,27.2333,88.4833,2.0,3.639,68.15,0.0092
2023-10-04 08:20:00,chungthang,Chungthang,27.6167,88.65,6.61,5.696,66.78,0.0023
2023-10-04 08:20:00,dikchu,Dikchu,27.3833,88.6167,2.14,4.123,66.62,0.0351
2023-10-04 08:20:00,gangtok,Gangtok,27.3389,88.6065,1.74,,64.21,0.0092
2023-10-04 08:20:00,gyalshing,Gyalshing,27.2833,88.2667,1.32,,67.97,0.0267
2023-10-04 08:20:00,lachen,Lachen,27.7167,88.5567,6.55,7.745,66.75,0.0057
2023-10-04 08:20:00,mangan,Mangan,27.5167,88.5333,8.78,5.083,64.31,0.0444
2023-10-04 08:20:00,singtam,Singtam,27.2333,88.4833,2.61,3.596,68.07,0.0085
2023-10-04 08:30:00,chungthang,Chungthang,27.6167,88.65,5.95,5.712,67.05,0.0039
2023-10-04 08:30:00,dikchu,Dikchu,27.3833,88.6167,1.99,4.068,66.85,0.0095
2023-10-04 08:30:00,gangtok,Gangtok,27.3389,88.6065,1.61,,64.1,0.0478
2023-10-04 08:30:00,gyalshing,Gyalshing,27.2833,88.2667,1.18,,67.86,0.0285
2023-10-04 08:30:00,lachen,Lachen,27.7167,88.5567,6.07,7.676,66.8,0.0061
2023-10-04 08:30:00,mangan,Mangan,27.5167,88.5333,5.85,5.031,64.6,0.0002
2023-10-04 08:30:00,singtam,Singtam,27.2333,88.4833,2.28,3.567,67.71,0.001
2023-10-04 08:40:00,chungthang,Chungthang,27.6167,88.65,5.51,5.663,66.71,0.0229
2023-10-04 08:40:00,dikchu,Dikchu,27.3833,88.6167,2.4,4.047,66.85,0.0068
2023-10-04 08:40:00,gangtok,Gangtok,27.3389,88.6065,1.49,,63.78,0.019
2023-10-04 08:40:00,gyalshing,Gyalshing,27.2833,88.2667,1.41,,67.39,0.0166
2023-10-04 08:40:00,lachen,Lachen,27.7167,88.5567,5.62,7.538,67.38,0.0025
2023-10-04 08:40:00,mangan,Mangan,27.5167,88.5333,4.68,4.965,64.09,0.0219
2023-10-04 08:40:00,singtam,Singtam,27.2333,88.4833,4.8,3.584,67.81,0.0319
2023-10-04 08:50:00,chungthang,Chungthang,27.6167,88.65,5.18,5.638,66.42,0.0072
2023-10-04 08:50:00,dikchu,Dikchu,27.3833,88.6167,1.68,4.009,67.47,0.0086
2023-10-04 08:50:00,gangtok,Gangtok,27.3389,88.6065,1.38,,63.69,0.0095
2023-10-04 08:50:00,gyalshing,Gyalshing,27.2833,88.2667,1.11,,67.57,0.0113
2023-10-04 08:50:00,lachen,Lachen,27.7167,88.5567,5.2,7.515,67.08,0.0051
2023-10-04 08:50:00,mangan,Mangan,27.5167,88.5333,4.41,4.963,64.04,0.012
2023-10-04 08:50:00,singtam,Singtam,27.2333,88.4833,2.21,3.562,68.04,0.018
2023-10-04 09:00:00,chungthang,Chungthang,27.6167,88.65,7.51,5.553,66.59,0.0282
2023-10-04 09:00:00,dikchu,Dikchu,27.3833,88.6167,1.56,3.973,67.19,0.0114
2023-10-04 09:00:00,gangtok,Gangtok,27.3389,88.6065,1.69,,64.21,0.0155
2023-10-04 09:00:00,gyalshing,Gyalshing,27.2833,88.2667,0.96,,67.78,0.0138
2023-10-04 09:00:00,lachen,Lachen,27.7167,88.5567,5.1,7.438,66.57,0.0307
2023-10-04 09:00:00,mangan,Mangan,27.5167,88.5333,3.96,4.903,63.94,0.0052
2023-10-04 09:00:00,singtam,Singtam,27.2333,88.4833,1.36,3.585,67.81,0.0257
2023-10-04 09:10:00,chungthang,Chungthang,27.6167,88.65,4.38,5.583,66.83,0.0121
2023-10-04 09:10:00,dikchu,Dikchu,27.3833,88.6167,2.13,3.941,67.01,0.006
2023-10-04 09:10:00,gangtok,Gangtok,27.3389,88.6065,1.72,,64.29,0.0038
2023-10-04 09:10:00,gyalshing,Gyalshing,27.2833,88.2667,0.9,,67.57,0.0197
2023-10-04 09:10:00,lachen,Lachen,27.7167,88.5567,5.91,7.442,66.87,0.0295
2023-10-04 09:10:00,mangan,Mangan,27.5167,88.5333,7.25,4.93,64.07,0.0003
2023-10-04 09:10:00,singtam,Singtam,27.2333,88.4833,1.26,3.508,67.88,0.0124
2023-10-04 09:20:00,chungthang,Chungthang,27.6167,88.65,4.01,5.472,66.56,0.0033
2023-10-04 09:20:00,dikchu,Dikchu,27.3833,88.6167,1.46,3.949,66.74,0.0193
2023-10-04 09:20:00,gangtok,Gangtok,27.3389,88.6065,1.08,,64.15,0.0202
2023-10-04 09:20:00,gyalshing,Gyalshing,27.2833,88.2667,0.83,,67.73,0.0408
2023-10-04 09:20:00,lachen,Lachen,27.7167,88.5567,4.08,7.301,66.63,0.0117
2023-10-04 09:20:00,mangan,Mangan,27.5167,88.5333,3.37,4.862,63.71,0.0155
2023-10-04 09:20:00,singtam,Singtam,27.2333,88.4833,2.18,3.583,67.68,0.0151
2023-10-04 09:30:00,chungthang,Chungthang,27.6167,88.65,3.72,5.415,66.54,0.0329
2023-10-04 09:30:00,dikchu,Dikchu,27.3833,88.6167,1.22,3.971,67.07,0.0164
2023-10-04 09:30:00,gangtok,Gangtok,27.3389,88.6065,1.04,,63.9,0.0177
2023-10-04 09:30:00,gyalshing,Gyalshing,27.2833,88.2667,1.87,,67.27,0.0024
2023-10-04 09:30:00,lachen,Lachen,27.7167,88.5567,5.27,7.33,66.59,0.0002
2023-10-04 09:30:00,mangan,Mangan,27.5167,88.5333,3.11,4.827,63.6,0.0041
2023-10-04 09:30:00,singtam,Singtam,27.2333,88.4833,1.07,3.547,67.37,0.0228
2023-10-04 09:40:00,chungthang,Chungthang,27.6167,88.65,3.54,5.371,66.16,0.007
2023-10-04 09:40:00,dikchu,Dikchu,27.3833,88.6167,2.16,3.906,67.21,0.0132
2023-10-04 09:40:00,gangtok,Gangtok,27.3389,88.6065,0.92,,63.51,0.0172
2023-10-04 09:40:00,gyalshing,Gyalshing,27.2833,88.2667,0.82,,67.23,0.0019
2023-10-04 09:40:00,lachen,Lachen,27.7167,88.5567,6.14,7.222,66.42,0.0122
2023-10-04 09:40:00,mangan,Mangan,27.5167,88.5333,7.07,4.792,63.6,0.0178
2023-10-04 09:40:00,singtam,Singtam,27.2333,88.4833,0.98,3.49,67.78,0.0122
2023-10-04 09:50:00,chungthang,Chungthang,27.6167,88.65,3.14,5.308,66.08,0.0011
2023-10-04 09:50:00,dikchu,Dikchu,27.3833,88.6167,1.03,3.87,67.01,0.0286
2023-10-04 09:50:00,gangtok,Gangtok,27.3389,88.6065,1.28,,63.31,0.0036
2023-10-04 09:50:00,gyalshing,Gyalshing,27.2833,88.2667,0.62,,67.15,0.0213
2023-10-04 09:50:00,lachen,Lachen,27.7167,88.5567,3.54,7.13,66.46,0.0125
2023-10-04 09:50:00,mangan,Mangan,27.5167,88.5333,3.11,4.81,63.88,0.016
2023-10-04 09:50:00,singtam,Singtam,27.2333,88.4833,1.83,3.537,67.48,0.0424
2023-10-04 10:00:00,chungthang,Chungthang,27.6167,88.65,3.12,5.365,66.25,0.0103
2023-10-04 10:00:00,dikchu,Dikchu,27.3833,88.6167,3.72,3.871,66.78,0.0353
2023-10-04 10:00:00,gangtok,Gangtok,27.3389,88.6065,0.79,,63.51,0.0333
2023-10-04 10:00:00,gyalshing,Gyalshing,27.2833,88.2667,1.98,,67.14,0.0144
2023-10-04 10:00:00,lachen,Lachen,27.7167,88.5567,4.04,7.087,66.18,0.0056
2023-10-04 10:00:00,mangan,Mangan,27.5167,88.5333,5.1,4.685,63.96,0.0
2023-10-04 10:00:00,singtam,Singtam,27.2333,88.4833,1.14,3.447,67.09,0.0016
2023-10-04 10:10:00,chungthang,Chungthang,27.6167,88.65,2.83,5.321,66.1,0.0078
2023-10-04 10:10:00,dikchu,Dikchu,27.3833,88.6167,2.61,3.869,67.1,0.0066
2023-10-04 10:10:00,gangtok,Gangtok,27.3389,88.6065,0.99,,63.41,0.0305
2023-10-04 10:10:00,gyalshing,Gyalshing,27.2833,88.2667,0.69,,67.11,0.0215
2023-10-04 10:10:00,lachen,Lachen,27.7167,88.5567,3.7,7.027,66.1,0.0193
2023-10-04 10:10:00,mangan,Mangan,27.5167,88.5333,2.7,4.753,63.66,0.0142
2023-10-04 10:10:00,singtam,Singtam,27.2333,88.4833,0.78,3.463,67.09,0.0244
2023-10-04 10:20:00,chungthang,Chungthang,27.6167,88.65,5.82,5.258,66.01,0.016
2023-10-04 10:20:00,dikchu,Dikchu,27.3833,88.6167,0.94,3.852,67.13,0.0246
2023-10-04 10:20:00,gangtok,Gangtok,27.3389,88.6065,0.65,,63.17,0.003
2023-10-04 10:20:00,gyalshing,Gyalshing,27.2833,88.2667,4.37,,67.1,0.0026
2023-10-04 10:20:00,lachen,Lachen,27.7167,88.5567,2.45,6.957,66.18,0.0056
2023-10-04 10:20:00,mangan,Mangan,27.5167,88.5333,2.5,4.663,63.54,0.0165
2023-10-04 10:20:00,singtam,Singtam,27.2333,88.4833,0.73,3.406,67.11,0.016
2023-10-04 10:30:00,chungthang,Chungthang,27.6167,88.65,4.38,5.174,65.7,0.0154
2023-10-04 10:30:00,dikchu,Dikchu,27.3833,88.6167,0.74,3.841,67.42,0.0355
2023-10-04 10:30:00,gangtok,Gangtok,27.3389,88.6065,0.65,,62.96,0.0113
2023-10-04 10:30:00,gyalshing,Gyalshing,27.2833,88.2667,0.53,,66.95,0.0068
2023-10-04 10:30:00,lachen,Lachen,27.7167,88.5567,2.28,6.943,65.88,0.0045
2023-10-04 10:30:00,mangan,Mangan,27.5167,88.5333,1.93,4.597,63.76,0.0219
2023-10-04 10:30:00,singtam,Singtam,27.2333,88.4833,0.92,3.487,67.19,0.0155
2023-10-04 10:40:00,chungthang,Chungthang,27.6167,88.65,2.41,5.217,65.5,0.0108
2023-10-04 10:40:00,dikchu,Dikchu,27.3833,88.6167,4.09,3.858,67.38,0.0204
2023-10-04 10:40:00,gangtok,Gangtok,27.3389,88.6065,1.31,,63.13,0.0118
2023-10-04 10:40:00,gyalshing,Gyalshing,27.2833,88.2667,0.63,,66.86,0.0075
2023-10-04 10:40:00,lachen,Lachen,27.7167,88.5567,2.04,6.849,65.67,0.0065
2023-10-04 10:40:00,mangan,Mangan,27.5167,88.5333,1.91,4.588,63.45,0.0015
2023-10-04 10:40:00,singtam,Singtam,27.2333,88.4833,1.28,3.37,67.64,0.0384
2023-10-04 10:50:00,chungthang,Chungthang,27.6167,88.65,1.85,5.114,65.9,0.0004
2023-10-04 10:50:00,dikchu,Dikchu,27.3833,88.6167,3.37,3.848,67.46,0.0068
2023-10-04 10:50:00,gangtok,Gangtok,27.3389,88.6065,0.49,,63.11,0.0054
2023-10-04 10:50:00,gyalshing,Gyalshing,27.2833,88.2667,0.49,,67.14,0.0178
2023-10-04 10:50:00,lachen,Lachen,27.7167,88.5567,1.86,6.766,65.54,0.0376
2023-10-04 10:50:00,mangan,Mangan,27.5167,88.5333,1.67,4.533,63.43,0.0033
2023-10-04 10:50:00,singtam,Singtam,27.2333,88.4833,0.77,3.364,67.37,0.0104
2023-10-04 11:00:00,chungthang,Chungthang,27.6167,88.65,1.71,5.079,65.87,0.003
2023-10-04 11:00:00,dikchu,Dikchu,27.3833,88.6167,0.79,3.853,67.45,0.0051
2023-10-04 11:00:00,gangtok,Gangtok,27.3389,88.6065,0.45,,62.95,0.0216
2023-10-04 11:00:00,gyalshing,Gyalshing,27.2833,88.2667,0.37,,66.93,0.0034
2023-10-04 11:00:00,lachen,Lachen,27.7167,88.5567,2.38,6.768,65.14,0.0134
2023-10-04 11:00:00,mangan,Mangan,27.5167,88.5333,1.43,4.574,63.42,0.0402
2023-10-04 11:00:00,singtam,Singtam,27.2333,88.4833,0.53,3.376,67.07,0.0183
2023-10-04 11:10:00,chungthang,Chungthang,27.6167,88.65,1.57,5.093,65.57,0.0038
2023-10-04 11:10:00,dikchu,Dikchu,27.3833,88.6167,0.91,3.727,67.22,0.0086
2023-10-04 11:10:00,gangtok,Gangtok,27.3389,88.6065,0.44,,62.87,0.0096
2023-10-04 11:10:00,gyalshing,Gyalshing,27.2833,88.2667,0.3,,67.43,0.0191
2023-10-04 11:10:00,lachen,Lachen,27.7167,88.5567,2.28,6.673,65.0,0.0015
2023-10-04 11:10:00,mangan,Mangan,27.5167,88.5333,2.27,4.495,63.31,0.0075
2023-10-04 11:10:00,singtam,Singtam,27.2333,88.4833,0.44,3.422,67.4,0.0064
2023-10-04 11:20:00,chungthang,Chungthang,27.6167,88.65,1.38,5.033,65.44,0.0085
2023-10-04 11:20:00,dikchu,Dikchu,27.3833,88.6167,2.59,3.733,67.14,0.0153
2023-10-04 11:20:00,gangtok,Gangtok,27.3389,88.6065,0.44,,63.41,0.0021
2023-10-04 11:20:00,gyalshing,Gyalshing,27.2833,88.2667,0.28,,67.19,0.0038
2023-10-04 11:20:00,lachen,Lachen,27.7167,88.5567,3.41,6.653,64.99,0.0085
2023-10-04 11:20:00,mangan,Mangan,27.5167,88.5333,1.19,4.504,63.97,0.0074
2023-10-04 11:20:00,singtam,Singtam,27.2333,88.4833,0.6,3.399,67.55,0.0163
2023-10-04 11:30:00,chungthang,Chungthang,27.6167,88.65,1.28,5.043,64.99,0.007
2023-10-04 11:30:00,dikchu,Dikchu,27.3833,88.6167,0.42,3.763,66.76,0.0049
2023-10-04 11:30:00,gangtok,Gangtok,27.3389,88.6065,3.53,,63.73,0.0332
2023-10-04 11:30:00,gyalshing,Gyalshing,27.2833,88.2667,0.25,,67.18,0.0326
2023-10-04 11:30:00,lachen,Lachen,27.7167,88.5567,1.28,6.597,64.85,0.0005
2023-10-04 11:30:00,mangan,Mangan,27.5167,88.5333,1.05,4.505,63.84,0.0349
2023-10-04 11:30:00,singtam,Singtam,27.2333,88.4833,0.36,3.362,67.66,0.0141
2023-10-04 11:40:00,chungthang,Chungthang,27.6167,88.65,1.17,4.949,64.68,0.0502
2023-10-04 11:40:00,dikchu,Dikchu,27.3833,88.6167,0.39,3.712,66.82,0.0103
2023-10-04 11:40:00,gangtok,Gangtok,27.3389,88.6065,0.88,,64.07,0.0115
2023-10-04 11:40:00,gyalshing,Gyalshing,27.2833,88.2667,0.25,,67.24,0.003
2023-10-04 11:40:00,lachen,Lachen,27.7167,88.5567,1.37,6.549,64.74,0.01
2023-10-04 11:40:00,mangan,Mangan,27.5167,88.5333,2.19,4.424,63.93,0.0114
2023-10-04 11:40:00,singtam,Singtam,27.2333,88.4833,0.84,3.377,67.43,0.0037
2023-10-04 11:50:00,chungthang,Chungthang,27.6167,88.65,2.42,4.894,64.97,0.0154
2023-10-04 11:50:00,dikchu,Dikchu,27.3833,88.6167,0.35,3.735,66.93,0.0163
2023-10-04 11:50:00,gangtok,Gangtok,27.3389,88.6065,0.28,,63.59,0.0204
2023-10-04 11:50:00,gyalshing,Gyalshing,27.2833,88.2667,2.9,,67.13,0.0056
2023-10-04 11:50:00,lachen,Lachen,27.7167,88.5567,1.05,6.585,64.68,0.031
2023-10-04 11:50:00,mangan,Mangan,27.5167,88.5333,1.76,4.41,63.7,0.0225
2023-10-04 11:50:00,singtam,Singtam,27.2333,88.4833,0.42,3.331,67.63,0.0518
2023-10-04 12:00:00,chungthang,Chungthang,27.6167,88.65,0.93,4.853,64.88,0.0112
2023-10-04 12:00:00,dikchu,Dikchu,27.3833,88.6167,0.31,3.7,67.09,0.0035
2023-10-04 12:00:00,gangtok,Gangtok,27.3389,88.6065,0.32,,63.52,0.0002
2023-10-04 12:00:00,gyalshing,Gyalshing,27.2833,88.2667,0.19,,67.38,0.0036
2023-10-04 12:00:00,lachen,Lachen,27.7167,88.5567,0.95,6.478,64.47,0.0102
2023-10-04 12:00:00,mangan,Mangan,27.5167,88.5333,4.38,4.352,63.81,0.0242
2023-10-04 12:00:00,singtam,Singtam,27.2333,88.4833,0.58,3.336,67.73,0.0076
2023-10-04 12:10:00,chungthang,Chungthang,27.6167,88.65,0.95,4.782,65.3,0.0659
2023-10-04 12:10:00,dikchu,Dikchu,27.3833,88.6167,0.29,3.725,67.17,0.0154
2023-10-04 12:10:00,gangtok,Gangtok,27.3389,88.6065,0.33,,63.32,0.0539
2023-10-04 12:10:00,gyalshing,Gyalshing,27.2833,88.2667,4.39,,67.49,0.033
2023-10-04 12:10:00,lachen,Lachen,27.7167,88.5567,2.7,6.436,64.59,0.0215
2023-10-04 12:10:00,mangan,Mangan,27.5167,88.5333,1.74,4.354,63.99,0.0025
2023-10-04 12:10:00,singtam,Singtam,27.2333,88.4833,0.47,3.361,67.67,0.0058
2023-10-04 12:20:00,chungthang,Chungthang,27.6167,88.65,2.63,4.795,65.2,0.0084
2023-10-04 12:20:00,dikchu,Dikchu,27.3833,88.6167,1.91,3.693,67.05,0.004
2023-10-04 12:20:00,gangtok,Gangtok,27.3389,88.6065,0.28,,63.42,0.0051
2023-10-04 12:20:00,gyalshing,Gyalshing,27.2833,88.2667,1.36,,67.36,0.0131
2023-10-04 12:20:00,lachen,Lachen,27.7167,88.5567,0.78,6.328,64.89,0.0345
2023-10-04 12:20:00,mangan,Mangan,27.5167,88.5333,0.65,4.417,63.79,0.0244
2023-10-04 12:20:00,singtam,Singtam,27.2333,88.4833,1.43,3.293,67.42,0.0283
2023-10-04 12:30:00,chungthang,Chungthang,27.6167,88.65,1.26,4.804,65.12,0.0276
2023-10-04 12:30:00,dikchu,Dikchu,27.3833,88.6167,0.25,3.678,67.34,0.0024
2023-10-04 12:30:00,gangtok,Gangtok,27.3389,88.6065,0.19,,63.64,0.0279
2023-10-04 12:30:00,gyalshing,Gyalshing,27.2833,88.2667,2.27,,67.63,0.006
2023-10-04 12:30:00,lachen,Lachen,27.7167,88.5567,0.73,6.315,64.71,0.0159
2023-10-04 12:30:00,mangan,Mangan,27.5167,88.5333,0.67,4.337,63.73,0.0178
2023-10-04 12:30:00,singtam,Singtam,27.2333,88.4833,0.32,3.266,67.35,0.0079
2023-10-04 12:40:00,chungthang,Chungthang,27.6167,88.65,0.76,4.754,65.2,0.0169
2023-10-04 12:40:00,dikchu,Dikchu,27.3833,88.6167,0.32,3.618,67.46,0.0369
2023-10-04 12:40:00,gangtok,Gangtok,27.3389,88.6065,0.17,,63.67,0.0122
2023-10-04 12:40:00,gyalshing,Gyalshing,27.2833,88.2667,3.69,,67.29,0.0043
2023-10-04 12:40:00,lachen,Lachen,27.7167,88.5567,2.38,6.295,64.77,0.0209
2023-10-04 12:40:00,mangan,Mangan,27.5167,88.5333,0.89,4.281,63.45,0.0193
2023-10-04 12:40:00,singtam,Singtam,27.2333,88.4833,2.27,3.292,67.67,0.0151
2023-10-04 12:50:00,chungthang,Chungthang,27.6167,88.65,0.88,4.704,64.45,0.0182
2023-10-04 12:50:00,dikchu,Dikchu,27.3833,88.6167,0.23,3.612,67.69,0.0052
2023-10-04 12:50:00,gangtok,Gangtok,27.3389,88.6065,0.2,,63.39,0.029
2023-10-04 12:50:00,gyalshing,Gyalshing,27.2833,88.2667,0.83,,67.05,0.0374
2023-10-04 12:50:00,lachen,Lachen,27.7167,88.5567,0.95,6.213,64.63,0.0117
2023-10-04 12:50:00,mangan,Mangan,27.5167,88.5333,0.47,4.245,63.11,0.0147
2023-10-04 12:50:00,singtam,Singtam,27.2333,88.4833,2.61,3.289,67.3,0.0142
2023-10-04 13:00:00,chungthang,Chungthang,27.6167,88.65,1.61,4.641,64.43,0.0182
2023-10-04 13:00:00,dikchu,Dikchu,27.3833,88.6167,0.25,3.59,67.92,0.0425
2023-10-04 13:00:00,gangtok,Gangtok,27.3389,88.6065,0.7,,63.18,0.0487
2023-10-04 13:00:00,gyalshing,Gyalshing,27.2833,88.2667,0.12,,67.07,0.0249
2023-10-04 13:00:00,lachen,Lachen,27.7167,88.5567,0.6,6.226,64.65,0.012
2023-10-04 13:00:00,mangan,Mangan,27.5167,88.5333,0.42,4.238,63.31,0.0055
2023-10-04 13:00:00,singtam,Singtam,27.2333,88.4833,1.63,3.259,66.96,0.0158
2023-10-04 13:10:00,chungthang,Chungthang,27.6167,88.65,2.21,4.645,64.33,0.0042
2023-10-04 13:10:00,dikchu,Dikchu,27.3833,88.6167,0.48,3.539,67.76,0.0279
2023-10-04 13:10:00,gangtok,Gangtok,27.3389,88.6065,0.12,,63.26,0.0163
2023-10-04 13:10:00,gyalshing,Gyalshing,27.2833,88.2667,1.01,,67.17,0.0078
2023-10-04 13:10:00,lachen,Lachen,27.7167,88.5567,1.15,6.119,64.96,0.0181
2023-10-04 13:10:00,mangan,Mangan,27.5167,88.5333,0.38,4.219,63.1,0.0066
2023-10-04 13:10:00,singtam,Singtam,27.2333,88.4833,0.25,3.274,66.69,0.0005
2023-10-04 13:20:00,chungthang,Chungthang,27.6167,88.65,0.41,4.637,64.62,0.0088
2023-10-04 13:20:00,dikchu,Dikchu,27.3833,88.6167,0.93,3.613,67.72,0.009
2023-10-04 13:20:00,gangtok,Gangtok,27.3389,88.6065,0.67,,63.38,0.0166
2023-10-04 13:20:00,gyalshing,Gyalshing,27.2833,88.2667,0.15,,67.13,0.0275
2023-10-04 13:20:00,lachen,Lachen,27.7167,88.5567,1.23,6.103,64.99,0.0052
2023-10-04 13:20:00,mangan,Mangan,27.5167,88.5333,0.65,4.178,62.43,0.0197
2023-10-04 13:20:00,singtam,Singtam,27.2333,88.4833,1.46,3.227,66.48,0.0072
2023-10-04 13:30:00,chungthang,Chungthang,27.6167,88.65,0.36,4.589,64.77,0.0322
2023-10-04 13:30:00,dikchu,Dikchu,27.3833,88.6167,0.34,3.577,67.77,0.0026
2023-10-04 13:30:00,gangtok,Gangtok,27.3389,88.6065,0.12,,63.34,0.014
2023-10-04 13:30:00,gyalshing,Gyalshing,27.2833,88.2667,0.11,,66.97,0.0105
2023-10-04 13:30:00,lachen,Lachen,27.7167,88.5567,0.48,6.051,64.45,0.0372
2023-10-04 13:30:00,mangan,Mangan,27.5167,88.5333,4.14,4.182,62.83,0.0355
2023-10-04 13:30:00,singtam,Singtam,27.2333,88.4833,0.11,3.227,66.35,0.0268
2023-10-04 13:40:00,chungthang,Chungthang,27.6167,88.65,0.32,4.55,64.38,0.0113
2023-10-04 13:40:00,dikchu,Dikchu,27.3833,88.6167,0.11,3.529,67.34,0.0087
2023-10-04 13:40:00,gangtok,Gangtok,27.3389,88.6065,0.1,,63.29,0.0156
2023-10-04 13:40:00,gyalshing,Gyalshing,27.2833,88.2667,0.06,,66.78,0.0026
2023-10-04 13:40:00,lachen,Lachen,27.7167,88.5567,0.33,6.031,64.46,0.0099
2023-10-04 13:40:00,mangan,Mangan,27.5167,88.5333,0.3,4.114,62.55,0.0126
2023-10-04 13:40:00,singtam,Singtam,27.2333,88.4833,0.37,3.223,66.47,0.0031
2023-10-04 13:50:00,chungthang,Chungthang,27.6167,88.65,0.29,4.49,64.59,0.0195
2023-10-04 13:50:00,dikchu,Dikchu,27.3833,88.6167,0.17,3.564,66.91,0.0189
2023-10-04 13:50:00,gangtok,Gangtok,27.3389,88.6065,0.08,,63.21,0.0406
2023-10-04 13:50:00,gyalshing,Gyalshing,27.2833,88.2667,0.06,,66.92,0.0185
2023-10-04 13:50:00,lachen,Lachen,27.7167,88.5567,0.52,5.965,64.66,0.008
2023-10-04 13:50:00,mangan,Mangan,27.5167,88.5333,0.44,4.091,62.41,0.0068
2023-10-04 13:50:00,singtam,Singtam,27.2333,88.4833,0.11,3.21,66.45,0.0245
2023-10-04 14:00:00,chungthang,Chungthang,27.6167,88.65,1.08,4.51,64.41,0.0087
2023-10-04 14:00:00,dikchu,Dikchu,27.3833,88.6167,0.62,3.492,66.44,0.0388
2023-10-04 14:00:00,gangtok,Gangtok,27.3389,88.6065,0.26,,63.2,0.0076
2023-10-04 14:00:00,gyalshing,Gyalshing,27.2833,88.2667,0.12,,66.84,0.0221
2023-10-04 14:00:00,lachen,Lachen,27.7167,88.5567,0.26,5.935,64.49,0.0165
2023-10-04 14:00:00,mangan,Mangan,27.5167,88.5333,0.31,4.108,62.74,0.0083
2023-10-04 14:00:00,singtam,Singtam,27.2333,88.4833,0.16,3.239,66.33,0.0166
2023-10-04 14:10:00,chungthang,Chungthang,27.6167,88.65,0.26,4.36,64.07,0.0089
2023-10-04 14:10:00,dikchu,Dikchu,27.3833,88.6167,3.34,3.441,66.3,0.001
2023-10-04 14:10:00,gangtok,Gangtok,27.3389,88.6065,0.06,,63.26,0.0187
2023-10-04 14:10:00,gyalshing,Gyalshing,27.2833,88.2667,1.77,,66.5,0.0055
2023-10-04 14:10:00,lachen,Lachen,27.7167,88.5567,0.33,5.895,64.62,0.0143
2023-10-04 14:10:00,mangan,Mangan,27.5167,88.5333,3.21,4.039,62.62,0.0008
2023-10-04 14:10:00,singtam,Singtam,27.2333,88.4833,0.07,3.192,66.25,0.0193
2023-10-04 14:20:00,chungthang,Chungthang,27.6167,88.65,1.73,4.436,64.0,0.0122
2023-10-04 14:20:00,dikchu,Dikchu,27.3833,88.6167,0.54,3.512,66.07,0.0348
2023-10-04 14:20:00,gangtok,Gangtok,27.3389,88.6065,1.22,,63.33,0.0099
2023-10-04 14:20:00,gyalshing,Gyalshing,27.2833,88.2667,1.15,,66.14,0.014
2023-10-04 14:20:00,lachen,Lachen,27.7167,88.5567,0.21,5.84,64.32,0.021
2023-10-04 14:20:00,mangan,Mangan,27.5167,88.5333,0.45,4.073,62.48,0.0033
2023-10-04 14:20:00,singtam,Singtam,27.2333,88.4833,0.21,3.161,66.26,0.0033
2023-10-04 14:30:00,chungthang,Chungthang,27.6167,88.65,0.35,4.473,63.83,0.0242
2023-10-04 14:30:00,dikchu,Dikchu,27.3833,88.6167,0.62,3.43,65.57,0.0066
2023-10-04 14:30:00,gangtok,Gangtok,27.3389,88.6065,0.78,,63.23,0.0032
2023-10-04 14:30:00,gyalshing,Gyalshing,27.2833,88.2667,0.15,,66.38,0.0042
2023-10-04 14:30:00,lachen,Lachen,27.7167,88.5567,0.19,5.837,63.82,0.0303
2023-10-04 14:30:00,mangan,Mangan,27.5167,88.5333,0.56,4.028,62.07,0.008
2023-10-04 14:30:00,singtam,Singtam,27.2333,88.4833,0.06,3.176,65.67,0.0044
2023-10-04 14:40:00,chungthang,Chungthang,27.6167,88.65,0.26,4.322,64.08,0.0027
2023-10-04 14:40:00,dikchu,Dikchu,27.3833,88.6167,2.63,3.448,65.46,0.0241
2023-10-04 14:40:00,gangtok,Gangtok,27.3389,88.6065,2.88,,63.13,0.0253
2023-10-04 14:40:00,gyalshing,Gyalshing,27.2833,88.2667,0.04,,66.04,0.0342
2023-10-04 14:40:00,lachen,Lachen,27.7167,88.5567,1.72,5.791,63.73,0.025
2023-10-04 14:40:00,mangan,Mangan,27.5167,88.5333,0.14,3.952,61.56,0.0147
2023-10-04 14:40:00,singtam,Singtam,27.2333,88.4833,0.45,3.18,65.79,0.0212
2023-10-04 14:50:00,chungthang,Chungthang,27.6167,88.65,0.24,4.331,64.03,0.036
2023-10-04 14:50:00,dikchu,Dikchu,27.3833,88.6167,0.48,3.446,65.28,0.0031
2023-10-04 14:50:00,gangtok,Gangtok,27.3389,88.6065,0.13,,62.99,0.0381
2023-10-04 14:50:00,gyalshing,Gyalshing,27.2833,88.2667,0.25,,65.95,0.0136
2023-10-04 14:50:00,lachen,Lachen,27.7167,88.5567,0.16,5.743,63.16,0.0142
2023-10-04 14:50:00,mangan,Mangan,27.5167,88.5333,1.31,3.988,61.43,0.0156
2023-10-04 14:50:00,singtam,Singtam,27.2333,88.4833,1.24,3.163,65.43,0.0183
2023-10-04 15:00:00,chungthang,Chungthang,27.6167,88.65,0.36,4.31,63.94,0.017
2023-10-04 15:00:00,dikchu,Dikchu,27.3833,88.6167,0.49,3.438,65.41,0.018
2023-10-04 15:00:00,gangtok,Gangtok,27.3389,88.6065,1.44,,62.68,0.0337
2023-10-04 15:00:00,gyalshing,Gyalshing,27.2833,88.2667,0.16,,66.12,0.0036
2023-10-04 15:00:00,lachen,Lachen,27.7167,88.5567,0.85,5.695,62.97,0.0334
2023-10-04 15:00:00,mangan,Mangan,27.5167,88.5333,0.89,3.912,61.42,0.0293
2023-10-04 15:00:00,singtam,Singtam,27.2333,88.4833,0.04,3.151,65.11,0.0447
2023-10-04 15:10:00,chungthang,Chungthang,27.6167,88.65,0.17,4.269,64.01,0.0042
2023-10-04 15:10:00,dikchu,Dikchu,27.3833,88.6167,0.07,3.439,65.74,0.0198
2023-10-04 15:10:00,gangtok,Gangtok,27.3389,88.6065,1.28,,62.37,0.0007
2023-10-04 15:10:00,gyalshing,Gyalshing,27.2833,88.2667,0.02,,66.07,0.0339
2023-10-04 15:10:00,lachen,Lachen,27.7167,88.5567,0.2,5.694,63.15,0.0099
2023-10-04 15:10:00,mangan,Mangan,27.5167,88.5333,0.1,3.962,61.38,0.0017
2023-10-04 15:10:00,singtam,Singtam,27.2333,88.4833,4.12,3.075,65.08,0.0171
2023-10-04 15:20:00,chungthang,Chungthang,27.6167,88.65,0.1,4.286,64.11,0.005
2023-10-04 15:20:00,dikchu,Dikchu,27.3833,88.6167,0.05,3.417,65.67,0.0183
2023-10-04 15:20:00,gangtok,Gangtok,27.3389,88.6065,0.86,,62.39,0.0009
2023-10-04 15:20:00,gyalshing,Gyalshing,27.2833,88.2667,1.06,,65.69,0.0042
2023-10-04 15:20:00,lachen,Lachen,27.7167,88.5567,0.85,5.626,62.53,0.0008
2023-10-04 15:20:00,mangan,Mangan,27.5167,88.5333,0.82,3.913,61.15,0.0349
2023-10-04 15:20:00,singtam,Singtam,27.2333,88.4833,0.54,3.035,64.89,0.0048
2023-10-04 15:30:00,chungthang,Chungthang,27.6167,88.65,0.09,4.242,64.14,0.0027
2023-10-04 15:30:00,dikchu,Dikchu,27.3833,88.6167,0.51,3.403,65.32,0.0304
2023-10-04 15:30:00,gangtok,Gangtok,27.3389,88.6065,1.68,,62.1,0.0086
2023-10-04 15:30:00,gyalshing,Gyalshing,27.2833,88.2667,0.25,,65.26,0.0294
2023-10-04 15:30:00,lachen,Lachen,27.7167,88.5567,1.03,5.588,62.07,0.0439
2023-10-04 15:30:00,mangan,Mangan,27.5167,88.5333,0.08,3.955,61.03,0.0065
2023-10-04 15:30:00,singtam,Singtam,27.2333,88.4833,1.18,3.139,64.85,0.005
2023-10-04 15:40:00,chungthang,Chungthang,27.6167,88.65,0.14,4.206,64.32,0.025
2023-10-04 15:40:00,dikchu,Dikchu,27.3833,88.6167,0.05,3.35,65.29,0.0014
2023-10-04 15:40:00,gangtok,Gangtok,27.3389,88.6065,0.02,,62.16,0.0196
2023-10-04 15:40:00,gyalshing,Gyalshing,27.2833,88.2667,1.61,,65.57,0.0208
2023-10-04 15:40:00,lachen,Lachen,27.7167,88.5567,0.08,5.565,61.67,0.0404
2023-10-04 15:40:00,mangan,Mangan,27.5167,88.5333,0.07,3.911,60.43,0.0102
2023-10-04 15:40:00,singtam,Singtam,27.2333,88.4833,0.52,3.104,64.71,0.0312
2023-10-04 15:50:00,chungthang,Chungthang,27.6167,88.65,0.09,4.199,64.28,0.0018
2023-10-04 15:50:00,dikchu,Dikchu,27.3833,88.6167,0.02,3.369,65.1,0.0336
2023-10-04 15:50:00,gangtok,Gangtok,27.3389,88.6065,0.83,,62.01,0.0051
2023-10-04 15:50:00,gyalshing,Gyalshing,27.2833,88.2667,1.3,,65.14,0.0168
2023-10-04 15:50:00,lachen,Lachen,27.7167,88.5567,1.7,5.577,61.51,0.0026
2023-10-04 15:50:00,mangan,Mangan,27.5167,88.5333,0.07,3.826,60.42,0.0098
2023-10-04 15:50:00,singtam,Singtam,27.2333,88.4833,0.02,3.081,64.45,0.0203
2023-10-04 16:00:00,chungthang,Chungthang,27.6167,88.65,2.29,4.149,64.14,0.0044
2023-10-04 16:00:00,dikchu,Dikchu,27.3833,88.6167,0.67,3.302,64.83,0.0077
2023-10-04 16:00:00,gangtok,Gangtok,27.3389,88.6065,0.02,,62.06,0.0385
2023-10-04 16:00:00,gyalshing,Gyalshing,27.2833,88.2667,0.29,,64.81,0.0288
2023-10-04 16:00:00,lachen,Lachen,27.7167,88.5567,0.06,5.451,61.26,0.0072
2023-10-04 16:00:00,mangan,Mangan,27.5167,88.5333,0.09,3.777,60.32,0.0397
2023-10-04 16:00:00,singtam,Singtam,27.2333,88.4833,3.35,3.093,64.67,0.0033
2023-10-04 16:10:00,chungthang,Chungthang,27.6167,88.65,0.06,4.218,64.25,0.0083
2023-10-04 16:10:00,dikchu,Dikchu,27.3833,88.6167,0.02,3.381,64.4,0.0028
2023-10-04 16:10:00,gangtok,Gangtok,27.3389,88.6065,0.1,,62.02,0.022
2023-10-04 16:10:00,gyalshing,Gyalshing,27.2833,88.2667,0.46,,64.71,0.0138
2023-10-04 16:10:00,lachen,Lachen,27.7167,88.5567,0.72,5.48,61.46,0.0221
2023-10-04 16:10:00,mangan,Mangan,27.5167,88.5333,0.1,3.795,60.67,0.0389
2023-10-04 16:10:00,singtam,Singtam,27.2333,88.4833,0.02,3.12,64.65,0.0078
2023-10-04 16:20:00,chungthang,Chungthang,27.6167,88.65,0.39,4.102,64.02,0.0068
2023-10-04 16:20:00,dikchu,Dikchu,27.3833,88.6167,0.28,3.28,64.08,0.009
2023-10-04 16:20:00,gangtok,Gangtok,27.3389,88.6065,5.11,,62.12,0.0273
2023-10-04 16:20:00,gyalshing,Gyalshing,27.2833,88.2667,0.02,,64.45,0.0093
2023-10-04 16:20:00,lachen,Lachen,27.7167,88.5567,0.14,5.366,61.53,0.0013
2023-10-04 16:20:00,mangan,Mangan,27.5167,88.5333,0.81,3.761,60.52,0.0455
2023-10-04 16:20:00,singtam,Singtam,27.2333,88.4833,1.1,3.096,64.52,0.0084
2023-10-04 16:30:00,chungthang,Chungthang,27.6167,88.65,0.05,4.078,63.81,0.0004
2023-10-04 16:30:00,dikchu,Dikchu,27.3833,88.6167,1.39,3.299,63.84,0.0204
2023-10-04 16:30:00,gangtok,Gangtok,27.3389,88.6065,0.12,,61.82,0.024
2023-10-04 16:30:00,gyalshing,Gyalshing,27.2833,88.2667,0.01,,64.39,0.0316
2023-10-04 16:30:00,lachen,Lachen,27.7167,88.5567,0.14,5.396,61.48,0.0023
2023-10-04 16:30:00,mangan,Mangan,27.5167,88.5333,0.79,3.833,60.12,0.0047
2023-10-04 16:30:00,singtam,Singtam,27.2333,88.4833,0.17,3.073,64.49,0.026
2023-10-04 16:40:00,chungthang,Chungthang,27.6167,88.65,0.3,3.996,64.02,0.0155
2023-10-04 16:40:00,dikchu,Dikchu,27.3833,88.6167,0.13,3.257,63.83,0.0213
2023-10-04 16:40:00,gangtok,Gangtok,27.3389,88.6065,2.52,,61.76,0.0161
2023-10-04 16:40:00,gyalshing,Gyalshing,27.2833,88.2667,0.02,,63.77,0.0046
2023-10-04 16:40:00,lachen,Lachen,27.7167,88.5567,3.32,5.404,61.34,0.0189
2023-10-04 16:40:00,mangan,Mangan,27.5167,88.5333,0.41,3.759,59.95,0.007
2023-10-04 16:40:00,singtam,Singtam,27.2333,88.4833,0.55,3.008,64.1,0.0061
2023-10-04 16:50:00,chungthang,Chungthang,27.6167,88.65,0.09,4.007,64.19,0.0133
2023-10-04 16:50:00,dikchu,Dikchu,27.3833,88.6167,0.18,3.263,63.74,0.0217
2023-10-04 16:50:00,gangtok,Gangtok,27.3389,88.6065,1.07,,61.77,0.0145
2023-10-04 16:50:00,gyalshing,Gyalshing,27.2833,88.2667,0.07,,63.51,0.0157
2023-10-04 16:50:00,lachen,Lachen,27.7167,88.5567,0.04,5.339,61.25,0.0027
2023-10-04 16:50:00,mangan,Mangan,27.5167,88.5333,1.06,3.768,59.7,0.0283
2023-10-04 16:50:00,singtam,Singtam,27.2333,88.4833,0.22,3.003,64.4,0.0181
2023-10-04 17:00:00,chungthang,Chungthang,27.6167,88.65,0.05,4.033,63.95,0.0033
2023-10-04 17:00:00,dikchu,Dikchu,27.3833,88.6167,0.53,3.273,63.97,0.005
2023-10-04 17:00:00,gangtok,Gangtok,27.3389,88.6065,0.77,,61.18,0.0265
2023-10-04 17:00:00,gyalshing,Gyalshing,27.2833,88.2667,1.0,,63.48,0.0355
2023-10-04 17:00:00,lachen,Lachen,27.7167,88.5567,0.12,5.297,60.84,0.0246
2023-10-04 17:00:00,mangan,Mangan,27.5167,88.5333,0.57,3.712,59.65,0.0199
2023-10-04 17:00:00,singtam,Singtam,27.2333,88.4833,0.21,2.945,63.89,0.0228
2023-10-04 17:10:00,chungthang,Chungthang,27.6167,88.65,0.13,3.935,63.59,0.0273
2023-10-04 17:10:00,dikchu,Dikchu,27.3833,88.6167,1.11,3.245,63.91,0.0096
2023-10-04 17:10:00,gangtok,Gangtok,27.3389,88.6065,0.79,,61.39,0.0193
2023-10-04 17:10:00,gyalshing,Gyalshing,27.2833,88.2667,0.01,,63.39,0.0119
2023-10-04 17:10:00,lachen,Lachen,27.7167,88.5567,0.03,5.244,60.85,0.0002
2023-10-04 17:10:00,mangan,Mangan,27.5167,88.5333,0.06,3.697,59.47,0.0008
2023-10-04 17:10:00,singtam,Singtam,27.2333,88.4833,0.04,3.027,63.69,0.0144
2023-10-04 17:20:00,chungthang,Chungthang,27.6167,88.65,2.63,3.886,63.72,0.0358
2023-10-04 17:20:00,dikchu,Dikchu,27.3833,88.6167,0.04,3.283,63.77,0.0049
2023-10-04 17:20:00,gangtok,Gangtok,27.3389,88.6065,2.21,,61.77,0.0188
2023-10-04 17:20:00,gyalshing,Gyalshing,27.2833,88.2667,0.09,,63.01,0.0103
2023-10-04 17:20:00,lachen,Lachen,27.7167,88.5567,0.08,5.23,60.36,0.0023
2023-10-04 17:20:00,mangan,Mangan,27.5167,88.5333,0.06,3.683,58.98,0.0012
2023-10-04 17:20:00,singtam,Singtam,27.2333,88.4833,0.48,3.033,63.38,0.0103
2023-10-04 17:30:00,chungthang,Chungthang,27.6167,88.65,0.04,3.929,63.66,0.0028
2023-10-04 17:30:00,dikchu,Dikchu,27.3833,88.6167,0.59,3.244,63.45,0.0066
2023-10-04 17:30:00,gangtok,Gangtok,27.3389,88.6065,1.26,,61.8,0.0224
2023-10-04 17:30:00,gyalshing,Gyalshing,27.2833,88.2667,0.17,,62.49,0.0265
2023-10-04 17:30:00,lachen,Lachen,27.7167,88.5567,0.02,5.191,60.37,0.0213
2023-10-04 17:30:00,mangan,Mangan,27.5167,88.5333,1.67,3.698,58.39,0.0387
2023-10-04 17:30:00,singtam,Singtam,27.2333,88.4833,0.12,3.026,63.05,0.0347
2023-10-04 17:40:00,chungthang,Chungthang,27.6167,88.65,0.02,3.946,63.47,0.0016
2023-10-04 17:40:00,dikchu,Dikchu,27.3833,88.6167,0.24,3.211,62.93,0.0094
2023-10-04 17:40:00,gangtok,Gangtok,27.3389,88.6065,0.18,,61.77,0.0551
2023-10-04 17:40:00,gyalshing,Gyalshing,27.2833,88.2667,0.08,,62.31,0.0193
2023-10-04 17:40:00,lachen,Lachen,27.7167,88.5567,1.87,5.145,60.45,0.0196
2023-10-04 17:40:00,mangan,Mangan,27.5167,88.5333,0.12,3.656,58.27,0.0015
2023-10-04 17:40:00,singtam,Singtam,27.2333,88.4833,0.1,3.002,62.69,0.0003
2023-10-04 17:50:00,chungthang,Chungthang,27.6167,88.65,0.46,3.883,63.13,0.0069
2023-10-04 17:50:00,dikchu,Dikchu,27.3833,88.6167,0.02,3.209,62.54,0.0041
2023-10-04 17:50:00,gangtok,Gangtok,27.3389,88.6065,0.18,,61.69,0.0028
2023-10-04 17:50:00,gyalshing,Gyalshing,27.2833,88.2667,0.02,,61.75,0.0121
2023-10-04 17:50:00,lachen,Lachen,27.7167,88.5567,0.02,5.13,60.28,0.0563
2023-10-04 17:50:00,mangan,Mangan,27.5167,88.5333,2.18,3.597,58.42,0.0169
2023-10-04 17:50:00,singtam,Singtam,27.2333,88.4833,0.62,2.969,62.25,0.0191
2023-10-04 18:00:00,chungthang,Chungthang,27.6167,88.65,0.03,3.849,62.94,0.0098
2023-10-04 18:00:00,dikchu,Dikchu,27.3833,88.6167,1.02,3.238,62.12,0.0233
2023-10-04 18:00:00,gangtok,Gangtok,27.3389,88.6065,0.57,,61.37,0.0106
2023-10-04 18:00:00,gyalshing,Gyalshing,27.2833,88.2667,0.01,,61.83,0.0061
2023-10-04 18:00:00,lachen,Lachen,27.7167,88.5567,0.24,5.115,60.01,0.0075
2023-10-04 18:00:00,mangan,Mangan,27.5167,88.5333,0.6,3.66,58.25,0.0047
2023-10-04 18:00:00,singtam,Singtam,27.2333,88.4833,0.11,2.948,62.3,0.0256
2023-10-04 18:10:00,chungthang,Chungthang,27.6167,88.65,0.04,3.781,62.65,0.0309
2023-10-04 18:10:00,dikchu,Dikchu,27.3833,88.6167,1.1,3.218,61.23,0.0283
2023-10-04 18:10:00,gangtok,Gangtok,27.3389,88.6065,0.33,,61.11,0.0228
2023-10-04 18:10:00,gyalshing,Gyalshing,27.2833,88.2667,0.25,,61.63,0.0222
2023-10-04 18:10:00,lachen,Lachen,27.7167,88.5567,0.19,5.057,59.88,0.0076
2023-10-04 18:10:00,mangan,Mangan,27.5167,88.5333,0.43,3.585,58.25,0.0235
2023-10-04 18:10:00,singtam,Singtam,27.2333,88.4833,0.83,2.932,61.75,0.0226
2023-10-04 18:20:00,chungthang,Chungthang,27.6167,88.65,0.01,3.828,62.21,0.0277
2023-10-04 18:20:00,dikchu,Dikchu,27.3833,88.6167,0.01,3.145,60.73,0.0244
2023-10-04 18:20:00,gangtok,Gangtok,27.3389,88.6065,0.0,,61.1,0.0192
2023-10-04 18:20:00,gyalshing,Gyalshing,27.2833,88.2667,5.7,,61.28,0.0062
2023-10-04 18:20:00,lachen,Lachen,27.7167,88.5567,0.49,5.027,58.92,0.0105
2023-10-04 18:20:00,mangan,Mangan,27.5167,88.5333,1.06,3.563,58.29,0.0227
2023-10-04 18:20:00,singtam,Singtam,27.2333,88.4833,0.16,2.943,61.73,0.019
2023-10-04 18:30:00,chungthang,Chungthang,27.6167,88.65,0.41,3.813,61.96,0.0089
2023-10-04 18:30:00,dikchu,Dikchu,27.3833,88.6167,1.38,3.148,60.89,0.0042
2023-10-04 18:30:00,gangtok,Gangtok,27.3389,88.6065,0.69,,60.6,0.0355
2023-10-04 18:30:00,gyalshing,Gyalshing,27.2833,88.2667,0.0,,60.76,0.0011
2023-10-04 18:30:00,lachen,Lachen,27.7167,88.5567,0.01,4.982,58.77,0.0375
2023-10-04 18:30:00,mangan,Mangan,27.5167,88.5333,4.13,3.474,58.15,0.0128
2023-10-04 18:30:00,singtam,Singtam,27.2333,88.4833,4.55,2.91,61.68,0.0009
2023-10-04 18:40:00,chungthang,Chungthang,27.6167,88.65,0.01,3.718,61.74,0.0022
2023-10-04 18:40:00,dikchu,Dikchu,27.3833,88.6167,0.03,3.171,60.72,0.0168
2023-10-04 18:40:00,gangtok,Gangtok,27.3389,88.6065,0.0,,60.07,0.0196
2023-10-04 18:40:00,gyalshing,Gyalshing,27.2833,88.2667,0.01,,60.35,0.0034
2023-10-04 18:40:00,lachen,Lachen,27.7167,88.5567,0.04,5.007,58.5,0.0159
2023-10-04 18:40:00,mangan,Mangan,27.5167,88.5333,0.01,3.561,57.72,0.0319
2023-10-04 18:40:00,singtam,Singtam,27.2333,88.4833,0.83,2.984,61.32,0.005
2023-10-04 18:50:00,chungthang,Chungthang,27.6167,88.65,0.25,3.784,61.36,0.0124
2023-10-04 18:50:00,dikchu,Dikchu,27.3833,88.6167,0.02,3.157,60.35,0.0376
2023-10-04 18:50:00,gangtok,Gangtok,27.3389,88.6065,1.61,,59.72,0.0146
2023-10-04 18:50:00,gyalshing,Gyalshing,27.2833,88.2667,1.5,,59.73,0.0059
2023-10-04 18:50:00,lachen,Lachen,27.7167,88.5567,1.79,4.984,58.25,0.0321
2023-10-04 18:50:00,mangan,Mangan,27.5167,88.5333,0.42,3.528,57.55,0.0009
2023-10-04 18:50:00,singtam,Singtam,27.2333,88.4833,0.35,2.884,61.19,0.018
2023-10-04 19:00:00,chungthang,Chungthang,27.6167,88.65,0.18,3.752,61.29,0.0015
2023-10-04 19:00:00,dikchu,Dikchu,27.3833,88.6167,0.72,3.104,60.19,0.0356
2023-10-04 19:00:00,gangtok,Gangtok,27.3389,88.6065,0.96,,59.64,0.0044
2023-10-04 19:00:00,gyalshing,Gyalshing,27.2833,88.2667,0.04,,59.56,0.0161
2023-10-04 19:00:00,lachen,Lachen,27.7167,88.5567,0.01,4.947,58.18,0.0281
2023-10-04 19:00:00,mangan,Mangan,27.5167,88.5333,0.34,3.512,57.62,0.001
2023-10-04 19:00:00,singtam,Singtam,27.2333,88.4833,0.05,2.909,60.88,0.0335
2023-10-04 19:10:00,chungthang,Chungthang,27.6167,88.65,0.27,3.742,61.31,0.0038
2023-10-04 19:10:00,dikchu,Dikchu,27.3833,88.6167,0.01,3.147,59.42,0.0159
2023-10-04 19:10:00,gangtok,Gangtok,27.3389,88.6065,0.31,,59.16,0.0159
2023-10-04 19:10:00,gyalshing,Gyalshing,27.2833,88.2667,0.0,,59.1,0.0107
2023-10-04 19:10:00,lachen,Lachen,27.7167,88.5567,1.41,4.942,57.92,0.0068
2023-10-04 19:10:00,mangan,Mangan,27.5167,88.5333,1.44,3.48,57.52,0.002
2023-10-04 19:10:00,singtam,Singtam,27.2333,88.4833,0.49,2.849,60.33,0.0442
2023-10-04 19:20:00,chungthang,Chungthang,27.6167,88.65,3.15,3.705,61.26,0.0068
2023-10-04 19:20:00,dikchu,Dikchu,27.3833,88.6167,0.36,3.087,59.23,0.0255
2023-10-04 19:20:00,gangtok,Gangtok,27.3389,88.6065,0.45,,58.85,0.0305
2023-10-04 19:20:00,gyalshing,Gyalshing,27.2833,88.2667,0.0,,58.91,0.0085
2023-10-04 19:20:00,lachen,Lachen,27.7167,88.5567,0.26,4.89,57.38,0.0021
2023-10-04 19:20:00,mangan,Mangan,27.5167,88.5333,0.01,3.459,57.45,0.0014
2023-10-04 19:20:00,singtam,Singtam,27.2333,88.4833,0.39,2.908,59.78,0.0008
2023-10-04 19:30:00,chungthang,Chungthang,27.6167,88.65,0.21,3.687,60.88,0.0088
2023-10-04 19:30:00,dikchu,Dikchu,27.3833,88.6167,0.49,3.142,59.28,0.0012
2023-10-04 19:30:00,gangtok,Gangtok,27.3389,88.6065,2.63,,58.6,0.0101
2023-10-04 19:30:00,gyalshing,Gyalshing,27.2833,88.2667,0.1,,58.8,0.0248
2023-10-04 19:30:00,lachen,Lachen,27.7167,88.5567,0.02,4.873,57.09,0.0256
2023-10-04 19:30:00,mangan,Mangan,27.5167,88.5333,0.18,3.449,57.09,0.0526
2023-10-04 19:30:00,singtam,Singtam,27.2333,88.4833,0.2,2.892,59.68,0.0506
2023-10-04 19:40:00,chungthang,Chungthang,27.6167,88.65,0.21,3.663,60.76,0.005
2023-10-04 19:40:00,dikchu,Dikchu,27.3833,88.6167,5.49,3.109,59.01,0.0209
2023-10-04 19:40:00,gangtok,Gangtok,27.3389,88.6065,0.1,,58.01,0.0138
2023-10-04 19:40:00,gyalshing,Gyalshing,27.2833,88.2667,0.0,,58.77,0.0132
2023-10-04 19:40:00,lachen,Lachen,27.7167,88.5567,1.47,4.844,56.86,0.0105
2023-10-04 19:40:00,mangan,Mangan,27.5167,88.5333,0.89,3.458,56.77,0.0037
2023-10-04 19:40:00,singtam,Singtam,27.2333,88.4833,0.44,2.873,59.56,0.0032
2023-10-04 19:50:00,chungthang,Chungthang,27.6167,88.65,0.03,3.654,60.47,0.0041
2023-10-04 19:50:00,dikchu,Dikchu,27.3833,88.6167,1.57,3.048,58.31,0.0158
2023-10-04 19:50:00,gangtok,Gangtok,27.3389,88.6065,1.22,,57.16,0.02
2023-10-04 19:50:00,gyalshing,Gyalshing,27.2833,88.2667,0.0,,58.57,0.0077
2023-10-04 19:50:00,lachen,Lachen,27.7167,88.5567,0.73,4.807,56.64,0.013
2023-10-04 19:50:00,mangan,Mangan,27.5167,88.5333,0.48,3.447,56.49,0.0273
2023-10-04 19:50:00,singtam,Singtam,27.2333,88.4833,0.0,2.848,59.34,0.0118
2023-10-04 20:00:00,chungthang,Chungthang,27.6167,88.65,0.64,3.554,59.85,0.0121
2023-10-04 20:00:00,dikchu,Dikchu,27.3833,88.6167,0.0,3.056,57.93,0.0253
2023-10-04 20:00:00,gangtok,Gangtok,27.3389,88.6065,0.0,,56.65,0.0079
2023-10-04 20:00:00,gyalshing,Gyalshing,27.2833,88.2667,0.53,,58.58,0.0018
2023-10-04 20:00:00,lachen,Lachen,27.7167,88.5567,0.08,4.769,56.42,0.002
2023-10-04 20:00:00,mangan,Mangan,27.5167,88.5333,0.1,3.406,56.22,0.0325
2023-10-04 20:00:00,singtam,Singtam,27.2333,88.4833,0.38,2.869,58.96,0.0247
2023-10-04 20:10:00,chungthang,Chungthang,27.6167,88.65,0.0,3.544,59.7,0.0124
2023-10-04 20:10:00,dikchu,Dikchu,27.3833,88.6167,0.33,3.046,57.98,0.011
2023-10-04 20:10:00,gangtok,Gangtok,27.3389,88.6065,0.08,,56.46,0.0118
2023-10-04 20:10:00,gyalshing,Gyalshing,27.2833,88.2667,0.03,,58.66,0.01
2023-10-04 20:10:00,lachen,Lachen,27.7167,88.5567,0.83,4.827,56.42,0.0057
2023-10-04 20:10:00,mangan,Mangan,27.5167,88.5333,0.0,3.426,56.25,0.0317
2023-10-04 20:10:00,singtam,Singtam,27.2333,88.4833,0.92,2.845,58.64,0.0125
2023-10-04 20:20:00,chungthang,Chungthang,27.6167,88.65,0.0,3.548,59.43,0.0142
2023-10-04 20:20:00,dikchu,Dikchu,27.3833,88.6167,0.01,3.057,57.76,0.0201
2023-10-04 20:20:00,gangtok,Gangtok,27.3389,88.6065,1.82,,56.35,0.0179
2023-10-04 20:20:00,gyalshing,Gyalshing,27.2833,88.2667,0.87,,58.46,0.0366
2023-10-04 20:20:00,lachen,Lachen,27.7167,88.5567,0.01,4.723,55.89,0.0385
2023-10-04 20:20:00,mangan,Mangan,27.5167,88.5333,0.11,3.38,55.41,0.017
2023-10-04 20:20:00,singtam,Singtam,27.2333,88.4833,0.05,2.849,58.23,0.0032
2023-10-04 20:30:00,chungthang,Chungthang,27.6167,88.65,0.34,3.547,59.76,0.0181
2023-10-04 20:30:00,dikchu,Dikchu,27.3833,88.6167,1.85,3.036,57.13,0.0004
2023-10-04 20:30:00,gangtok,Gangtok,27.3389,88.6065,0.92,,56.22,0.0491
2023-10-04 20:30:00,gyalshing,Gyalshing,27.2833,88.2667,0.75,,58.26,0.0048
2023-10-04 20:30:00,lachen,Lachen,27.7167,88.5567,0.0,4.692,55.67,0.0396
2023-10-04 20:30:00,mangan,Mangan,27.5167,88.5333,0.76,3.352,55.17,0.0048
2023-10-04 20:30:00,singtam,Singtam,27.2333,88.4833,2.04,2.905,57.53,0.013
2023-10-04 20:40:00,chungthang,Chungthang,27.6167,88.65,1.67,3.544,59.81,0.0115
2023-10-04 20:40:00,dikchu,Dikchu,27.3833,88.6167,0.0,2.998,57.44,0.0049
2023-10-04 20:40:00,gangtok,Gangtok,27.3389,88.6065,0.04,,56.12,0.0147
2023-10-04 20:40:00,gyalshing,Gyalshing,27.2833,88.2667,0.0,,57.84,0.0328
2023-10-04 20:40:00,lachen,Lachen,27.7167,88.5567,0.0,4.702,55.73,0.0009
2023-10-04 20:40:00,mangan,Mangan,27.5167,88.5333,0.01,3.358,54.89,0.0202
2023-10-04 20:40:00,singtam,Singtam,27.2333,88.4833,0.0,2.844,57.27,0.0235
2023-10-04 20:50:00,chungthang,Chungthang,27.6167,88.65,0.78,3.524,59.66,0.0106
2023-10-04 20:50:00,dikchu,Dikchu,27.3833,88.6167,0.18,2.98,56.85,0.0314
2023-10-04 20:50:00,gangtok,Gangtok,27.3389,88.6065,0.0,,55.7,0.0143
2023-10-04 20:50:00,gyalshing,Gyalshing,27.2833,88.2667,0.0,,57.31,0.0044
2023-10-04 20:50:00,lachen,Lachen,27.7167,88.5567,0.11,4.673,55.02,0.0013
2023-10-04 20:50:00,mangan,Mangan,27.5167,88.5333,0.7,3.297,54.3,0.0132
2023-10-04 20:50:00,singtam,Singtam,27.2333,88.4833,0.0,2.847,57.12,0.0183
2023-10-04 21:00:00,chungthang,Chungthang,27.6167,88.65,0.57,3.529,59.39,0.0214
2023-10-04 21:00:00,dikchu,Dikchu,27.3833,88.6167,0.46,3.029,56.51,0.0137
2023-10-04 21:00:00,gangtok,Gangtok,27.3389,88.6065,0.02,,55.23,0.0143
2023-10-04 21:00:00,gyalshing,Gyalshing,27.2833,88.2667,0.0,,57.35,0.0017
2023-10-04 21:00:00,lachen,Lachen,27.7167,88.5567,0.02,4.6,54.8,0.0075
2023-10-04 21:00:00,mangan,Mangan,27.5167,88.5333,0.0,3.33,54.22,0.0389
2023-10-04 21:00:00,singtam,Singtam,27.2333,88.4833,0.0,2.81,56.86,0.0055
2023-10-04 21:10:00,chungthang,Chungthang,27.6167,88.65,0.0,3.512,59.09,0.0203
2023-10-04 21:10:00,dikchu,Dikchu,27.3833,88.6167,0.15,3.012,55.97,0.0042
2023-10-04 21:10:00,gangtok,Gangtok,27.3389,88.6065,0.14,,55.07,0.0392
2023-10-04 21:10:00,gyalshing,Gyalshing,27.2833,88.2667,0.58,,57.23,0.0119
2023-10-04 21:10:00,lachen,Lachen,27.7167,88.5567,1.46,4.653,54.4,0.0221
2023-10-04 21:10:00,mangan,Mangan,27.5167,88.5333,0.44,3.262,53.79,0.0138
2023-10-04 21:10:00,singtam,Singtam,27.2333,88.4833,0.19,2.793,57.03,0.0121
2023-10-04 21:20:00,chungthang,Chungthang,27.6167,88.65,0.01,3.434,58.51,0.0194
2023-10-04 21:20:00,dikchu,Dikchu,27.3833,88.6167,0.02,2.997,55.44,0.0184
2023-10-04 21:20:00,gangtok,Gangtok,27.3389,88.6065,1.09,,54.77,0.0106
2023-10-04 21:20:00,gyalshing,Gyalshing,27.2833,88.2667,0.01,,57.13,0.0099
2023-10-04 21:20:00,lachen,Lachen,27.7167,88.5567,0.06,4.594,54.04,0.0066
2023-10-04 21:20:00,mangan,Mangan,27.5167,88.5333,0.57,3.263,53.45,0.0471
2023-10-04 21:20:00,singtam,Singtam,27.2333,88.4833,2.06,2.809,56.51,0.0028
2023-10-04 21:30:00,chungthang,Chungthang,27.6167,88.65,0.17,3.45,57.75,0.014
2023-10-04 21:30:00,dikchu,Dikchu,27.3833,88.6167,0.73,2.992,55.07,0.0065
2023-10-04 21:30:00,gangtok,Gangtok,27.3389,88.6065,0.0,,54.74,0.0191
2023-10-04 21:30:00,gyalshing,Gyalshing,27.2833,88.2667,1.23,,56.71,0.0039
2023-10-04 21:30:00,lachen,Lachen,27.7167,88.5567,0.02,4.542,53.56,0.0084
2023-10-04 21:30:00,mangan,Mangan,27.5167,88.5333,0.69,3.219,53.67,0.0206
2023-10-04 21:30:00,singtam,Singtam,27.2333,88.4833,0.1,2.878,56.06,0.0028
2023-10-04 21:40:00,chungthang,Chungthang,27.6167,88.65,0.82,3.4,57.22,0.0251
2023-10-04 21:40:00,dikchu,Dikchu,27.3833,88.6167,0.02,2.956,54.94,0.0031
2023-10-04 21:40:00,gangtok,Gangtok,27.3389,88.6065,0.69,,54.58,0.0056
2023-10-04 21:40:00,gyalshing,Gyalshing,27.2833,88.2667,0.43,,56.84,0.0262
2023-10-04 21:40:00,lachen,Lachen,27.7167,88.5567,0.01,4.589,53.26,0.0196
2023-10-04 21:40:00,mangan,Mangan,27.5167,88.5333,0.37,3.261,53.67,0.03
2023-10-04 21:40:00,singtam,Singtam,27.2333,88.4833,0.06,2.787,55.82,0.0156
2023-10-04 21:50:00,chungthang,Chungthang,27.6167,88.65,0.01,3.402,56.89,0.0114
2023-10-04 21:50:00,dikchu,Dikchu,27.3833,88.6167,0.62,2.971,55.0,0.0112
2023-10-04 21:50:00,gangtok,Gangtok,27.3389,88.6065,0.01,,54.63,0.0077
2023-10-04 21:50:00,gyalshing,Gyalshing,27.2833,88.2667,0.21,,56.49,0.0173
2023-10-04 21:50:00,lachen,Lachen,27.7167,88.5567,1.97,4.551,53.47,0.0108
2023-10-04 21:50:00,mangan,Mangan,27.5167,88.5333,0.55,3.3,53.56,0.0332
2023-10-04 21:50:00,singtam,Singtam,27.2333,88.4833,2.81,2.799,55.62,0.0072
2023-10-04 22:00:00,chungthang,Chungthang,27.6167,88.65,0.15,3.401,56.06,0.0038
2023-10-04 22:00:00,dikchu,Dikchu,27.3833,88.6167,1.5,3.032,54.64,0.0001
2023-10-04 22:00:00,gangtok,Gangtok,27.3389,88.6065,0.0,,54.25,0.005
2023-10-04 22:00:00,gyalshing,Gyalshing,27.2833,88.2667,0.04,,55.97,0.009
2023-10-04 22:00:00,lachen,Lachen,27.7167,88.5567,0.22,4.473,52.9,0.0008
2023-10-04 22:00:00,mangan,Mangan,27.5167,88.5333,0.0,3.235,53.4,0.0208
2023-10-04 22:00:00,singtam,Singtam,27.2333,88.4833,0.04,2.757,54.88,0.0045
2023-10-04 22:10:00,chungthang,Chungthang,27.6167,88.65,0.7,3.272,55.62,0.0202
2023-10-04 22:10:00,dikchu,Dikchu,27.3833,88.6167,0.0,2.982,54.12,0.035
2023-10-04 22:10:00,gangtok,Gangtok,27.3389,88.6065,0.18,,54.27,0.0061
2023-10-04 22:10:00,gyalshing,Gyalshing,27.2833,88.2667,0.95,,55.57,0.012
2023-10-04 22:10:00,lachen,Lachen,27.7167,88.5567,0.24,4.543,52.36,0.0316
2023-10-04 22:10:00,mangan,Mangan,27.5167,88.5333,2.33,3.244,53.11,0.024
2023-10-04 22:10:00,singtam,Singtam,27.2333,88.4833,0.15,2.692,54.75,0.0124
2023-10-04 22:20:00,chungthang,Chungthang,27.6167,88.65,0.35,3.43,55.27,0.0167
2023-10-04 22:20:00,dikchu,Dikchu,27.3833,88.6167,0.02,2.93,53.98,0.027
2023-10-04 22:20:00,gangtok,Gangtok,27.3389,88.6065,0.04,,54.52,0.0306
2023-10-04 22:20:00,gyalshing,Gyalshing,27.2833,88.2667,0.72,,55.7,0.0367
2023-10-04 22:20:00,lachen,Lachen,27.7167,88.5567,0.12,4.489,51.79,0.0141
2023-10-04 22:20:00,mangan,Mangan,27.5167,88.5333,1.62,3.282,53.37,0.0011
2023-10-04 22:20:00,singtam,Singtam,27.2333,88.4833,0.0,2.744,54.55,0.0188
2023-10-04 22:30:00,chungthang,Chungthang,27.6167,88.65,0.32,3.359,54.92,0.0169
2023-10-04 22:30:00,dikchu,Dikchu,27.3833,88.6167,0.21,2.914,53.85,0.0003
2023-10-04 22:30:00,gangtok,Gangtok,27.3389,88.6065,0.0,,54.27,0.0186
2023-10-04 22:30:00,gyalshing,Gyalshing,27.2833,88.2667,2.36,,55.06,0.0038
2023-10-04 22:30:00,lachen,Lachen,27.7167,88.5567,0.0,4.449,51.98,0.0388
2023-10-04 22:30:00,mangan,Mangan,27.5167,88.5333,0.17,3.211,53.3,0.0415
2023-10-04 22:30:00,singtam,Singtam,27.2333,88.4833,0.2,2.833,53.76,0.0034
2023-10-04 22:40:00,chungthang,Chungthang,27.6167,88.65,0.56,3.308,54.47,0.0148
2023-10-04 22:40:00,dikchu,Dikchu,27.3833,88.6167,0.22,2.835,53.66,0.022
2023-10-04 22:40:00,gangtok,Gangtok,27.3389,88.6065,0.79,,54.14,0.01
2023-10-04 22:40:00,gyalshing,Gyalshing,27.2833,88.2667,0.0,,54.59,0.011
2023-10-04 22:40:00,lachen,Lachen,27.7167,88.5567,0.0,4.477,51.62,0.0144
2023-10-04 22:40:00,mangan,Mangan,27.5167,88.5333,0.09,3.162,52.86,0.0006
2023-10-04 22:40:00,singtam,Singtam,27.2333,88.4833,0.03,2.773,53.49,0.0179
2023-10-04 22:50:00,chungthang,Chungthang,27.6167,88.65,3.53,3.367,54.12,0.0108
2023-10-04 22:50:00,dikchu,Dikchu,27.3833,88.6167,0.0,2.944,53.47,0.0492
2023-10-04 22:50:00,gangtok,Gangtok,27.3389,88.6065,0.01,,53.65,0.0209
2023-10-04 22:50:00,gyalshing,Gyalshing,27.2833,88.2667,0.14,,55.05,0.0418
2023-10-04 22:50:00,lachen,Lachen,27.7167,88.5567,0.01,4.414,51.38,0.0292
2023-10-04 22:50:00,mangan,Mangan,27.5167,88.5333,0.0,3.154,52.26,0.0124
2023-10-04 22:50:00,singtam,Singtam,27.2333,88.4833,0.46,2.797,53.04,0.016
2023-10-04 23:00:00,chungthang,Chungthang,27.6167,88.65,0.0,3.284,54.28,0.0015
2023-10-04 23:00:00,dikchu,Dikchu,27.3833,88.6167,0.09,2.927,53.19,0.0206
2023-10-04 23:00:00,gangtok,Gangtok,27.3389,88.6065,0.03,,53.61,0.0117
2023-10-04 23:00:00,gyalshing,Gyalshing,27.2833,88.2667,0.25,,55.02,0.0182
2023-10-04 23:00:00,lachen,Lachen,27.7167,88.5567,0.0,4.389,51.04,0.0169
2023-10-04 23:00:00,mangan,Mangan,27.5167,88.5333,0.04,3.16,52.15,0.0027
2023-10-04 23:00:00,singtam,Singtam,27.2333,88.4833,0.48,2.731,52.69,0.0118
2023-10-04 23:10:00,chungthang,Chungthang,27.6167,88.65,0.2,3.282,54.16,0.0105
2023-10-04 23:10:00,dikchu,Dikchu,27.3833,88.6167,3.43,2.878,52.99,0.0112
2023-10-04 23:10:00,gangtok,Gangtok,27.3389,88.6065,0.59,,53.61,0.0196
2023-10-04 23:10:00,gyalshing,Gyalshing,27.2833,88.2667,1.7,,54.57,0.0106
2023-10-04 23:10:00,lachen,Lachen,27.7167,88.5567,2.62,4.351,50.58,0.0047
2023-10-04 23:10:00,mangan,Mangan,27.5167,88.5333,0.08,3.128,51.89,0.0036
2023-10-04 23:10:00,singtam,Singtam,27.2333,88.4833,0.04,2.664,52.11,0.0153
2023-10-04 23:20:00,chungthang,Chungthang,27.6167,88.65,0.28,3.248,53.75,0.0163
2023-10-04 23:20:00,dikchu,Dikchu,27.3833,88.6167,0.52,2.843,52.7,0.0042
2023-10-04 23:20:00,gangtok,Gangtok,27.3389,88.6065,0.9,,53.22,0.0236
2023-10-04 23:20:00,gyalshing,Gyalshing,27.2833,88.2667,0.04,,54.04,0.0105
2023-10-04 23:20:00,lachen,Lachen,27.7167,88.5567,0.38,4.37,50.3,0.0189
2023-10-04 23:20:00,mangan,Mangan,27.5167,88.5333,0.02,3.118,51.3,0.0193
2023-10-04 23:20:00,singtam,Singtam,27.2333,88.4833,0.06,2.695,51.99,0.0043
2023-10-04 23:30:00,chungthang,Chungthang,27.6167,88.65,0.03,3.297,53.46,0.0258
2023-10-04 23:30:00,dikchu,Dikchu,27.3833,88.6167,0.01,2.843,52.72,0.0173
2023-10-04 23:30:00,gangtok,Gangtok,27.3389,88.6065,0.05,,53.12,0.0111
2023-10-04 23:30:00,gyalshing,Gyalshing,27.2833,88.2667,0.55,,53.36,0.013
2023-10-04 23:30:00,lachen,Lachen,27.7167,88.5567,0.09,4.348,50.7,0.0046
2023-10-04 23:30:00,mangan,Mangan,27.5167,88.5333,0.46,3.152,51.18,0.02
2023-10-04 23:30:00,singtam,Singtam,27.2333,88.4833,0.0,2.734,52.15,0.0154
2023-10-04 23:40:00,chungthang,Chungthang,27.6167,88.65,0.62,3.23,53.19,0.0153
2023-10-04 23:40:00,dikchu,Dikchu,27.3833,88.6167,0.08,2.883,53.01,0.0172
2023-10-04 23:40:00,gangtok,Gangtok,27.3389,88.6065,0.01,,52.94,0.0323
2023-10-04 23:40:00,gyalshing,Gyalshing,27.2833,88.2667,0.11,,53.14,0.0119
2023-10-04 23:40:00,lachen,Lachen,27.7167,88.5567,0.01,4.316,50.82,0.0154
2023-10-04 23:40:00,mangan,Mangan,27.5167,88.5333,3.99,3.141,50.89,0.0368
2023-10-04 23:40:00,singtam,Singtam,27.2333,88.4833,0.06,2.723,51.98,0.0321
2023-10-04 23:50:00,chungthang,Chungthang,27.6167,88.65,0.1,3.223,52.74,0.0139
2023-10-04 23:50:00,dikchu,Dikchu,27.3833,88.6167,0.04,2.859,52.81,0.0039
2023-10-04 23:50:00,gangtok,Gangtok,27.3389,88.6065,0.0,,52.8,0.0151
2023-10-04 23:50:00,gyalshing,Gyalshing,27.2833,88.2667,0.03,,53.09,0.0372
2023-10-04 23:50:00,lachen,Lachen,27.7167,88.5567,0.16,4.273,50.38,0.002
2023-10-04 23:50:00,mangan,Mangan,27.5167,88.5333,0.0,3.048,50.8,0.0375
2023-10-04 23:50:00,singtam,Singtam,27.2333,88.4833,0.07,2.709,51.22,0.0119
2023-10-05 00:00:00,chungthang,Chungthang,27.6167,88.65,0.11,3.24,52.29,0.0008
2023-10-05 00:00:00,dikchu,Dikchu,27.3833,88.6167,0.03,2.874,52.57,0.0051
2023-10-05 00:00:00,gangtok,Gangtok,27.3389,88.6065,0.01,,52.76,0.0261
2023-10-05 00:00:00,gyalshing,Gyalshing,27.2833,88.2667,0.13,,53.22,0.0539
2023-10-05 00:00:00,lachen,Lachen,27.7167,88.5567,2.74,4.283,50.33,0.0283
2023-10-05 00:00:00,mangan,Mangan,27.5167,88.5333,0.01,3.061,50.69,0.0001
2023-10-05 00:00:00,singtam,Singtam,27.2333,88.4833,0.19,2.688,51.08,0.001
2023-10-05 00:10:00,chungthang,Chungthang,27.6167,88.65,2.41,3.207,52.31,0.006
2023-10-05 00:10:00,dikchu,Dikchu,27.3833,88.6167,1.5,2.848,52.41,0.0083
2023-10-05 00:10:00,gangtok,Gangtok,27.3389,88.6065,1.32,,52.67,0.0035
2023-10-05 00:10:00,gyalshing,Gyalshing,27.2833,88.2667,0.08,,52.46,0.023
2023-10-05 00:10:00,lachen,Lachen,27.7167,88.5567,0.0,4.259,49.91,0.0263
2023-10-05 00:10:00,mangan,Mangan,27.5167,88.5333,0.19,3.06,50.32,0.0056
2023-10-05 00:10:00,singtam,Singtam,27.2333,88.4833,2.31,2.726,50.85,0.0104
2023-10-05 00:20:00,chungthang,Chungthang,27.6167,88.65,0.04,3.173,51.96,0.0226
2023-10-05 00:20:00,dikchu,Dikchu,27.3833,88.6167,0.05,2.866,52.01,0.0084
2023-10-05 00:20:00,gangtok,Gangtok,27.3389,88.6065,0.25,,52.4,0.0396
2023-10-05 00:20:00,gyalshing,Gyalshing,27.2833,88.2667,0.06,,51.9,0.0312
2023-10-05 00:20:00,lachen,Lachen,27.7167,88.5567,1.0,4.204,49.26,0.0276
2023-10-05 00:20:00,mangan,Mangan,27.5167,88.5333,0.12,3.08,50.27,0.0196
2023-10-05 00:20:00,singtam,Singtam,27.2333,88.4833,0.03,2.676,50.33,0.003
2023-10-05 00:30:00,chungthang,Chungthang,27.6167,88.65,0.74,3.194,51.45,0.0036
2023-10-05 00:30:00,dikchu,Dikchu,27.3833,88.6167,0.0,2.84,51.96,0.0279
2023-10-05 00:30:00,gangtok,Gangtok,27.3389,88.6065,0.0,,52.38,0.0264
2023-10-05 00:30:00,gyalshing,Gyalshing,27.2833,88.2667,0.0,,51.66,0.0354
2023-10-05 00:30:00,lachen,Lachen,27.7167,88.5567,0.79,4.183,49.32,0.0098
2023-10-05 00:30:00,mangan,Mangan,27.5167,88.5333,0.03,3.085,49.94,0.0129
2023-10-05 00:30:00,singtam,Singtam,27.2333,88.4833,0.3,2.695,50.21,0.0182
2023-10-05 00:40:00,chungthang,Chungthang,27.6167,88.65,0.0,3.223,51.2,0.0083
2023-10-05 00:40:00,dikchu,Dikchu,27.3833,88.6167,0.12,2.846,51.85,0.0021
2023-10-05 00:40:00,gangtok,Gangtok,27.3389,88.6065,0.05,,52.43,0.0137
2023-10-05 00:40:00,gyalshing,Gyalshing,27.2833,88.2667,0.07,,52.15,0.0443
2023-10-05 00:40:00,lachen,Lachen,27.7167,88.5567,0.01,4.227,49.41,0.0413
2023-10-05 00:40:00,mangan,Mangan,27.5167,88.5333,0.49,3.12,49.63,0.0352
2023-10-05 00:40:00,singtam,Singtam,27.2333,88.4833,0.03,2.685,50.24,0.0196
2023-10-05 00:50:00,chungthang,Chungthang,27.6167,88.65,1.82,3.143,51.02,0.0191
2023-10-05 00:50:00,dikchu,Dikchu,27.3833,88.6167,1.43,2.751,51.54,0.0295
2023-10-05 00:50:00,gangtok,Gangtok,27.3389,88.6065,1.02,,52.05,0.0204
2023-10-05 00:50:00,gyalshing,Gyalshing,27.2833,88.2667,0.09,,52.15,0.006
2023-10-05 00:50:00,lachen,Lachen,27.7167,88.5567,0.13,4.115,49.48,0.0272
2023-10-05 00:50:00,mangan,Mangan,27.5167,88.5333,0.58,3.014,49.3,0.0306
2023-10-05 00:50:00,singtam,Singtam,27.2333,88.4833,0.04,2.662,49.88,0.0075
2023-10-05 01:00:00,chungthang,Chungthang,27.6167,88.65,0.03,3.123,50.31,0.0296
2023-10-05 01:00:00,dikchu,Dikchu,27.3833,88.6167,0.0,2.769,51.55,0.0075
2023-10-05 01:00:00,gangtok,Gangtok,27.3389,88.6065,0.09,,51.83,0.0212
2023-10-05 01:00:00,gyalshing,Gyalshing,27.2833,88.2667,2.28,,52.07,0.0176
2023-10-05 01:00:00,lachen,Lachen,27.7167,88.5567,0.0,4.183,49.16,0.0379
2023-10-05 01:00:00,mangan,Mangan,27.5167,88.5333,1.99,3.004,49.41,0.0093
2023-10-05 01:00:00,singtam,Singtam,27.2333,88.4833,0.09,2.641,49.29,0.0329
2023-10-05 01:10:00,chungthang,Chungthang,27.6167,88.65,0.09,3.111,50.09,0.0313
2023-10-05 01:10:00,dikchu,Dikchu,27.3833,88.6167,0.25,2.787,51.35,0.0076
2023-10-05 01:10:00,gangtok,Gangtok,27.3389,88.6065,0.43,,51.09,0.0123
2023-10-05 01:10:00,gyalshing,Gyalshing,27.2833,88.2667,0.22,,51.54,0.0367
2023-10-05 01:10:00,lachen,Lachen,27.7167,88.5567,0.0,4.146,48.94,0.0284
2023-10-05 01:10:00,mangan,Mangan,27.5167,88.5333,0.06,3.023,49.15,0.0108
2023-10-05 01:10:00,singtam,Singtam,27.2333,88.4833,0.17,2.649,48.62,0.0386
2023-10-05 01:20:00,chungthang,Chungthang,27.6167,88.65,0.0,3.132,50.11,0.0074
2023-10-05 01:20:00,dikchu,Dikchu,27.3833,88.6167,0.43,2.823,50.9,0.0481
2023-10-05 01:20:00,gangtok,Gangtok,27.3389,88.6065,0.0,,51.04,0.036
2023-10-05 01:20:00,gyalshing,Gyalshing,27.2833,88.2667,0.09,,50.82,0.0193
2023-10-05 01:20:00,lachen,Lachen,27.7167,88.5567,0.0,4.184,48.94,0.0187
2023-10-05 01:20:00,mangan,Mangan,27.5167,88.5333,0.0,2.974,49.31,0.0106
2023-10-05 01:20:00,singtam,Singtam,27.2333,88.4833,0.83,2.712,48.3,0.009
2023-10-05 01:30:00,chungthang,Chungthang,27.6167,88.65,0.0,3.062,50.03,0.0017
2023-10-05 01:30:00,dikchu,Dikchu,27.3833,88.6167,3.34,2.839,50.82,0.0331
2023-10-05 01:30:00,gangtok,Gangtok,27.3389,88.6065,0.02,,51.13,0.01
2023-10-05 01:30:00,gyalshing,Gyalshing,27.2833,88.2667,0.01,,50.64,0.0206
2023-10-05 01:30:00,lachen,Lachen,27.7167,88.5567,0.43,4.114,48.86,0.0309
2023-10-05 01:30:00,mangan,Mangan,27.5167,88.5333,0.9,2.98,49.58,0.0329
2023-10-05 01:30:00,singtam,Singtam,27.2333,88.4833,4.02,2.684,48.15,0.0214
2023-10-05 01:40:00,chungthang,Chungthang,27.6167,88.65,0.01,3.058,50.39,0.0175
2023-10-05 01:40:00,dikchu,Dikchu,27.3833,88.6167,0.0,2.771,50.66,0.0336
2023-10-05 01:40:00,gangtok,Gangtok,27.3389,88.6065,2.97,,50.9,0.0081
2023-10-05 01:40:00,gyalshing,Gyalshing,27.2833,88.2667,0.26,,50.44,0.0201
2023-10-05 01:40:00,lachen,Lachen,27.7167,88.5567,2.78,4.133,48.6,0.0061
2023-10-05 01:40:00,mangan,Mangan,27.5167,88.5333,0.0,2.961,49.21,0.0407
2023-10-05 01:40:00,singtam,Singtam,27.2333,88.4833,0.49,2.675,47.86,0.0039
2023-10-05 01:50:00,chungthang,Chungthang,27.6167,88.65,0.0,3.008,50.51,0.013
2023-10-05 01:50:00,dikchu,Dikchu,27.3833,88.6167,0.03,2.75,50.71,0.016
2023-10-05 01:50:00,gangtok,Gangtok,27.3389,88.6065,0.63,,50.75,0.0098
2023-10-05 01:50:00,gyalshing,Gyalshing,27.2833,88.2667,0.0,,50.17,0.0026
2023-10-05 01:50:00,lachen,Lachen,27.7167,88.5567,0.69,4.086,48.03,0.0219
2023-10-05 01:50:00,mangan,Mangan,27.5167,88.5333,0.91,2.884,48.3,0.0047
2023-10-05 01:50:00,singtam,Singtam,27.2333,88.4833,0.56,2.615,47.55,0.0087
2023-10-05 02:00:00,chungthang,Chungthang,27.6167,88.65,0.15,3.006,50.68,0.0013
2023-10-05 02:00:00,dikchu,Dikchu,27.3833,88.6167,0.77,2.702,50.72,0.0438
2023-10-05 02:00:00,gangtok,Gangtok,27.3389,88.6065,4.4,,50.56,0.005
2023-10-05 02:00:00,gyalshing,Gyalshing,27.2833,88.2667,0.2,,49.91,0.0397
2023-10-05 02:00:00,lachen,Lachen,27.7167,88.5567,0.5,4.086,47.89,0.011
2023-10-05 02:00:00,mangan,Mangan,27.5167,88.5333,0.02,2.956,48.41,0.0135
2023-10-05 02:00:00,singtam,Singtam,27.2333,88.4833,0.0,2.59,47.56,0.012
2023-10-05 02:10:00,chungthang,Chungthang,27.6167,88.65,0.0,3.013,51.19,0.0115
2023-10-05 02:10:00,dikchu,Dikchu,27.3833,88.6167,0.06,2.78,50.51,0.0016
2023-10-05 02:10:00,gangtok,Gangtok,27.3389,88.6065,0.35,,50.29,0.0102
2023-10-05 02:10:00,gyalshing,Gyalshing,27.2833,88.2667,0.02,,49.56,0.0287
2023-10-05 02:10:00,lachen,Lachen,27.7167,88.5567,0.16,4.09,48.01,0.0262
2023-10-05 02:10:00,mangan,Mangan,27.5167,88.5333,0.93,2.936,48.17,0.0017
2023-10-05 02:10:00,singtam,Singtam,27.2333,88.4833,0.17,2.661,47.55,0.0051
2023-10-05 02:20:00,chungthang,Chungthang,27.6167,88.65,0.21,3.015,51.18,0.0037
2023-10-05 02:20:00,dikchu,Dikchu,27.3833,88.6167,0.11,2.73,50.21,0.0045
2023-10-05 02:20:00,gangtok,Gangtok,27.3389,88.6065,0.02,,50.16,0.0269
2023-10-05 02:20:00,gyalshing,Gyalshing,27.2833,88.2667,0.0,,49.16,0.0124
2023-10-05 02:20:00,lachen,Lachen,27.7167,88.5567,0.06,4.039,47.56,0.0122
2023-10-05 02:20:00,mangan,Mangan,27.5167,88.5333,0.0,2.969,47.8,0.0126
2023-10-05 02:20:00,singtam,Singtam,27.2333,88.4833,0.0,2.649,47.47,0.0261
2023-10-05 02:30:00,chungthang,Chungthang,27.6167,88.65,0.03,3.057,51.03,0.0157
2023-10-05 02:30:00,dikchu,Dikchu,27.3833,88.6167,0.55,2.828,50.05,0.0432
2023-10-05 02:30:00,gangtok,Gangtok,27.3389,88.6065,0.01,,49.8,0.0255
2023-10-05 02:30:00,gyalshing,Gyalshing,27.2833,88.2667,0.0,,49.35,0.0239
2023-10-05 02:30:00,lachen,Lachen,27.7167,88.5567,0.55,4.068,47.59,0.0428
2023-10-05 02:30:00,mangan,Mangan,27.5167,88.5333,0.21,2.921,47.51,0.0054
2023-10-05 02:30:00,singtam,Singtam,27.2333,88.4833,0.0,2.621,47.56,0.0118
2023-10-05 02:40:00,chungthang,Chungthang,27.6167,88.65,0.51,3.008,51.08,0.0023
2023-10-05 02:40:00,dikchu,Dikchu,27.3833,88.6167,0.43,2.71,49.97,0.0065
2023-10-05 02:40:00,gangtok,Gangtok,27.3389,88.6065,0.02,,49.58,0.0299
2023-10-05 02:40:00,gyalshing,Gyalshing,27.2833,88.2667,0.0,,48.98,0.0212
2023-10-05 02:40:00,lachen,Lachen,27.7167,88.5567,0.0,3.994,47.53,0.0045
2023-10-05 02:40:00,mangan,Mangan,27.5167,88.5333,0.0,2.873,47.27,0.0134
2023-10-05 02:40:00,singtam,Singtam,27.2333,88.4833,0.0,2.6,47.27,0.0
2023-10-05 02:50:00,chungthang,Chungthang,27.6167,88.65,0.03,2.953,50.75,0.0253
2023-10-05 02:50:00,dikchu,Dikchu,27.3833,88.6167,0.38,2.789,49.93,0.0217
2023-10-05 02:50:00,gangtok,Gangtok,27.3389,88.6065,0.08,,49.19,0.0008
2023-10-05 02:50:00,gyalshing,Gyalshing,27.2833,88.2667,0.26,,48.78,0.0001
2023-10-05 02:50:00,lachen,Lachen,27.7167,88.5567,2.05,4.019,47.59,0.0228
2023-10-05 02:50:00,mangan,Mangan,27.5167,88.5333,0.99,2.893,47.47,0.0043
2023-10-05 02:50:00,singtam,Singtam,27.2333,88.4833,0.01,2.562,46.82,0.0148
2023-10-05 03:00:00,chungthang,Chungthang,27.6167,88.65,0.13,2.947,50.6,0.0108
2023-10-05 03:00:00,dikchu,Dikchu,27.3833,88.6167,0.11,2.741,49.86,0.0082
2023-10-05 03:00:00,gangtok,Gangtok,27.3389,88.6065,0.11,,49.2,0.0012
2023-10-05 03:00:00,gyalshing,Gyalshing,27.2833,88.2667,0.0,,48.64,0.0115
2023-10-05 03:00:00,lachen,Lachen,27.7167,88.5567,3.91,4.024,47.69,0.0004
2023-10-05 03:00:00,mangan,Mangan,27.5167,88.5333,0.0,2.829,47.39,0.0176
2023-10-05 03:00:00,singtam,Singtam,27.2333,88.4833,2.3,2.627,46.61,0.0487
2023-10-05 03:10:00,chungthang,Chungthang,27.6167,88.65,0.12,2.998,50.27,0.0187
2023-10-05 03:10:00,dikchu,Dikchu,27.3833,88.6167,0.03,2.681,49.68,0.0232
2023-10-05 03:10:00,gangtok,Gangtok,27.3389,88.6065,0.35,,49.12,0.0156
2023-10-05 03:10:00,gyalshing,Gyalshing,27.2833,88.2667,0.06,,48.69,0.0094
2023-10-05 03:10:00,lachen,Lachen,27.7167,88.5567,0.74,4.002,47.39,0.01
2023-10-05 03:10:00,mangan,Mangan,27.5167,88.5333,0.0,2.845,47.59,0.0093
2023-10-05 03:10:00,singtam,Singtam,27.2333,88.4833,0.64,2.631,46.37,0.0141
2023-10-05 03:20:00,chungthang,Chungthang,27.6167,88.65,0.6,2.979,50.2,0.0184
2023-10-05 03:20:00,dikchu,Dikchu,27.3833,88.6167,0.0,2.712,49.77,0.036
2023-10-05 03:20:00,gangtok,Gangtok,27.3389,88.6065,0.0,,48.87,0.0088
2023-10-05 03:20:00,gyalshing,Gyalshing,27.2833,88.2667,0.32,,48.3,0.0041
2023-10-05 03:20:00,lachen,Lachen,27.7167,88.5567,0.29,4.026,46.86,0.0178
2023-10-05 03:20:00,mangan,Mangan,27.5167,88.5333,0.03,2.891,47.59,0.0091
2023-10-05 03:20:00,singtam,Singtam,27.2333,88.4833,2.69,2.57,45.79,0.0202
2023-10-05 03:30:00,chungthang,Chungthang,27.6167,88.65,0.23,2.935,49.88,0.0068
2023-10-05 03:30:00,dikchu,Dikchu,27.3833,88.6167,0.37,2.722,49.46,0.011
2023-10-05 03:30:00,gangtok,Gangtok,27.3389,88.6065,1.65,,48.76,0.0292
2023-10-05 03:30:00,gyalshing,Gyalshing,27.2833,88.2667,0.03,,48.43,0.0198
2023-10-05 03:30:00,lachen,Lachen,27.7167,88.5567,0.21,3.933,46.62,0.0195
2023-10-05 03:30:00,mangan,Mangan,27.5167,88.5333,0.01,2.855,47.4,0.0168
2023-10-05 03:30:00,singtam,Singtam,27.2333,88.4833,0.08,2.562,45.57,0.0019
2023-10-05 03:40:00,chungthang,Chungthang,27.6167,88.65,0.01,2.909,49.55,0.0213
2023-10-05 03:40:00,dikchu,Dikchu,27.3833,88.6167,0.44,2.685,49.94,0.0456
2023-10-05 03:40:00,gangtok,Gangtok,27.3389,88.6065,0.14,,48.58,0.0178
2023-10-05 03:40:00,gyalshing,Gyalshing,27.2833,88.2667,0.0,,48.17,0.009
2023-10-05 03:40:00,lachen,Lachen,27.7167,88.5567,0.11,3.901,46.73,0.0262
2023-10-05 03:40:00,mangan,Mangan,27.5167,88.5333,0.17,2.881,47.19,0.0063
2023-10-05 03:40:00,singtam,Singtam,27.2333,88.4833,2.28,2.617,45.77,0.0036
2023-10-05 03:50:00,chungthang,Chungthang,27.6167,88.65,0.08,2.945,49.51,0.0225
2023-10-05 03:50:00,dikchu,Dikchu,27.3833,88.6167,0.0,2.71,49.99,0.0205
2023-10-05 03:50:00,gangtok,Gangtok,27.3389,88.6065,1.17,,48.74,0.0269
2023-10-05 03:50:00,gyalshing,Gyalshing,27.2833,88.2667,0.04,,48.02,0.0064
2023-10-05 03:50:00,lachen,Lachen,27.7167,88.5567,0.06,3.899,46.49,0.0175
2023-10-05 03:50:00,mangan,Mangan,27.5167,88.5333,0.0,2.785,47.22,0.0084
2023-10-05 03:50:00,singtam,Singtam,27.2333,88.4833,1.24,2.556,45.91,0.0104
2023-10-05 04:00:00,chungthang,Chungthang,27.6167,88.65,0.0,2.871,49.33,0.0136
2023-10-05 04:00:00,dikchu,Dikchu,27.3833,88.6167,0.2,2.703,49.57,0.031
2023-10-05 04:00:00,gangtok,Gangtok,27.3389,88.6065,0.38,,48.52,0.0144
2023-10-05 04:00:00,gyalshing,Gyalshing,27.2833,88.2667,0.41,,48.33,0.0337
2023-10-05 04:00:00,lachen,Lachen,27.7167,88.5567,0.13,3.936,46.23,0.0216
2023-10-05 04:00:00,mangan,Mangan,27.5167,88.5333,0.0,2.827,47.32,0.0196
2023-10-05 04:00:00,singtam,Singtam,27.2333,88.4833,0.46,2.623,45.95,0.0094
2023-10-05 04:10:00,chungthang,Chungthang,27.6167,88.65,0.37,2.902,48.72,0.0076
2023-10-05 04:10:00,dikchu,Dikchu,27.3833,88.6167,0.45,2.69,49.49,0.0361
2023-10-05 04:10:00,gangtok,Gangtok,27.3389,88.6065,1.09,,48.57,0.0007
2023-10-05 04:10:00,gyalshing,Gyalshing,27.2833,88.2667,0.6,,47.99,0.0104
2023-10-05 04:10:00,lachen,Lachen,27.7167,88.5567,0.0,3.919,45.68,0.0147
2023-10-05 04:10:00,mangan,Mangan,27.5167,88.5333,0.96,2.811,47.48,0.0172
2023-10-05 04:10:00,singtam,Singtam,27.2333,88.4833,0.0,2.562,45.91,0.0454
2023-10-05 04:20:00,chungthang,Chungthang,27.6167,88.65,0.0,2.947,48.23,0.0234
2023-10-05 04:20:00,dikchu,Dikchu,27.3833,88.6167,0.94,2.665,49.57,0.0042
2023-10-05 04:20:00,gangtok,Gangtok,27.3389,88.6065,0.01,,48.29,0.0153
2023-10-05 04:20:00,gyalshing,Gyalshing,27.2833,88.2667,0.0,,48.06,0.0252
2023-10-05 04:20:00,lachen,Lachen,27.7167,88.5567,0.49,3.894,46.05,0.0053
2023-10-05 04:20:00,mangan,Mangan,27.5167,88.5333,0.0,2.845,47.31,0.0115
2023-10-05 04:20:00,singtam,Singtam,27.2333,88.4833,0.03,2.549,46.2,0.0111
2023-10-05 04:30:00,chungthang,Chungthang,27.6167,88.65,0.09,2.875,47.83,0.0333
2023-10-05 04:30:00,dikchu,Dikchu,27.3833,88.6167,0.43,2.624,49.37,0.0126
2023-10-05 04:30:00,gangtok,Gangtok,27.3389,88.6065,0.02,,48.39,0.0048
2023-10-05 04:30:00,gyalshing,Gyalshing,27.2833,88.2667,0.01,,48.21,0.0076
2023-10-05 04:30:00,lachen,Lachen,27.7167,88.5567,0.0,3.845,46.17,0.0018
2023-10-05 04:30:00,mangan,Mangan,27.5167,88.5333,0.01,2.828,47.26,0.0311
2023-10-05 04:30:00,singtam,Singtam,27.2333,88.4833,0.7,2.557,45.87,0.0095
2023-10-05 04:40:00,chungthang,Chungthang,27.6167,88.65,0.13,2.835,47.51,0.0008
2023-10-05 04:40:00,dikchu,Dikchu,27.3833,88.6167,4.58,2.651,48.92,0.009
2023-10-05 04:40:00,gangtok,Gangtok,27.3389,88.6065,0.43,,48.55,0.0066
2023-10-05 04:40:00,gyalshing,Gyalshing,27.2833,88.2667,0.15,,48.19,0.0016
2023-10-05 04:40:00,lachen,Lachen,27.7167,88.5567,0.01,3.89,46.29,0.0047
2023-10-05 04:40:00,mangan,Mangan,27.5167,88.5333,0.24,2.818,47.31,0.0033
2023-10-05 04:40:00,singtam,Singtam,27.2333,88.4833,0.17,2.539,45.56,0.0022
2023-10-05 04:50:00,chungthang,Chungthang,27.6167,88.65,0.59,2.86,47.52,0.0368
2023-10-05 04:50:00,dikchu,Dikchu,27.3833,88.6167,0.47,2.652,48.56,0.0103
2023-10-05 04:50:00,gangtok,Gangtok,27.3389,88.6065,0.0,,48.72,0.0192
2023-10-05 04:50:00,gyalshing,Gyalshing,27.2833,88.2667,0.0,,48.07,0.0272
2023-10-05 04:50:00,lachen,Lachen,27.7167,88.5567,1.57,3.818,46.45,0.0242
2023-10-05 04:50:00,mangan,Mangan,27.5167,88.5333,1.06,2.836,47.13,0.0006
2023-10-05 04:50:00,singtam,Singtam,27.2333,88.4833,0.66,2.579,45.8,0.0293
2023-10-05 05:00:00,chungthang,Chungthang,27.6167,88.65,0.01,2.824,47.48,0.0058
2023-10-05 05:00:00,dikchu,Dikchu,27.3833,88.6167,0.73,2.585,48.6,0.0183
2023-10-05 05:00:00,gangtok,Gangtok,27.3389,88.6065,0.0,,48.97,0.0263
2023-10-05 05:00:00,gyalshing,Gyalshing,27.2833,88.2667,0.05,,48.51,0.0052
2023-10-05 05:00:00,lachen,Lachen,27.7167,88.5567,0.03,3.878,46.52,0.0191
2023-10-05 05:00:00,mangan,Mangan,27.5167,88.5333,0.7,2.77,46.77,0.0035
2023-10-05 05:00:00,singtam,Singtam,27.2333,88.4833,2.07,2.567,45.76,0.0252
2023-10-05 05:10:00,chungthang,Chungthang,27.6167,88.65,1.98,2.786,47.66,0.022
2023-10-05 05:10:00,dikchu,Dikchu,27.3833,88.6167,2.7,2.64,48.06,0.0252
2023-10-05 05:10:00,gangtok,Gangtok,27.3389,88.6065,0.99,,48.96,0.0138
2023-10-05 05:10:00,gyalshing,Gyalshing,27.2833,88.2667,0.03,,48.42,0.0038
2023-10-05 05:10:00,lachen,Lachen,27.7167,88.5567,0.03,3.917,46.38,0.0056
2023-10-05 05:10:00,mangan,Mangan,27.5167,88.5333,0.21,2.813,46.49,0.0227
2023-10-05 05:10:00,singtam,Singtam,27.2333,88.4833,0.05,2.569,45.54,0.0055
2023-10-05 05:20:00,chungthang,Chungthang,27.6167,88.65,0.2,2.839,47.76,0.0188
2023-10-05 05:20:00,dikchu,Dikchu,27.3833,88.6167,0.01,2.626,47.61,0.0088
2023-10-05 05:20:00,gangtok,Gangtok,27.3389,88.6065,0.02,,49.17,0.0172
2023-10-05 05:20:00,gyalshing,Gyalshing,27.2833,88.2667,0.08,,48.36,0.0039
2023-10-05 05:20:00,lachen,Lachen,27.7167,88.5567,2.45,3.831,46.28,0.0048
2023-10-05 05:20:00,mangan,Mangan,27.5167,88.5333,0.0,2.733,46.33,0.0234
2023-10-05 05:20:00,singtam,Singtam,27.2333,88.4833,2.13,2.537,45.65,0.0159
2023-10-05 05:30:00,chungthang,Chungthang,27.6167,88.65,0.01,2.841,47.94,0.0084
2023-10-05 05:30:00,dikchu,Dikchu,27.3833,88.6167,0.43,2.584,47.67,0.0023
2023-10-05 05:30:00,gangtok,Gangtok,27.3389,88.6065,2.04,,49.49,0.027
2023-10-05 05:30:00,gyalshing,Gyalshing,27.2833,88.2667,0.15,,48.2,0.0029
2023-10-05 05:30:00,lachen,Lachen,27.7167,88.5567,0.26,3.826,46.11,0.0288
2023-10-05 05:30:00,mangan,Mangan,27.5167,88.5333,0.01,2.724,46.43,0.0223
2023-10-05 05:30:00,singtam,Singtam,27.2333,88.4833,0.0,2.513,45.5,0.0034
2023-10-05 05:40:00,chungthang,Chungthang,27.6167,88.65,0.64,2.789,48.01,0.0468
2023-10-05 05:40:00,dikchu,Dikchu,27.3833,88.6167,0.04,2.607,47.53,0.0233
2023-10-05 05:40:00,gangtok,Gangtok,27.3389,88.6065,0.0,,49.1,0.0104
2023-10-05 05:40:00,gyalshing,Gyalshing,27.2833,88.2667,0.8,,48.16,0.013
2023-10-05 05:40:00,lachen,Lachen,27.7167,88.5567,4.27,3.783,46.72,0.0008
2023-10-05 05:40:00,mangan,Mangan,27.5167,88.5333,0.08,2.771,46.69,0.0005
2023-10-05 05:40:00,singtam,Singtam,27.2333,88.4833,0.83,2.522,45.22,0.0323
2023-10-05 05:50:00,chungthang,Chungthang,27.6167,88.65,1.83,2.777,47.98,0.0224
2023-10-05 05:50:00,dikchu,Dikchu,27.3833,88.6167,0.56,2.602,47.3,0.0059
2023-10-05 05:50:00,gangtok,Gangtok,27.3389,88.6065,0.19,,48.86,0.03
2023-10-05 05:50:00,gyalshing,Gyalshing,27.2833,88.2667,0.02,,48.33,0.0118
2023-10-05 05:50:00,lachen,Lachen,27.7167,88.5567,0.02,3.732,46.79,0.0201
2023-10-05 05:50:00,mangan,Mangan,27.5167,88.5333,0.84,2.695,46.27,0.0174
2023-10-05 05:50:00,singtam,Singtam,27.2333,88.4833,0.03,2.505,44.97,0.027
2023-10-05 06:00:00,chungthang,Chungthang,27.6167,88.65,0.0,2.75,48.17,0.0093
2023-10-05 06:00:00,dikchu,Dikchu,27.3833,88.6167,0.0,2.663,47.11,0.0233
2023-10-05 06:00:00,gangtok,Gangtok,27.3389,88.6065,0.0,,48.4,0.0005
2023-10-05 06:00:00,gyalshing,Gyalshing,27.2833,88.2667,0.0,,48.18,0.0138
2023-10-05 06:00:00,lachen,Lachen,27.7167,88.5567,0.05,3.758,46.61,0.0216
2023-10-05 06:00:00,mangan,Mangan,27.5167,88.5333,0.25,2.749,46.07,0.0385
2023-10-05 06:00:00,singtam,Singtam,27.2333,88.4833,0.94,2.557,45.04,0.0042
2023-10-05 06:10:00,chungthang,Chungthang,27.6167,88.65,0.08,2.765,48.31,0.0262
2023-10-05 06:10:00,dikchu,Dikchu,27.3833,88.6167,0.0,2.606,46.67,0.0296
2023-10-05 06:10:00,gangtok,Gangtok,27.3389,88.6065,0.0,,48.58,0.0305
2023-10-05 06:10:00,gyalshing,Gyalshing,27.2833,88.2667,0.0,,47.57,0.0215
2023-10-05 06:10:00,lachen,Lachen,27.7167,88.5567,0.09,3.732,46.67,0.0046
2023-10-05 06:10:00,mangan,Mangan,27.5167,88.5333,0.95,2.727,45.93,0.0171
2023-10-05 06:10:00,singtam,Singtam,27.2333,88.4833,3.93,2.539,45.1,0.0106
2023-10-05 06:20:00,chungthang,Chungthang,27.6167,88.65,0.05,2.744,48.32,0.0085
2023-10-05 06:20:00,dikchu,Dikchu,27.3833,88.6167,0.28,2.625,46.75,0.0087
2023-10-05 06:20:00,gangtok,Gangtok,27.3389,88.6065,0.05,,48.13,0.0417
2023-10-05 06:20:00,gyalshing,Gyalshing,27.2833,88.2667,0.03,,47.64,0.0135
2023-10-05 06:20:00,lachen,Lachen,27.7167,88.5567,0.0,3.711,46.36,0.0119
2023-10-05 06:20:00,mangan,Mangan,27.5167,88.5333,0.0,2.748,46.08,0.0091
2023-10-05 06:20:00,singtam,Singtam,27.2333,88.4833,0.94,2.501,45.47,0.0062
2023-10-05 06:30:00,chungthang,Chungthang,27.6167,88.65,0.78,2.721,48.56,0.0181
2023-10-05 06:30:00,dikchu,Dikchu,27.3833,88.6167,0.03,2.585,46.49,0.0142
2023-10-05 06:30:00,gangtok,Gangtok,27.3389,88.6065,0.01,,47.61,0.0098
2023-10-05 06:30:00,gyalshing,Gyalshing,27.2833,88.2667,0.0,,47.31,0.0187
2023-10-05 06:30:00,lachen,Lachen,27.7167,88.5567,1.76,3.796,46.68,0.0049
2023-10-05 06:30:00,mangan,Mangan,27.5167,88.5333,0.01,2.706,45.9,0.0285
2023-10-05 06:30:00,singtam,Singtam,27.2333,88.4833,0.17,2.472,45.37,0.0076
2023-10-05 06:40:00,chungthang,Chungthang,27.6167,88.65,2.73,2.799,47.9,0.01
2023-10-05 06:40:00,dikchu,Dikchu,27.3833,88.6167,0.87,2.527,46.32,0.0069
2023-10-05 06:40:00,gangtok,Gangtok,27.3389,88.6065,1.23,,47.29,0.0034
2023-10-05 06:40:00,gyalshing,Gyalshing,27.2833,88.2667,0.15,,47.45,0.0121
2023-10-05 06:40:00,lachen,Lachen,27.7167,88.5567,0.13,3.742,46.46,0.0264
2023-10-05 06:40:00,mangan,Mangan,27.5167,88.5333,0.59,2.702,45.74,0.0107
2023-10-05 06:40:00,singtam,Singtam,27.2333,88.4833,0.07,2.542,45.27,0.0238
2023-10-05 06:50:00,chungthang,Chungthang,27.6167,88.65,0.09,2.747,47.76,0.0194
2023-10-05 06:50:00,dikchu,Dikchu,27.3833,88.6167,3.49,2.597,46.41,0.0172
2023-10-05 06:50:00,gangtok,Gangtok,27.3389,88.6065,0.0,,46.81,0.0234
2023-10-05 06:50:00,gyalshing,Gyalshing,27.2833,88.2667,0.01,,47.4,0.0041
2023-10-05 06:50:00,lachen,Lachen,27.7167,88.5567,1.49,3.735,46.54,0.0127
2023-10-05 06:50:00,mangan,Mangan,27.5167,88.5333,0.92,2.708,45.35,0.0282
2023-10-05 06:50:00,singtam,Singtam,27.2333,88.4833,1.21,2.495,45.61,0.0033
2023-10-05 07:00:00,chungthang,Chungthang,27.6167,88.65,0.03,2.742,47.61,0.0095
2023-10-05 07:00:00,dikchu,Dikchu,27.3833,88.6167,0.23,2.552,46.3,0.0187
2023-10-05 07:00:00,gangtok,Gangtok,27.3389,88.6065,0.1,,46.83,0.0003
2023-10-05 07:00:00,gyalshing,Gyalshing,27.2833,88.2667,2.12,,47.62,0.0388
2023-10-05 07:00:00,lachen,Lachen,27.7167,88.5567,0.43,3.704,46.76,0.0238
2023-10-05 07:00:00,mangan,Mangan,27.5167,88.5333,0.68,2.665,45.45,0.0296
2023-10-05 07:00:00,singtam,Singtam,27.2333,88.4833,0.01,2.483,45.82,0.0119
2023-10-05 07:10:00,chungthang,Chungthang,27.6167,88.65,0.17,2.742,47.84,0.0193
2023-10-05 07:10:00,dikchu,Dikchu,27.3833,88.6167,0.03,2.556,46.07,0.0106
2023-10-05 07:10:00,gangtok,Gangtok,27.3389,88.6065,0.0,,46.52,0.0137
2023-10-05 07:10:00,gyalshing,Gyalshing,27.2833,88.2667,0.0,,47.33,0.0296
2023-10-05 07:10:00,lachen,Lachen,27.7167,88.5567,0.02,3.699,46.81,0.0032
2023-10-05 07:10:00,mangan,Mangan,27.5167,88.5333,0.97,2.656,45.38,0.0184
2023-10-05 07:10:00,singtam,Singtam,27.2333,88.4833,3.88,2.529,45.87,0.0134
2023-10-05 07:20:00,chungthang,Chungthang,27.6167,88.65,0.01,2.731,48.16,0.002
2023-10-05 07:20:00,dikchu,Dikchu,27.3833,88.6167,0.05,2.529,45.54,0.0155
2023-10-05 07:20:00,gangtok,Gangtok,27.3389,88.6065,0.15,,46.06,0.0101
2023-10-05 07:20:00,gyalshing,Gyalshing,27.2833,88.2667,0.0,,47.15,0.0391
2023-10-05 07:20:00,lachen,Lachen,27.7167,88.5567,2.84,3.723,46.79,0.033
2023-10-05 07:20:00,mangan,Mangan,27.5167,88.5333,0.0,2.684,45.19,0.0116
2023-10-05 07:20:00,singtam,Singtam,27.2333,88.4833,0.08,2.463,45.46,0.0104
2023-10-05 07:30:00,chungthang,Chungthang,27.6167,88.65,0.66,2.687,47.73,0.002
2023-10-05 07:30:00,dikchu,Dikchu,27.3833,88.6167,4.26,2.558,45.64,0.0097
2023-10-05 07:30:00,gangtok,Gangtok,27.3389,88.6065,0.03,,46.03,0.0136
2023-10-05 07:30:00,gyalshing,Gyalshing,27.2833,88.2667,0.02,,47.02,0.0117
2023-10-05 07:30:00,lachen,Lachen,27.7167,88.5567,7.5,3.684,46.77,0.0036
2023-10-05 07:30:00,mangan,Mangan,27.5167,88.5333,0.03,2.662,45.1,0.0156
2023-10-05 07:30:00,singtam,Singtam,27.2333,88.4833,0.0,2.465,45.24,0.0325
2023-10-05 07:40:00,chungthang,Chungthang,27.6167,88.65,0.82,2.699,48.02,0.0061
2023-10-05 07:40:00,dikchu,Dikchu,27.3833,88.6167,0.0,2.582,45.64,0.0001
2023-10-05 07:40:00,gangtok,Gangtok,27.3389,88.6065,0.93,,46.01,0.0011
2023-10-05 07:40:00,gyalshing,Gyalshing,27.2833,88.2667,0.12,,46.61,0.0422
2023-10-05 07:40:00,lachen,Lachen,27.7167,88.5567,0.85,3.691,46.71,0.009
2023-10-05 07:40:00,mangan,Mangan,27.5167,88.5333,0.09,2.644,45.36,0.0523
2023-10-05 07:40:00,singtam,Singtam,27.2333,88.4833,0.52,2.463,44.96,0.0042
2023-10-05 07:50:00,chungthang,Chungthang,27.6167,88.65,0.96,2.674,47.67,0.0335
2023-10-05 07:50:00,dikchu,Dikchu,27.3833,88.6167,0.0,2.573,45.49,0.0105
2023-10-05 07:50:00,gangtok,Gangtok,27.3389,88.6065,0.15,,45.52,0.0123
2023-10-05 07:50:00,gyalshing,Gyalshing,27.2833,88.2667,0.07,,46.85,0.003
2023-10-05 07:50:00,lachen,Lachen,27.7167,88.5567,0.17,3.66,46.52,0.0109
2023-10-05 07:50:00,mangan,Mangan,27.5167,88.5333,0.36,2.646,45.09,0.0148
2023-10-05 07:50:00,singtam,Singtam,27.2333,88.4833,0.02,2.426,44.93,0.0161
2023-10-05 08:00:00,chungthang,Chungthang,27.6167,88.65,0.43,2.687,47.32,0.0144
2023-10-05 08:00:00,dikchu,Dikchu,27.3833,88.6167,0.23,2.588,45.22,0.0111
2023-10-05 08:00:00,gangtok,Gangtok,27.3389,88.6065,0.71,,45.33,0.0333
2023-10-05 08:00:00,gyalshing,Gyalshing,27.2833,88.2667,0.0,,46.41,0.0058
2023-10-05 08:00:00,lachen,Lachen,27.7167,88.5567,0.02,3.646,46.37,0.0207
2023-10-05 08:00:00,mangan,Mangan,27.5167,88.5333,0.03,2.689,44.86,0.0287
2023-10-05 08:00:00,singtam,Singtam,27.2333,88.4833,1.0,2.471,44.81,0.0294
2023-10-05 08:10:00,chungthang,Chungthang,27.6167,88.65,0.07,2.676,47.22,0.0278
2023-10-05 08:10:00,dikchu,Dikchu,27.3833,88.6167,0.31,2.587,45.22,0.0214
2023-10-05 08:10:00,gangtok,Gangtok,27.3389,88.6065,1.48,,45.32,0.0179
2023-10-05 08:10:00,gyalshing,Gyalshing,27.2833,88.2667,3.76,,46.68,0.0076
2023-10-05 08:10:00,lachen,Lachen,27.7167,88.5567,0.03,3.605,46.71,0.0102
2023-10-05 08:10:00,mangan,Mangan,27.5167,88.5333,0.09,2.621,45.16,0.0003
2023-10-05 08:10:00,singtam,Singtam,27.2333,88.4833,1.36,2.435,45.23,0.0439
2023-10-05 08:20:00,chungthang,Chungthang,27.6167,88.65,1.54,2.646,47.09,0.0208
2023-10-05 08:20:00,dikchu,Dikchu,27.3833,88.6167,0.05,2.468,45.33,0.0079
2023-10-05 08:20:00,gangtok,Gangtok,27.3389,88.6065,3.28,,45.26,0.0105
2023-10-05 08:20:00,gyalshing,Gyalshing,27.2833,88.2667,0.18,,46.76,0.004
2023-10-05 08:20:00,lachen,Lachen,27.7167,88.5567,0.34,3.579,46.64,0.0279
2023-10-05 08:20:00,mangan,Mangan,27.5167,88.5333,1.03,2.613,45.15,0.0248
2023-10-05 08:20:00,singtam,Singtam,27.2333,88.4833,0.0,2.437,44.82,0.0132
2023-10-05 08:30:00,chungthang,Chungthang,27.6167,88.65,0.35,2.61,46.66,0.0015
2023-10-05 08:30:00,dikchu,Dikchu,27.3833,88.6167,0.11,2.489,45.35,0.022
2023-10-05 08:30:00,gangtok,Gangtok,27.3389,88.6065,0.08,,45.17,0.0234
2023-10-05 08:30:00,gyalshing,Gyalshing,27.2833,88.2667,1.84,,46.71,0.047
2023-10-05 08:30:00,lachen,Lachen,27.7167,88.5567,0.01,3.622,46.41,0.0125
2023-10-05 08:30:00,mangan,Mangan,27.5167,88.5333,0.0,2.57,45.3,0.0024
2023-10-05 08:30:00,singtam,Singtam,27.2333,88.4833,0.14,2.429,44.53,0.0138
2023-10-05 08:40:00,chungthang,Chungthang,27.6167,88.65,0.24,2.647,46.79,0.0237
2023-10-05 08:40:00,dikchu,Dikchu,27.3833,88.6167,0.0,2.466,45.75,0.0049
2023-10-05 08:40:00,gangtok,Gangtok,27.3389,88.6065,0.26,,45.46,0.0056
2023-10-05 08:40:00,gyalshing,Gyalshing,27.2833,88.2667,0.15,,46.77,0.0169
2023-10-05 08:40:00,lachen,Lachen,27.7167,88.5567,1.57,3.623,46.26,0.0215
2023-10-05 08:40:00,mangan,Mangan,27.5167,88.5333,0.55,2.613,45.39,0.0
2023-10-05 08:40:00,singtam,Singtam,27.2333,88.4833,0.03,2.428,44.56,0.0339
2023-10-05 08:50:00,chungthang,Chungthang,27.6167,88.65,0.35,2.628,46.92,0.0226
2023-10-05 08:50:00,dikchu,Dikchu,27.3833,88.6167,0.01,2.534,45.91,0.0192
2023-10-05 08:50:00,gangtok,Gangtok,27.3389,88.6065,0.0,,45.99,0.0099
2023-10-05 08:50:00,gyalshing,Gyalshing,27.2833,88.2667,0.07,,46.82,0.0194
2023-10-05 08:50:00,lachen,Lachen,27.7167,88.5567,0.0,3.574,46.5,0.0071
2023-10-05 08:50:00,mangan,Mangan,27.5167,88.5333,0.54,2.627,45.37,0.0212
2023-10-05 08:50:00,singtam,Singtam,27.2333,88.4833,0.27,2.417,44.7,0.0271
2023-10-05 09:00:00,chungthang,Chungthang,27.6167,88.65,0.49,2.57,47.14,0.0084
2023-10-05 09:00:00,dikchu,Dikchu,27.3833,88.6167,0.0,2.489,45.87,0.0103
2023-10-05 09:00:00,gangtok,Gangtok,27.3389,88.6065,3.63,,45.94,0.0084
2023-10-05 09:00:00,gyalshing,Gyalshing,27.2833,88.2667,0.12,,46.7,0.0066
2023-10-05 09:00:00,lachen,Lachen,27.7167,88.5567,1.02,3.603,46.64,0.0061
2023-10-05 09:00:00,mangan,Mangan,27.5167,88.5333,0.14,2.626,45.27,0.0062
2023-10-05 09:00:00,singtam,Singtam,27.2333,88.4833,0.03,2.446,44.06,0.027
2023-10-05 09:10:00,chungthang,Chungthang,27.6167,88.65,0.01,2.635,46.99,0.0111
2023-10-05 09:10:00,dikchu,Dikchu,27.3833,88.6167,0.0,2.491,46.04,0.0122
2023-10-05 09:10:00,gangtok,Gangtok,27.3389,88.6065,0.25,,45.59,0.0227
2023-10-05 09:10:00,gyalshing,Gyalshing,27.2833,88.2667,0.36,,46.76,0.0348
2023-10-05 09:10:00,lachen,Lachen,27.7167,88.5567,0.0,3.597,46.75,0.0089
2023-10-05 09:10:00,mangan,Mangan,27.5167,88.5333,1.64,2.597,45.46,0.0192
2023-10-05 09:10:00,singtam,Singtam,27.2333,88.4833,0.04,2.43,43.64,0.0151
2023-10-05 09:20:00,chungthang,Chungthang,27.6167,88.65,0.02,2.641,46.94,0.0084
2023-10-05 09:20:00,dikchu,Dikchu,27.3833,88.6167,0.02,2.494,46.03,0.033
2023-10-05 09:20:00,gangtok,Gangtok,27.3389,88.6065,0.02,,45.53,0.0202
2023-10-05 09:20:00,gyalshing,Gyalshing,27.2833,88.2667,0.01,,46.92,0.0115
2023-10-05 09:20:00,lachen,Lachen,27.7167,88.5567,0.0,3.523,46.65,0.0012
2023-10-05 09:20:00,mangan,Mangan,27.5167,88.5333,0.4,2.616,45.74,0.0048
2023-10-05 09:20:00,singtam,Singtam,27.2333,88.4833,0.0,2.432,43.59,0.0026
2023-10-05 09:30:00,chungthang,Chungthang,27.6167,88.65,0.01,2.68,46.9,0.0108
2023-10-05 09:30:00,dikchu,Dikchu,27.3833,88.6167,0.01,2.507,46.03,0.0185
2023-10-05 09:30:00,gangtok,Gangtok,27.3389,88.6065,2.59,,45.6,0.0033
2023-10-05 09:30:00,gyalshing,Gyalshing,27.2833,88.2667,1.75,,46.67,0.0086
2023-10-05 09:30:00,lachen,Lachen,27.7167,88.5567,0.0,3.552,46.76,0.0003
2023-10-05 09:30:00,mangan,Mangan,27.5167,88.5333,0.05,2.603,45.99,0.0108
2023-10-05 09:30:00,singtam,Singtam,27.2333,88.4833,0.33,2.497,43.96,0.0214
2023-10-05 09:40:00,chungthang,Chungthang,27.6167,88.65,1.55,2.586,47.29,0.0123
2023-10-05 09:40:00,dikchu,Dikchu,27.3833,88.6167,4.29,2.446,46.37,0.0134
2023-10-05 09:40:00,gangtok,Gangtok,27.3389,88.6065,0.63,,45.59,0.0053
2023-10-05 09:40:00,gyalshing,Gyalshing,27.2833,88.2667,0.41,,46.74,0.0214
2023-10-05 09:40:00,lachen,Lachen,27.7167,88.5567,0.41,3.584,46.56,0.0131
2023-10-05 09:40:00,mangan,Mangan,27.5167,88.5333,1.93,2.608,45.67,0.003
2023-10-05 09:40:00,singtam,Singtam,27.2333,88.4833,0.18,2.418,44.45,0.0019
2023-10-05 09:50:00,chungthang,Chungthang,27.6167,88.65,0.07,2.574,46.54,0.0372
2023-10-05 09:50:00,dikchu,Dikchu,27.3833,88.6167,0.29,2.449,46.14,0.015
2023-10-05 09:50:00,gangtok,Gangtok,27.3389,88.6065,0.0,,45.74,0.0499
2023-10-05 09:50:00,gyalshing,Gyalshing,27.2833,88.2667,0.58,,46.08,0.0156
2023-10-05 09:50:00,lachen,Lachen,27.7167,88.5567,0.0,3.575,46.46,0.0145
2023-10-05 09:50:00,mangan,Mangan,27.5167,88.5333,0.05,2.598,45.98,0.0001
2023-10-05 09:50:00,singtam,Singtam,27.2333,88.4833,1.47,2.437,44.37,0.0142
2023-10-05 10:00:00,chungthang,Chungthang,27.6167,88.65,0.0,2.55,46.28,0.0094
2023-10-05 10:00:00,dikchu,Dikchu,27.3833,88.6167,0.01,2.482,46.1,0.0196
2023-10-05 10:00:00,gangtok,Gangtok,27.3389,88.6065,3.57,,46.33,0.0119
2023-10-05 10:00:00,gyalshing,Gyalshing,27.2833,88.2667,0.13,,45.57,0.0204
2023-10-05 10:00:00,lachen,Lachen,27.7167,88.5567,0.03,3.521,46.68,0.0008
2023-10-05 10:00:00,mangan,Mangan,27.5167,88.5333,0.29,2.61,45.86,0.0043
2023-10-05 10:00:00,singtam,Singtam,27.2333,88.4833,1.13,2.437,44.35,0.0275
2023-10-05 10:10:00,chungthang,Chungthang,27.6167,88.65,0.18,2.582,46.25,0.0113
2023-10-05 10:10:00,dikchu,Dikchu,27.3833,88.6167,0.0,2.513,46.37,0.0194
2023-10-05 10:10:00,gangtok,Gangtok,27.3389,88.6065,2.36,,45.91,0.023
2023-10-05 10:10:00,gyalshing,Gyalshing,27.2833,88.2667,1.88,,45.74,0.0284
2023-10-05 10:10:00,lachen,Lachen,27.7167,88.5567,1.28,3.553,46.87,0.0062
2023-10-05 10:10:00,mangan,Mangan,27.5167,88.5333,0.17,2.551,45.66,0.0222
2023-10-05 10:10:00,singtam,Singtam,27.2333,88.4833,0.18,2.41,44.16,0.0059
2023-10-05 10:20:00,chungthang,Chungthang,27.6167,88.65,0.02,2.575,45.95,0.0134
2023-10-05 10:20:00,dikchu,Dikchu,27.3833,88.6167,0.11,2.472,46.44,0.0442
2023-10-05 10:20:00,gangtok,Gangtok,27.3389,88.6065,3.11,,45.82,0.0307
2023-10-05 10:20:00,gyalshing,Gyalshing,27.2833,88.2667,0.0,,45.57,0.0062
2023-10-05 10:20:00,lachen,Lachen,27.7167,88.5567,0.11,3.571,46.59,0.0317
2023-10-05 10:20:00,mangan,Mangan,27.5167,88.5333,0.0,2.51,45.6,0.0054
2023-10-05 10:20:00,singtam,Singtam,27.2333,88.4833,0.01,2.417,44.34,0.0234
2023-10-05 10:30:00,chungthang,Chungthang,27.6167,88.65,0.07,2.538,45.86,0.0292
2023-10-05 10:30:00,dikchu,Dikchu,27.3833,88.6167,0.03,2.444,46.33,0.0153
2023-10-05 10:30:00,gangtok,Gangtok,27.3389,88.6065,0.21,,46.2,0.008
2023-10-05 10:30:00,gyalshing,Gyalshing,27.2833,88.2667,1.88,,45.39,0.0091
2023-10-05 10:30:00,lachen,Lachen,27.7167,88.5567,0.2,3.556,46.35,0.0184
2023-10-05 10:30:00,mangan,Mangan,27.5167,88.5333,0.01,2.564,45.8,0.0281
2023-10-05 10:30:00,singtam,Singtam,27.2333,88.4833,0.0,2.405,44.74,0.008
2023-10-05 10:40:00,chungthang,Chungthang,27.6167,88.65,0.0,2.55,45.81,0.0092
2023-10-05 10:40:00,dikchu,Dikchu,27.3833,88.6167,0.0,2.399,45.86,0.0319
2023-10-05 10:40:00,gangtok,Gangtok,27.3389,88.6065,0.02,,46.06,0.0079
2023-10-05 10:40:00,gyalshing,Gyalshing,27.2833,88.2667,4.68,,45.44,0.0029
2023-10-05 10:40:00,lachen,Lachen,27.7167,88.5567,0.48,3.523,46.36,0.0314
2023-10-05 10:40:00,mangan,Mangan,27.5167,88.5333,0.0,2.562,45.92,0.0112
2023-10-05 10:40:00,singtam,Singtam,27.2333,88.4833,1.1,2.407,45.07,0.0015
2023-10-05 10:50:00,chungthang,Chungthang,27.6167,88.65,0.42,2.49,45.64,0.0203
2023-10-05 10:50:00,dikchu,Dikchu,27.3833,88.6167,0.04,2.488,45.26,0.0318
2023-10-05 10:50:00,gangtok,Gangtok,27.3389,88.6065,0.48,,46.25,0.0266
2023-10-05 10:50:00,gyalshing,Gyalshing,27.2833,88.2667,0.97,,45.36,0.0068
2023-10-05 10:50:00,lachen,Lachen,27.7167,88.5567,0.0,3.505,46.77,0.0077
2023-10-05 10:50:00,mangan,Mangan,27.5167,88.5333,0.93,2.58,45.85,0.0033
2023-10-05 10:50:00,singtam,Singtam,27.2333,88.4833,0.03,2.38,45.06,0.0134
2023-10-05 11:00:00,chungthang,Chungthang,27.6167,88.65,0.04,2.57,45.64,0.0118
2023-10-05 11:00:00,dikchu,Dikchu,27.3833,88.6167,0.0,2.433,45.78,0.0046
2023-10-05 11:00:00,gangtok,Gangtok,27.3389,88.6065,1.51,,46.42,0.0056
2023-10-05 11:00:00,gyalshing,Gyalshing,27.2833,88.2667,1.53,,45.15,0.0504
2023-10-05 11:00:00,lachen,Lachen,27.7167,88.5567,0.15,3.493,46.26,0.0265
2023-10-05 11:00:00,mangan,Mangan,27.5167,88.5333,0.0,2.565,46.04,0.0225
2023-10-05 11:00:00,singtam,Singtam,27.2333,88.4833,0.1,2.38,44.86,0.0166
2023-10-05 11:10:00,chungthang,Chungthang,27.6167,88.65,0.33,2.513,45.79,0.0432
2023-10-05 11:10:00,dikchu,Dikchu,27.3833,88.6167,0.02,2.416,45.85,0.0095
2023-10-05 11:10:00,gangtok,Gangtok,27.3389,88.6065,0.0,,46.72,0.0397
2023-10-05 11:10:00,gyalshing,Gyalshing,27.2833,88.2667,0.0,,44.75,0.0107
2023-10-05 11:10:00,lachen,Lachen,27.7167,88.5567,0.0,3.518,46.31,0.0308
2023-10-05 11:10:00,mangan,Mangan,27.5167,88.5333,2.42,2.579,46.07,0.026
2023-10-05 11:10:00,singtam,Singtam,27.2333,88.4833,0.09,2.391,44.88,0.0235
2023-10-05 11:20:00,chungthang,Chungthang,27.6167,88.65,0.16,2.528,45.72,0.0051
2023-10-05 11:20:00,dikchu,Dikchu,27.3833,88.6167,0.0,2.395,45.68,0.0248
2023-10-05 11:20:00,gangtok,Gangtok,27.3389,88.6065,1.81,,47.21,0.0204
2023-10-05 11:20:00,gyalshing,Gyalshing,27.2833,88.2667,0.37,,44.28,0.0097
2023-10-05 11:20:00,lachen,Lachen,27.7167,88.5567,0.06,3.503,45.94,0.0022
2023-10-05 11:20:00,mangan,Mangan,27.5167,88.5333,1.2,2.534,45.91,0.0355
2023-10-05 11:20:00,singtam,Singtam,27.2333,88.4833,0.06,2.328,45.24,0.0049
2023-10-05 11:30:00,chungthang,Chungthang,27.6167,88.65,1.12,2.48,45.59,0.0148
2023-10-05 11:30:00,dikchu,Dikchu,27.3833,88.6167,0.0,2.399,45.76,0.0012
2023-10-05 11:30:00,gangtok,Gangtok,27.3389,88.6065,2.01,,47.26,0.0135
2023-10-05 11:30:00,gyalshing,Gyalshing,27.2833,88.2667,0.01,,44.49,0.03
2023-10-05 11:30:00,lachen,Lachen,27.7167,88.5567,1.28,3.509,45.77,0.0312
2023-10-05 11:30:00,mangan,Mangan,27.5167,88.5333,5.1,2.516,45.74,0.0026
2023-10-05 11:30:00,singtam,Singtam,27.2333,88.4833,2.97,2.429,45.17,0.0005
2023-10-05 11:40:00,chungthang,Chungthang,27.6167,88.65,2.45,2.499,45.55,0.0231
2023-10-05 11:40:00,dikchu,Dikchu,27.3833,88.6167,0.76,2.409,45.53,0.0027
2023-10-05 11:40:00,gangtok,Gangtok,27.3389,88.6065,0.2,,46.79,0.0088
2023-10-05 11:40:00,gyalshing,Gyalshing,27.2833,88.2667,0.0,,44.4,0.0027
2023-10-05 11:40:00,lachen,Lachen,27.7167,88.5567,0.11,3.488,45.67,0.0037
2023-10-05 11:40:00,mangan,Mangan,27.5167,88.5333,0.04,2.462,45.83,0.0153
2023-10-05 11:40:00,singtam,Singtam,27.2333,88.4833,0.04,2.446,44.72,0.0225
2023-10-05 11:50:00,chungthang,Chungthang,27.6167,88.65,0.04,2.502,45.54,0.019
2023-10-05 11:50:00,dikchu,Dikchu,27.3833,88.6167,0.0,2.427,45.44,0.0125
2023-10-05 11:50:00,gangtok,Gangtok,27.3389,88.6065,0.84,,46.61,0.0211
2023-10-05 11:50:00,gyalshing,Gyalshing,27.2833,88.2667,0.41,,44.63,0.0057
2023-10-05 11:50:00,lachen,Lachen,27.7167,88.5567,0.78,3.502,45.56,0.0261
2023-10-05 11:50:00,mangan,Mangan,27.5167,88.5333,0.99,2.508,45.8,0.0291
2023-10-05 11:50:00,singtam,Singtam,27.2333,88.4833,0.01,2.383,44.65,0.0117
2023-10-05 12:00:00,chungthang,Chungthang,27.6167,88.65,0.04,2.504,45.09,0.0089
2023-10-05 12:00:00,dikchu,Dikchu,27.3833,88.6167,0.04,2.393,45.21,0.0472
2023-10-05 12:00:00,gangtok,Gangtok,27.3389,88.6065,0.0,,47.15,0.0031
2023-10-05 12:00:00,gyalshing,Gyalshing,27.2833,88.2667,0.0,,44.55,0.0135
2023-10-05 12:00:00,lachen,Lachen,27.7167,88.5567,0.19,3.473,45.42,0.007
2023-10-05 12:00:00,mangan,Mangan,27.5167,88.5333,2.13,2.476,45.44,0.0086
2023-10-05 12:00:00,singtam,Singtam,27.2333,88.4833,0.01,2.394,44.59,0.01
2023-10-05 12:10:00,chungthang,Chungthang,27.6167,88.65,0.44,2.513,45.21,0.025
2023-10-05 12:10:00,dikchu,Dikchu,27.3833,88.6167,3.22,2.431,44.89,0.0014
2023-10-05 12:10:00,gangtok,Gangtok,27.3389,88.6065,0.96,,46.79,0.0267
2023-10-05 12:10:00,gyalshing,Gyalshing,27.2833,88.2667,0.03,,44.59,0.014
2023-10-05 12:10:00,lachen,Lachen,27.7167,88.5567,0.0,3.488,45.41,0.0094
2023-10-05 12:10:00,mangan,Mangan,27.5167,88.5333,0.09,2.494,45.64,0.0215
2023-10-05 12:10:00,singtam,Singtam,27.2333,88.4833,0.83,2.403,44.16,0.0248
2023-10-05 12:20:00,chungthang,Chungthang,27.6167,88.65,2.7,2.536,45.1,0.0009
2023-10-05 12:20:00,dikchu,Dikchu,27.3833,88.6167,0.22,2.414,44.36,0.0142
2023-10-05 12:20:00,gangtok,Gangtok,27.3389,88.6065,0.27,,46.9,0.0001
2023-10-05 12:20:00,gyalshing,Gyalshing,27.2833,88.2667,0.08,,44.56,0.0283
2023-10-05 12:20:00,lachen,Lachen,27.7167,88.5567,0.0,3.484,45.27,0.0267
2023-10-05 12:20:00,mangan,Mangan,27.5167,88.5333,0.73,2.484,45.52,0.0013
2023-10-05 12:20:00,singtam,Singtam,27.2333,88.4833,1.37,2.328,44.25,0.0087
2023-10-05 12:30:00,chungthang,Chungthang,27.6167,88.65,0.0,2.508,45.41,0.0312
2023-10-05 12:30:00,dikchu,Dikchu,27.3833,88.6167,0.59,2.484,43.99,0.0215
2023-10-05 12:30:00,gangtok,Gangtok,27.3389,88.6065,0.1,,46.26,0.0074
2023-10-05 12:30:00,gyalshing,Gyalshing,27.2833,88.2667,1.69,,44.59,0.0268
2023-10-05 12:30:00,lachen,Lachen,27.7167,88.5567,0.25,3.427,44.91,0.0188
2023-10-05 12:30:00,mangan,Mangan,27.5167,88.5333,1.77,2.491,45.92,0.0606
2023-10-05 12:30:00,singtam,Singtam,27.2333,88.4833,0.01,2.392,44.4,0.0085
2023-10-05 12:40:00,chungthang,Chungthang,27.6167,88.65,0.36,2.51,45.55,0.0109
2023-10-05 12:40:00,dikchu,Dikchu,27.3833,88.6167,0.89,2.362,44.28,0.0084
2023-10-05 12:40:00,gangtok,Gangtok,27.3389,88.6065,0.01,,45.92,0.0292
2023-10-05 12:40:00,gyalshing,Gyalshing,27.2833,88.2667,0.0,,44.58,0.0013
2023-10-05 12:40:00,lachen,Lachen,27.7167,88.5567,0.0,3.391,45.1,0.0067
2023-10-05 12:40:00,mangan,Mangan,27.5167,88.5333,4.58,2.469,45.57,0.0061
2023-10-05 12:40:00,singtam,Singtam,27.2333,88.4833,0.02,2.348,44.86,0.0172
2023-10-05 12:50:00,chungthang,Chungthang,27.6167,88.65,0.01,2.518,45.84,0.0079
2023-10-05 12:50:00,dikchu,Dikchu,27.3833,88.6167,0.25,2.415,44.05,0.029
2023-10-05 12:50:00,gangtok,Gangtok,27.3389,88.6065,0.07,,46.14,0.0049
2023-10-05 12:50:00,gyalshing,Gyalshing,27.2833,88.2667,0.0,,44.47,0.0189
2023-10-05 12:50:00,lachen,Lachen,27.7167,88.5567,0.13,3.485,45.29,0.0173
2023-10-05 12:50:00,mangan,Mangan,27.5167,88.5333,0.28,2.495,45.52,0.0173
2023-10-05 12:50:00,singtam,Singtam,27.2333,88.4833,0.8,2.427,44.53,0.0153
2023-10-05 13:00:00,chungthang,Chungthang,27.6167,88.65,0.06,2.486,45.57,0.0308
2023-10-05 13:00:00,dikchu,Dikchu,27.3833,88.6167,0.6,2.411,44.22,0.0161
2023-10-05 13:00:00,gangtok,Gangtok,27.3389,88.6065,0.17,,46.14,0.0163
2023-10-05 13:00:00,gyalshing,Gyalshing,27.2833,88.2667,8.0,,44.31,0.0165
2023-10-05 13:00:00,lachen,Lachen,27.7167,88.5567,0.0,3.441,45.49,0.0163
2023-10-05 13:00:00,mangan,Mangan,27.5167,88.5333,0.3,2.38,45.34,0.0082
2023-10-05 13:00:00,singtam,Singtam,27.2333,88.4833,0.0,2.349,44.71,0.0107
2023-10-05 13:10:00,chungthang,Chungthang,27.6167,88.65,0.01,2.462,45.47,0.0121
2023-10-05 13:10:00,dikchu,Dikchu,27.3833,88.6167,0.08,2.371,44.47,0.0097
2023-10-05 13:10:00,gangtok,Gangtok,27.3389,88.6065,0.07,,46.05,0.0299
2023-10-05 13:10:00,gyalshing,Gyalshing,27.2833,88.2667,0.0,,44.51,0.0061
2023-10-05 13:10:00,lachen,Lachen,27.7167,88.5567,1.2,3.376,45.11,0.0035
2023-10-05 13:10:00,mangan,Mangan,27.5167,88.5333,0.0,2.462,45.1,0.0103
2023-10-05 13:10:00,singtam,Singtam,27.2333,88.4833,0.0,2.379,44.97,0.0221
2023-10-05 13:20:00,chungthang,Chungthang,27.6167,88.65,0.86,2.488,45.15,0.021
2023-10-05 13:20:00,dikchu,Dikchu,27.3833,88.6167,0.02,2.401,44.49,0.008
2023-10-05 13:20:00,gangtok,Gangtok,27.3389,88.6065,0.59,,45.85,0.0037
2023-10-05 13:20:00,gyalshing,Gyalshing,27.2833,88.2667,0.16,,44.93,0.0032
2023-10-05 13:20:00,lachen,Lachen,27.7167,88.5567,0.0,3.4,45.18,0.007
2023-10-05 13:20:00,mangan,Mangan,27.5167,88.5333,0.71,2.488,44.98,0.0192
2023-10-05 13:20:00,singtam,Singtam,27.2333,88.4833,2.24,2.343,45.12,0.0203
2023-10-05 13:30:00,chungthang,Chungthang,27.6167,88.65,0.0,2.485,44.98,0.0355
2023-10-05 13:30:00,dikchu,Dikchu,27.3833,88.6167,0.06,2.417,44.43,0.0013
2023-10-05 13:30:00,gangtok,Gangtok,27.3389,88.6065,0.84,,45.36,0.0155
2023-10-05 13:30:00,gyalshing,Gyalshing,27.2833,88.2667,0.04,,45.36,0.0052
2023-10-05 13:30:00,lachen,Lachen,27.7167,88.5567,1.2,3.438,45.35,0.0031
2023-10-05 13:30:00,mangan,Mangan,27.5167,88.5333,0.0,2.503,45.41,0.0421
2023-10-05 13:30:00,singtam,Singtam,27.2333,88.4833,0.45,2.412,44.89,0.0179
2023-10-05 13:40:00,chungthang,Chungthang,27.6167,88.65,0.89,2.467,45.3,0.017
2023-10-05 13:40:00,dikchu,Dikchu,27.3833,88.6167,0.51,2.394,44.49,0.0238
2023-10-05 13:40:00,gangtok,Gangtok,27.3389,88.6065,1.59,,45.56,0.0123
2023-10-05 13:40:00,gyalshing,Gyalshing,27.2833,88.2667,0.0,,45.23,0.0107
2023-10-05 13:40:00,lachen,Lachen,27.7167,88.5567,1.17,3.401,45.1,0.0081
2023-10-05 13:40:00,mangan,Mangan,27.5167,88.5333,0.36,2.464,45.45,0.0213
2023-10-05 13:40:00,singtam,Singtam,27.2333,88.4833,2.37,2.327,44.66,0.0033
2023-10-05 13:50:00,chungthang,Chungthang,27.6167,88.65,0.61,2.398,45.67,0.0039
2023-10-05 13:50:00,dikchu,Dikchu,27.3833,88.6167,0.49,2.428,44.41,0.015
2023-10-05 13:50:00,gangtok,Gangtok,27.3389,88.6065,0.3,,45.5,0.0018
2023-10-05 13:50:00,gyalshing,Gyalshing,27.2833,88.2667,0.05,,45.06,0.0287
2023-10-05 13:50:00,lachen,Lachen,27.7167,88.5567,0.09,3.389,45.1,0.0053
2023-10-05 13:50:00,mangan,Mangan,27.5167,88.5333,0.36,2.488,45.25,0.0069
2023-10-05 13:50:00,singtam,Singtam,27.2333,88.4833,0.0,2.375,44.7,0.0191
2023-10-05 14:00:00,chungthang,Chungthang,27.6167,88.65,0.02,2.411,45.37,0.0078
2023-10-05 14:00:00,dikchu,Dikchu,27.3833,88.6167,0.0,2.318,44.72,0.0037
2023-10-05 14:00:00,gangtok,Gangtok,27.3389,88.6065,0.11,,45.13,0.016
2023-10-05 14:00:00,gyalshing,Gyalshing,27.2833,88.2667,0.0,,44.94,0.0295
2023-10-05 14:00:00,lachen,Lachen,27.7167,88.5567,0.02,3.44,45.07,0.013
2023-10-05 14:00:00,mangan,Mangan,27.5167,88.5333,0.35,2.437,44.79,0.0078
2023-10-05 14:00:00,singtam,Singtam,27.2333,88.4833,0.92,2.356,44.75,0.0072
2023-10-05 14:10:00,chungthang,Chungthang,27.6167,88.65,0.01,2.423,45.25,0.0171
2023-10-05 14:10:00,dikchu,Dikchu,27.3833,88.6167,0.23,2.354,45.18,0.0052
2023-10-05 14:10:00,gangtok,Gangtok,27.3389,88.6065,0.01,,45.15,0.0064
2023-10-05 14:10:00,gyalshing,Gyalshing,27.2833,88.2667,0.01,,44.88,0.0118
2023-10-05 14:10:00,lachen,Lachen,27.7167,88.5567,0.2,3.361,45.53,0.0321
2023-10-05 14:10:00,mangan,Mangan,27.5167,88.5333,0.0,2.428,44.36,0.0062
2023-10-05 14:10:00,singtam,Singtam,27.2333,88.4833,0.0,2.346,44.63,0.0
2023-10-05 14:20:00,chungthang,Chungthang,27.6167,88.65,0.01,2.449,45.23,0.0054
2023-10-05 14:20:00,dikchu,Dikchu,27.3833,88.6167,0.09,2.42,45.54,0.01
2023-10-05 14:20:00,gangtok,Gangtok,27.3389,88.6065,0.0,,45.3,0.0161
2023-10-05 14:20:00,gyalshing,Gyalshing,27.2833,88.2667,0.02,,44.87,0.0215
2023-10-05 14:20:00,lachen,Lachen,27.7167,88.5567,0.16,3.363,46.01,0.021
2023-10-05 14:20:00,mangan,Mangan,27.5167,88.5333,0.36,2.439,44.24,0.0308
2023-10-05 14:20:00,singtam,Singtam,27.2333,88.4833,0.69,2.338,44.97,0.0031
2023-10-05 14:30:00,chungthang,Chungthang,27.6167,88.65,0.21,2.42,45.37,0.0045
2023-10-05 14:30:00,dikchu,Dikchu,27.3833,88.6167,0.03,2.4,45.0,0.0128
2023-10-05 14:30:00,gangtok,Gangtok,27.3389,88.6065,5.79,,45.31,0.0099
2023-10-05 14:30:00,gyalshing,Gyalshing,27.2833,88.2667,0.41,,44.64,0.0042
2023-10-05 14:30:00,lachen,Lachen,27.7167,88.5567,0.01,3.388,45.58,0.0152
2023-10-05 14:30:00,mangan,Mangan,27.5167,88.5333,0.01,2.418,44.09,0.0061
2023-10-05 14:30:00,singtam,Singtam,27.2333,88.4833,1.92,2.308,44.91,0.0277
2023-10-05 14:40:00,chungthang,Chungthang,27.6167,88.65,0.37,2.45,44.93,0.0049
2023-10-05 14:40:00,dikchu,Dikchu,27.3833,88.6167,0.0,2.385,44.88,0.0304
2023-10-05 14:40:00,gangtok,Gangtok,27.3389,88.6065,2.5,,45.35,0.011
2023-10-05 14:40:00,gyalshing,Gyalshing,27.2833,88.2667,0.0,,44.29,0.0249
2023-10-05 14:40:00,lachen,Lachen,27.7167,88.5567,0.0,3.388,46.2,0.0114
2023-10-05 14:40:00,mangan,Mangan,27.5167,88.5333,4.57,2.39,44.07,0.0617
2023-10-05 14:40:00,singtam,Singtam,27.2333,88.4833,0.03,2.248,44.45,0.0261
2023-10-05 14:50:00,chungthang,Chungthang,27.6167,88.65,2.7,2.45,44.54,0.001
2023-10-05 14:50:00,dikchu,Dikchu,27.3833,88.6167,0.0,2.402,44.89,0.0191
2023-10-05 14:50:00,gangtok,Gangtok,27.3389,88.6065,0.76,,45.38,0.0071
2023-10-05 14:50:00,gyalshing,Gyalshing,27.2833,88.2667,1.15,,44.34,0.0058
2023-10-05 14:50:00,lachen,Lachen,27.7167,88.5567,0.01,3.386,45.95,0.0149
2023-10-05 14:50:00,mangan,Mangan,27.5167,88.5333,0.01,2.394,43.52,0.0484
2023-10-05 14:50:00,singtam,Singtam,27.2333,88.4833,0.22,2.355,44.4,0.0231
2023-10-05 15:00:00,chungthang,Chungthang,27.6167,88.65,1.82,2.442,44.68,0.0014
2023-10-05 15:00:00,dikchu,Dikchu,27.3833,88.6167,1.7,2.305,45.03,0.0138
2023-10-05 15:00:00,gangtok,Gangtok,27.3389,88.6065,0.19,,45.2,0.0165
2023-10-05 15:00:00,gyalshing,Gyalshing,27.2833,88.2667,0.24,,43.49,0.002
2023-10-05 15:00:00,lachen,Lachen,27.7167,88.5567,0.09,3.394,46.19,0.0237
2023-10-05 15:00:00,mangan,Mangan,27.5167,88.5333,0.08,2.371,43.52,0.0037
2023-10-05 15:00:00,singtam,Singtam,27.2333,88.4833,0.05,2.305,44.55,0.0126
2023-10-05 15:10:00,chungthang,Chungthang,27.6167,88.65,0.44,2.437,44.2,0.0033
2023-10-05 15:10:00,dikchu,Dikchu,27.3833,88.6167,0.13,2.382,44.61,0.0107
2023-10-05 15:10:00,gangtok,Gangtok,27.3389,88.6065,0.1,,45.22,0.0304
2023-10-05 15:10:00,gyalshing,Gyalshing,27.2833,88.2667,1.45,,43.52,0.0133
2023-10-05 15:10:00,lachen,Lachen,27.7167,88.5567,0.48,3.367,46.42,0.0207
2023-10-05 15:10:00,mangan,Mangan,27.5167,88.5333,0.16,2.416,43.8,0.0069
2023-10-05 15:10:00,singtam,Singtam,27.2333,88.4833,1.4,2.352,44.62,0.0197
2023-10-05 15:20:00,chungthang,Chungthang,27.6167,88.65,0.12,2.365,44.1,0.012
2023-10-05 15:20:00,dikchu,Dikchu,27.3833,88.6167,3.27,2.387,44.22,0.0082
2023-10-05 15:20:00,gangtok,Gangtok,27.3389,88.6065,0.0,,45.4,0.0071
2023-10-05 15:20:00,gyalshing,Gyalshing,27.2833,88.2667,3.7,,43.37,0.0067
2023-10-05 15:20:00,lachen,Lachen,27.7167,88.5567,0.09,3.371,46.15,0.0341
2023-10-05 15:20:00,mangan,Mangan,27.5167,88.5333,0.1,2.396,44.23,0.0217
2023-10-05 15:20:00,singtam,Singtam,27.2333,88.4833,0.05,2.324,44.72,0.0152
2023-10-05 15:30:00,chungthang,Chungthang,27.6167,88.65,0.0,2.406,44.16,0.0111
2023-10-05 15:30:00,dikchu,Dikchu,27.3833,88.6167,0.02,2.332,44.56,0.0252
2023-10-05 15:30:00,gangtok,Gangtok,27.3389,88.6065,1.06,,45.67,0.0022
2023-10-05 15:30:00,gyalshing,Gyalshing,27.2833,88.2667,0.29,,43.6,0.0077
2023-10-05 15:30:00,lachen,Lachen,27.7167,88.5567,6.94,3.344,46.27,0.0185
2023-10-05 15:30:00,mangan,Mangan,27.5167,88.5333,1.76,2.381,43.78,0.0093
2023-10-05 15:30:00,singtam,Singtam,27.2333,88.4833,0.0,2.347,45.1,0.0275
2023-10-05 15:40:00,chungthang,Chungthang,27.6167,88.65,0.0,2.369,44.28,0.0024
2023-10-05 15:40:00,dikchu,Dikchu,27.3833,88.6167,0.93,2.427,44.45,0.0228
2023-10-05 15:40:00,gangtok,Gangtok,27.3389,88.6065,0.31,,45.87,0.0026
2023-10-05 15:40:00,gyalshing,Gyalshing,27.2833,88.2667,0.36,,43.88,0.005
2023-10-05 15:40:00,lachen,Lachen,27.7167,88.5567,0.01,3.349,46.23,0.0051
2023-10-05 15:40:00,mangan,Mangan,27.5167,88.5333,0.04,2.37,43.6,0.0149
2023-10-05 15:40:00,singtam,Singtam,27.2333,88.4833,4.87,2.333,44.88,0.0233
2023-10-05 15:50:00,chungthang,Chungthang,27.6167,88.65,0.4,2.333,44.26,0.0009
2023-10-05 15:50:00,dikchu,Dikchu,27.3833,88.6167,3.76,2.351,44.13,0.0113
2023-10-05 15:50:00,gangtok,Gangtok,27.3389,88.6065,0.01,,45.7,0.0104
2023-10-05 15:50:00,gyalshing,Gyalshing,27.2833,88.2667,0.11,,44.17,0.0226
2023-10-05 15:50:00,lachen,Lachen,27.7167,88.5567,0.49,3.345,46.35,0.0042
2023-10-05 15:50:00,mangan,Mangan,27.5167,88.5333,0.19,2.398,43.41,0.0085
2023-10-05 15:50:00,singtam,Singtam,27.2333,88.4833,0.0,2.232,44.79,0.0003
2023-10-05 16:00:00,chungthang,Chungthang,27.6167,88.65,2.12,2.369,44.18,0.0088
2023-10-05 16:00:00,dikchu,Dikchu,27.3833,88.6167,0.66,2.276,43.88,0.0298
2023-10-05 16:00:00,gangtok,Gangtok,27.3389,88.6065,0.07,,45.87,0.0132
2023-10-05 16:00:00,gyalshing,Gyalshing,27.2833,88.2667,0.53,,44.11,0.0093
2023-10-05 16:00:00,lachen,Lachen,27.7167,88.5567,0.72,3.344,46.4,0.0082
2023-10-05 16:00:00,mangan,Mangan,27.5167,88.5333,3.37,2.402,43.49,0.0246
2023-10-05 16:00:00,singtam,Singtam,27.2333,88.4833,0.07,2.322,45.16,0.0146
2023-10-05 16:10:00,chungthang,Chungthang,27.6167,88.65,1.91,2.413,44.41,0.0065
2023-10-05 16:10:00,dikchu,Dikchu,27.3833,88.6167,0.01,2.35,44.01,0.0263
2023-10-05 16:10:00,gangtok,Gangtok,27.3389,88.6065,0.02,,45.99,0.0032
2023-10-05 16:10:00,gyalshing,Gyalshing,27.2833,88.2667,3.01,,43.9,0.0071
2023-10-05 16:10:00,lachen,Lachen,27.7167,88.5567,0.27,3.356,46.68,0.0116
2023-10-05 16:10:00,mangan,Mangan,27.5167,88.5333,0.0,2.341,43.21,0.0056
2023-10-05 16:10:00,singtam,Singtam,27.2333,88.4833,0.0,2.29,44.68,0.0149
2023-10-05 16:20:00,chungthang,Chungthang,27.6167,88.65,0.02,2.382,44.49,0.0363
2023-10-05 16:20:00,dikchu,Dikchu,27.3833,88.6167,0.33,2.314,43.83,0.0062
2023-10-05 16:20:00,gangtok,Gangtok,27.3389,88.6065,2.14,,45.78,0.0225
2023-10-05 16:20:00,gyalshing,Gyalshing,27.2833,88.2667,1.91,,43.75,0.0256
2023-10-05 16:20:00,lachen,Lachen,27.7167,88.5567,0.0,3.345,46.67,0.0165
2023-10-05 16:20:00,mangan,Mangan,27.5167,88.5333,0.0,2.332,43.66,0.0286
2023-10-05 16:20:00,singtam,Singtam,27.2333,88.4833,0.07,2.333,44.67,0.003
2023-10-05 16:30:00,chungthang,Chungthang,27.6167,88.65,0.04,2.425,44.34,0.0146
2023-10-05 16:30:00,dikchu,Dikchu,27.3833,88.6167,0.0,2.367,43.9,0.0292
2023-10-05 16:30:00,gangtok,Gangtok,27.3389,88.6065,0.01,,45.66,0.0128
2023-10-05 16:30:00,gyalshing,Gyalshing,27.2833,88.2667,1.59,,43.89,0.0256
2023-10-05 16:30:00,lachen,Lachen,27.7167,88.5567,0.18,3.325,46.61,0.0144
2023-10-05 16:30:00,mangan,Mangan,27.5167,88.5333,0.36,2.395,43.7,0.013
2023-10-05 16:30:00,singtam,Singtam,27.2333,88.4833,0.43,2.313,45.0,0.0038
2023-10-05 16:40:00,chungthang,Chungthang,27.6167,88.65,0.02,2.365,44.37,0.0056
2023-10-05 16:40:00,dikchu,Dikchu,27.3833,88.6167,0.06,2.346,43.69,0.0146
2023-10-05 16:40:00,gangtok,Gangtok,27.3389,88.6065,0.0,,45.81,0.0117
2023-10-05 16:40:00,gyalshing,Gyalshing,27.2833,88.2667,0.02,,43.51,0.0419
2023-10-05 16:40:00,lachen,Lachen,27.7167,88.5567,0.11,3.295,46.85,0.0023
2023-10-05 16:40:00,mangan,Mangan,27.5167,88.5333,0.0,2.321,43.69,0.0146
2023-10-05 16:40:00,singtam,Singtam,27.2333,88.4833,0.41,2.311,45.32,0.002
2023-10-05 16:50:00,chungthang,Chungthang,27.6167,88.65,0.0,2.429,44.47,0.0171
2023-10-05 16:50:00,dikchu,Dikchu,27.3833,88.6167,0.05,2.308,43.28,0.0119
2023-10-05 16:50:00,gangtok,Gangtok,27.3389,88.6065,0.91,,46.16,0.0027
2023-10-05 16:50:00,gyalshing,Gyalshing,27.2833,88.2667,0.36,,43.9,0.0097
2023-10-05 16:50:00,lachen,Lachen,27.7167,88.5567,1.23,3.317,46.98,0.0251
2023-10-05 16:50:00,mangan,Mangan,27.5167,88.5333,0.63,2.375,44.11,0.0244
2023-10-05 16:50:00,singtam,Singtam,27.2333,88.4833,0.6,2.282,45.5,0.0158
2023-10-05 17:00:00,chungthang,Chungthang,27.6167,88.65,0.01,2.356,44.91,0.0326
2023-10-05 17:00:00,dikchu,Dikchu,27.3833,88.6167,0.0,2.368,43.67,0.0123
2023-10-05 17:00:00,gangtok,Gangtok,27.3389,88.6065,0.0,,45.69,0.011
2023-10-05 17:00:00,gyalshing,Gyalshing,27.2833,88.2667,0.01,,43.84,0.0083
2023-10-05 17:00:00,lachen,Lachen,27.7167,88.5567,0.08,3.309,47.14,0.0034
2023-10-05 17:00:00,mangan,Mangan,27.5167,88.5333,0.02,2.403,44.12,0.0091
2023-10-05 17:00:00,singtam,Singtam,27.2333,88.4833,0.58,2.26,45.68,0.0137
2023-10-05 17:10:00,chungthang,Chungthang,27.6167,88.65,0.29,2.348,45.12,0.0004
2023-10-05 17:10:00,dikchu,Dikchu,27.3833,88.6167,0.0,2.348,43.79,0.0106
2023-10-05 17:10:00,gangtok,Gangtok,27.3389,88.6065,1.36,,46.12,0.0157
2023-10-05 17:10:00,gyalshing,Gyalshing,27.2833,88.2667,0.03,,44.0,0.0013
2023-10-05 17:10:00,lachen,Lachen,27.7167,88.5567,0.23,3.312,46.94,0.0276
2023-10-05 17:10:00,mangan,Mangan,27.5167,88.5333,0.0,2.4,44.24,0.0082
2023-10-05 17:10:00,singtam,Singtam,27.2333,88.4833,0.0,2.272,45.42,0.014
2023-10-05 17:20:00,chungthang,Chungthang,27.6167,88.65,1.15,2.304,45.42,0.0035
2023-10-05 17:20:00,dikchu,Dikchu,27.3833,88.6167,1.03,2.292,43.75,0.0002
2023-10-05 17:20:00,gangtok,Gangtok,27.3389,88.6065,0.01,,46.38,0.0124
2023-10-05 17:20:00,gyalshing,Gyalshing,27.2833,88.2667,0.11,,43.58,0.0023
2023-10-05 17:20:00,lachen,Lachen,27.7167,88.5567,0.3,3.368,46.66,0.0335
2023-10-05 17:20:00,mangan,Mangan,27.5167,88.5333,0.04,2.369,44.07,0.0075
2023-10-05 17:20:00,singtam,Singtam,27.2333,88.4833,0.02,2.229,45.77,0.032
2023-10-05 17:30:00,chungthang,Chungthang,27.6167,88.65,0.27,2.372,45.26,0.0097
2023-10-05 17:30:00,dikchu,Dikchu,27.3833,88.6167,0.04,2.309,43.64,0.0256
2023-10-05 17:30:00,gangtok,Gangtok,27.3389,88.6065,0.41,,46.42,0.0044
2023-10-05 17:30:00,gyalshing,Gyalshing,27.2833,88.2667,0.0,,43.39,0.0082
2023-10-05 17:30:00,lachen,Lachen,27.7167,88.5567,0.0,3.282,46.49,0.0143
2023-10-05 17:30:00,mangan,Mangan,27.5167,88.5333,0.01,2.365,43.74,0.0013
2023-10-05 17:30:00,singtam,Singtam,27.2333,88.4833,0.0,2.262,45.47,0.0029
2023-10-05 17:40:00,chungthang,Chungthang,27.6167,88.65,0.01,2.319,45.13,0.0003
2023-10-05 17:40:00,dikchu,Dikchu,27.3833,88.6167,0.1,2.326,44.04,0.0217
2023-10-05 17:40:00,gangtok,Gangtok,27.3389,88.6065,1.61,,46.37,0.0151
2023-10-05 17:40:00,gyalshing,Gyalshing,27.2833,88.2667,0.05,,42.95,0.0077
2023-10-05 17:40:00,lachen,Lachen,27.7167,88.5567,0.01,3.306,46.31,0.0238
2023-10-05 17:40:00,mangan,Mangan,27.5167,88.5333,2.24,2.407,43.62,0.0315
2023-10-05 17:40:00,singtam,Singtam,27.2333,88.4833,0.0,2.234,45.19,0.0008
2023-10-05 17:50:00,chungthang,Chungthang,27.6167,88.65,0.04,2.311,45.07,0.0243
2023-10-05 17:50:00,dikchu,Dikchu,27.3833,88.6167,0.3,2.297,44.21,0.0029
2023-10-05 17:50:00,gangtok,Gangtok,27.3389,88.6065,0.0,,46.46,0.0176
2023-10-05 17:50:00,gyalshing,Gyalshing,27.2833,88.2667,0.1,,43.26,0.0086
2023-10-05 17:50:00,lachen,Lachen,27.7167,88.5567,0.47,3.321,46.5,0.0098
2023-10-05 17:50:00,mangan,Mangan,27.5167,88.5333,0.06,2.266,44.18,0.0108
2023-10-05 17:50:00,singtam,Singtam,27.2333,88.4833,0.0,2.232,45.29,0.0152
2023-10-05 18:00:00,chungthang,Chungthang,27.6167,88.65,2.78,2.365,45.04,0.0034
2023-10-05 18:00:00,dikchu,Dikchu,27.3833,88.6167,0.0,2.295,44.51,0.0496
2023-10-05 18:00:00,gangtok,Gangtok,27.3389,88.6065,5.34,,46.34,0.0063
2023-10-05 18:00:00,gyalshing,Gyalshing,27.2833,88.2667,0.02,,43.26,0.0235
2023-10-05 18:00:00,lachen,Lachen,27.7167,88.5567,2.01,3.288,46.73,0.017
2023-10-05 18:00:00,mangan,Mangan,27.5167,88.5333,0.02,2.318,44.35,0.0046
2023-10-05 18:00:00,singtam,Singtam,27.2333,88.4833,0.29,2.276,45.18,0.0252
2023-10-05 18:10:00,chungthang,Chungthang,27.6167,88.65,0.41,2.357,44.8,0.0187
2023-10-05 18:10:00,dikchu,Dikchu,27.3833,88.6167,0.05,2.303,44.38,0.0235
2023-10-05 18:10:00,gangtok,Gangtok,27.3389,88.6065,3.0,,46.33,0.019
2023-10-05 18:10:00,gyalshing,Gyalshing,27.2833,88.2667,0.03,,43.44,0.0218
2023-10-05 18:10:00,lachen,Lachen,27.7167,88.5567,0.17,3.352,46.67,0.0145
2023-10-05 18:10:00,mangan,Mangan,27.5167,88.5333,1.13,2.354,44.44,0.0045
2023-10-05 18:10:00,singtam,Singtam,27.2333,88.4833,8.0,2.286,45.32,0.0265
2023-10-05 18:20:00,chungthang,Chungthang,27.6167,88.65,0.03,2.353,45.12,0.0055
2023-10-05 18:20:00,dikchu,Dikchu,27.3833,88.6167,0.0,2.267,44.41,0.0318
2023-10-05 18:20:00,gangtok,Gangtok,27.3389,88.6065,0.15,,45.96,0.0028
2023-10-05 18:20:00,gyalshing,Gyalshing,27.2833,88.2667,0.33,,43.42,0.0367
2023-10-05 18:20:00,lachen,Lachen,27.7167,88.5567,0.0,3.266,47.0,0.0157
2023-10-05 18:20:00,mangan,Mangan,27.5167,88.5333,0.02,2.315,44.2,0.0232
2023-10-05 18:20:00,singtam,Singtam,27.2333,88.4833,0.0,2.267,45.43,0.0284
2023-10-05 18:30:00,chungthang,Chungthang,27.6167,88.65,0.03,2.304,45.34,0.0512
2023-10-05 18:30:00,dikchu,Dikchu,27.3833,88.6167,0.03,2.229,44.52,0.0278
2023-10-05 18:30:00,gangtok,Gangtok,27.3389,88.6065,0.17,,45.52,0.0054
2023-10-05 18:30:00,gyalshing,Gyalshing,27.2833,88.2667,0.0,,43.57,0.0044
2023-10-05 18:30:00,lachen,Lachen,27.7167,88.5567,0.34,3.283,47.32,0.0073
2023-10-05 18:30:00,mangan,Mangan,27.5167,88.5333,0.2,2.359,44.43,0.0368
2023-10-05 18:30:00,singtam,Singtam,27.2333,88.4833,0.12,2.251,45.84,0.0151
2023-10-05 18:40:00,chungthang,Chungthang,27.6167,88.65,0.14,2.31,45.26,0.0226
2023-10-05 18:40:00,dikchu,Dikchu,27.3833,88.6167,0.0,2.301,44.4,0.0082
2023-10-05 18:40:00,gangtok,Gangtok,27.3389,88.6065,0.09,,46.11,0.0438
2023-10-05 18:40:00,gyalshing,Gyalshing,27.2833,88.2667,0.2,,43.53,0.023
2023-10-05 18:40:00,lachen,Lachen,27.7167,88.5567,0.55,3.246,47.35,0.0014
2023-10-05 18:40:00,mangan,Mangan,27.5167,88.5333,0.1,2.317,44.11,0.0302
2023-10-05 18:40:00,singtam,Singtam,27.2333,88.4833,0.19,2.235,45.94,0.0286
2023-10-05 18:50:00,chungthang,Chungthang,27.6167,88.65,0.18,2.306,45.42,0.0293
2023-10-05 18:50:00,dikchu,Dikchu,27.3833,88.6167,0.05,2.231,44.39,0.0079
2023-10-05 18:50:00,gangtok,Gangtok,27.3389,88.6065,0.03,,46.11,0.0194
2023-10-05 18:50:00,gyalshing,Gyalshing,27.2833,88.2667,0.02,,43.49,0.0121
2023-10-05 18:50:00,lachen,Lachen,27.7167,88.5567,0.0,3.256,47.11,0.0122
2023-10-05 18:50:00,mangan,Mangan,27.5167,88.5333,0.02,2.318,43.73,0.0183
2023-10-05 18:50:00,singtam,Singtam,27.2333,88.4833,0.45,2.252,45.79,0.0186
2023-10-05 19:00:00,chungthang,Chungthang,27.6167,88.65,0.06,2.327,45.47,0.0166
2023-10-05 19:00:00,dikchu,Dikchu,27.3833,88.6167,0.16,2.258,44.26,0.0184
2023-10-05 19:00:00,gangtok,Gangtok,27.3389,88.6065,0.05,,46.15,0.0183
2023-10-05 19:00:00,gyalshing,Gyalshing,27.2833,88.2667,0.01,,43.51,0.0071
2023-10-05 19:00:00,lachen,Lachen,27.7167,88.5567,0.11,3.27,47.47,0.038
2023-10-05 19:00:00,mangan,Mangan,27.5167,88.5333,0.01,2.303,43.61,0.003
2023-10-05 19:00:00,singtam,Singtam,27.2333,88.4833,0.62,2.234,45.97,0.0276
2023-10-05 19:10:00,chungthang,Chungthang,27.6167,88.65,0.01,2.347,45.65,0.0264
2023-10-05 19:10:00,dikchu,Dikchu,27.3833,88.6167,0.0,2.232,44.38,0.0182
2023-10-05 19:10:00,gangtok,Gangtok,27.3389,88.6065,0.13,,46.14,0.0064
2023-10-05 19:10:00,gyalshing,Gyalshing,27.2833,88.2667,0.0,,43.65,0.0394
2023-10-05 19:10:00,lachen,Lachen,27.7167,88.5567,0.0,3.284,47.42,0.0068
2023-10-05 19:10:00,mangan,Mangan,27.5167,88.5333,0.77,2.292,44.13,0.0125
2023-10-05 19:10:00,singtam,Singtam,27.2333,88.4833,1.31,2.255,45.77,0.0311
2023-10-05 19:20:00,chungthang,Chungthang,27.6167,88.65,0.11,2.308,45.3,0.0278
2023-10-05 19:20:00,dikchu,Dikchu,27.3833,88.6167,0.33,2.233,44.07,0.0
2023-10-05 19:20:00,gangtok,Gangtok,27.3389,88.6065,0.16,,45.93,0.0023
2023-10-05 19:20:00,gyalshing,Gyalshing,27.2833,88.2667,1.57,,43.82,0.0088
2023-10-05 19:20:00,lachen,Lachen,27.7167,88.5567,0.05,3.265,47.42,0.0037
2023-10-05 19:20:00,mangan,Mangan,27.5167,88.5333,0.06,2.288,44.62,0.0004
2023-10-05 19:20:00,singtam,Singtam,27.2333,88.4833,0.03,2.209,45.99,0.0097
2023-10-05 19:30:00,chungthang,Chungthang,27.6167,88.65,3.19,2.352,45.27,0.0135
2023-10-05 19:30:00,dikchu,Dikchu,27.3833,88.6167,0.36,2.293,44.24,0.0004
2023-10-05 19:30:00,gangtok,Gangtok,27.3389,88.6065,0.0,,45.82,0.0031
2023-10-05 19:30:00,gyalshing,Gyalshing,27.2833,88.2667,0.65,,44.56,0.04
2023-10-05 19:30:00,lachen,Lachen,27.7167,88.5567,0.0,3.29,47.3,0.0112
2023-10-05 19:30:00,mangan,Mangan,27.5167,88.5333,0.16,2.309,44.52,0.0117
2023-10-05 19:30:00,singtam,Singtam,27.2333,88.4833,1.13,2.273,46.02,0.0399
2023-10-05 19:40:00,chungthang,Chungthang,27.6167,88.65,0.94,2.316,45.26,0.0091
2023-10-05 19:40:00,dikchu,Dikchu,27.3833,88.6167,0.64,2.271,44.29,0.032
2023-10-05 19:40:00,gangtok,Gangtok,27.3389,88.6065,0.07,,45.85,0.0057
2023-10-05 19:40:00,gyalshing,Gyalshing,27.2833,88.2667,0.17,,45.01,0.0091
2023-10-05 19:40:00,lachen,Lachen,27.7167,88.5567,0.02,3.246,47.04,0.0268
2023-10-05 19:40:00,mangan,Mangan,27.5167,88.5333,5.13,2.275,44.37,0.0164
2023-10-05 19:40:00,singtam,Singtam,27.2333,88.4833,0.0,2.233,46.11,0.0073
2023-10-05 19:50:00,chungthang,Chungthang,27.6167,88.65,3.37,2.279,45.42,0.0207
2023-10-05 19:50:00,dikchu,Dikchu,27.3833,88.6167,0.49,2.267,44.25,0.0459
2023-10-05 19:50:00,gangtok,Gangtok,27.3389,88.6065,0.19,,45.79,0.0137
2023-10-05 19:50:00,gyalshing,Gyalshing,27.2833,88.2667,6.9,,44.68,0.0356
2023-10-05 19:50:00,lachen,Lachen,27.7167,88.5567,0.01,3.235,46.65,0.0129
2023-10-05 19:50:00,mangan,Mangan,27.5167,88.5333,0.06,2.323,43.98,0.0125
2023-10-05 19:50:00,singtam,Singtam,27.2333,88.4833,0.42,2.259,45.67,0.0111
2023-10-05 20:00:00,chungthang,Chungthang,27.6167,88.65,0.1,2.307,45.26,0.0229
2023-10-05 20:00:00,dikchu,Dikchu,27.3833,88.6167,0.01,2.233,44.39,0.0052
2023-10-05 20:00:00,gangtok,Gangtok,27.3389,88.6065,0.17,,45.61,0.0138
2023-10-05 20:00:00,gyalshing,Gyalshing,27.2833,88.2667,0.0,,44.66,0.0166
2023-10-05 20:00:00,lachen,Lachen,27.7167,88.5567,3.05,3.323,46.79,0.0411
2023-10-05 20:00:00,mangan,Mangan,27.5167,88.5333,0.03,2.311,44.02,0.0024
2023-10-05 20:00:00,singtam,Singtam,27.2333,88.4833,0.0,2.272,45.11,0.025
2023-10-05 20:10:00,chungthang,Chungthang,27.6167,88.65,0.06,2.33,44.63,0.0013
2023-10-05 20:10:00,dikchu,Dikchu,27.3833,88.6167,1.75,2.25,44.33,0.0013
2023-10-05 20:10:00,gangtok,Gangtok,27.3389,88.6065,0.22,,45.74,0.0362
2023-10-05 20:10:00,gyalshing,Gyalshing,27.2833,88.2667,0.5,,44.59,0.0125
2023-10-05 20:10:00,lachen,Lachen,27.7167,88.5567,0.0,3.25,46.57,0.0016
2023-10-05 20:10:00,mangan,Mangan,27.5167,88.5333,0.0,2.321,44.08,0.0157
2023-10-05 20:10:00,singtam,Singtam,27.2333,88.4833,0.02,2.253,44.74,0.0286
2023-10-05 20:20:00,chungthang,Chungthang,27.6167,88.65,0.58,2.336,44.37,0.0499
2023-10-05 20:20:00,dikchu,Dikchu,27.3833,88.6167,0.29,2.278,44.18,0.0125
2023-10-05 20:20:00,gangtok,Gangtok,27.3389,88.6065,0.05,,45.77,0.0071
2023-10-05 20:20:00,gyalshing,Gyalshing,27.2833,88.2667,0.38,,44.93,0.0092
2023-10-05 20:20:00,lachen,Lachen,27.7167,88.5567,1.48,3.213,47.32,0.0012
2023-10-05 20:20:00,mangan,Mangan,27.5167,88.5333,3.21,2.251,44.3,0.0252
2023-10-05 20:20:00,singtam,Singtam,27.2333,88.4833,0.52,2.265,45.2,0.0182
2023-10-05 20:30:00,chungthang,Chungthang,27.6167,88.65,1.24,2.308,44.38,0.0073
2023-10-05 20:30:00,dikchu,Dikchu,27.3833,88.6167,3.16,2.263,44.35,0.0053
2023-10-05 20:30:00,gangtok,Gangtok,27.3389,88.6065,1.25,,45.87,0.0133
2023-10-05 20:30:00,gyalshing,Gyalshing,27.2833,88.2667,0.01,,44.86,0.0116
2023-10-05 20:30:00,lachen,Lachen,27.7167,88.5567,1.18,3.211,47.02,0.0062
2023-10-05 20:30:00,mangan,Mangan,27.5167,88.5333,0.0,2.231,44.54,0.0176
2023-10-05 20:30:00,singtam,Singtam,27.2333,88.4833,0.74,2.177,44.91,0.0117
2023-10-05 20:40:00,chungthang,Chungthang,27.6167,88.65,0.3,2.27,44.4,0.0395
2023-10-05 20:40:00,dikchu,Dikchu,27.3833,88.6167,0.0,2.287,44.52,0.0072
2023-10-05 20:40:00,gangtok,Gangtok,27.3389,88.6065,0.0,,46.05,0.0137
2023-10-05 20:40:00,gyalshing,Gyalshing,27.2833,88.2667,0.62,,45.0,0.0232
2023-10-05 20:40:00,lachen,Lachen,27.7167,88.5567,0.1,3.2,46.68,0.0406
2023-10-05 20:40:00,mangan,Mangan,27.5167,88.5333,0.85,2.279,44.51,0.0006
2023-10-05 20:40:00,singtam,Singtam,27.2333,88.4833,0.19,2.222,45.11,0.0206
2023-10-05 20:50:00,chungthang,Chungthang,27.6167,88.65,0.0,2.259,44.83,0.0031
2023-10-05 20:50:00,dikchu,Dikchu,27.3833,88.6167,0.44,2.288,44.41,0.0001
2023-10-05 20:50:00,gangtok,Gangtok,27.3389,88.6065,0.33,,46.01,0.0017
2023-10-05 20:50:00,gyalshing,Gyalshing,27.2833,88.2667,0.23,,44.44,0.0172
2023-10-05 20:50:00,lachen,Lachen,27.7167,88.5567,3.98,3.253,46.8,0.0205
2023-10-05 20:50:00,mangan,Mangan,27.5167,88.5333,0.68,2.363,44.66,0.0167
2023-10-05 20:50:00,singtam,Singtam,27.2333,88.4833,4.41,2.268,45.01,0.0107
2023-10-05 21:00:00,chungthang,Chungthang,27.6167,88.65,1.22,2.28,44.98,0.0267
2023-10-05 21:00:00,dikchu,Dikchu,27.3833,88.6167,3.0,2.249,44.31,0.0003
2023-10-05 21:00:00,gangtok,Gangtok,27.3389,88.6065,3.54,,46.01,0.0105
2023-10-05 21:00:00,gyalshing,Gyalshing,27.2833,88.2667,0.59,,44.09,0.0338
2023-10-05 21:00:00,lachen,Lachen,27.7167,88.5567,1.08,3.211,47.16,0.0041
2023-10-05 21:00:00,mangan,Mangan,27.5167,88.5333,0.0,2.311,44.49,0.0172
2023-10-05 21:00:00,singtam,Singtam,27.2333,88.4833,0.0,2.248,44.96,0.0158
2023-10-05 21:10:00,chungthang,Chungthang,27.6167,88.65,0.0,2.31,45.01,0.0339
2023-10-05 21:10:00,dikchu,Dikchu,27.3833,88.6167,3.98,2.199,44.32,0.0161
2023-10-05 21:10:00,gangtok,Gangtok,27.3389,88.6065,0.0,,46.38,0.0346
2023-10-05 21:10:00,gyalshing,Gyalshing,27.2833,88.2667,0.01,,44.64,0.0264
2023-10-05 21:10:00,lachen,Lachen,27.7167,88.5567,0.19,3.223,47.15,0.016
2023-10-05 21:10:00,mangan,Mangan,27.5167,88.5333,0.2,2.253,44.64,0.0136
2023-10-05 21:10:00,singtam,Singtam,27.2333,88.4833,0.22,2.286,44.97,0.0295
2023-10-05 21:20:00,chungthang,Chungthang,27.6167,88.65,0.21,2.27,45.0,0.0205
2023-10-05 21:20:00,dikchu,Dikchu,27.3833,88.6167,0.66,2.229,44.21,0.0045
2023-10-05 21:20:00,gangtok,Gangtok,27.3389,88.6065,0.97,,46.14,0.0291
2023-10-05 21:20:00,gyalshing,Gyalshing,27.2833,88.2667,0.26,,44.68,0.0095
2023-10-05 21:20:00,lachen,Lachen,27.7167,88.5567,0.08,3.214,47.26,0.0109
2023-10-05 21:20:00,mangan,Mangan,27.5167,88.5333,5.97,2.28,44.54,0.0051
2023-10-05 21:20:00,singtam,Singtam,27.2333,88.4833,1.15,2.28,45.38,0.0341
2023-10-05 21:30:00,chungthang,Chungthang,27.6167,88.65,0.01,2.267,45.28,0.0097
2023-10-05 21:30:00,dikchu,Dikchu,27.3833,88.6167,0.0,2.247,44.61,0.0141
2023-10-05 21:30:00,gangtok,Gangtok,27.3389,88.6065,0.0,,45.67,0.0204
2023-10-05 21:30:00,gyalshing,Gyalshing,27.2833,88.2667,0.5,,44.44,0.0306
2023-10-05 21:30:00,lachen,Lachen,27.7167,88.5567,0.05,3.235,46.77,0.001
2023-10-05 21:30:00,mangan,Mangan,27.5167,88.5333,0.07,2.286,44.67,0.0104
2023-10-05 21:30:00,singtam,Singtam,27.2333,88.4833,1.94,2.236,45.56,0.0113
2023-10-05 21:40:00,chungthang,Chungthang,27.6167,88.65,0.8,2.252,45.13,0.0207
2023-10-05 21:40:00,dikchu,Dikchu,27.3833,88.6167,0.01,2.224,44.7,0.0002
2023-10-05 21:40:00,gangtok,Gangtok,27.3389,88.6065,0.08,,45.81,0.0256
2023-10-05 21:40:00,gyalshing,Gyalshing,27.2833,88.2667,2.91,,44.57,0.0168
2023-10-05 21:40:00,lachen,Lachen,27.7167,88.5567,0.0,3.185,46.58,0.0269
2023-10-05 21:40:00,mangan,Mangan,27.5167,88.5333,0.4,2.22,44.77,0.0283
2023-10-05 21:40:00,singtam,Singtam,27.2333,88.4833,0.03,2.217,45.66,0.0064
2023-10-05 21:50:00,chungthang,Chungthang,27.6167,88.65,0.0,2.238,45.1,0.0246
2023-10-05 21:50:00,dikchu,Dikchu,27.3833,88.6167,4.28,2.213,44.76,0.0046
2023-10-05 21:50:00,gangtok,Gangtok,27.3389,88.6065,0.17,,45.66,0.032
2023-10-05 21:50:00,gyalshing,Gyalshing,27.2833,88.2667,0.11,,44.33,0.0385
2023-10-05 21:50:00,lachen,Lachen,27.7167,88.5567,0.34,3.175,46.29,0.036
2023-10-05 21:50:00,mangan,Mangan,27.5167,88.5333,0.08,2.299,44.8,0.0101
2023-10-05 21:50:00,singtam,Singtam,27.2333,88.4833,0.06,2.194,45.96,0.0041
2023-10-05 22:00:00,chungthang,Chungthang,27.6167,88.65,0.37,2.24,44.83,0.0133
2023-10-05 22:00:00,dikchu,Dikchu,27.3833,88.6167,0.03,2.245,44.52,0.0048
2023-10-05 22:00:00,gangtok,Gangtok,27.3389,88.6065,0.0,,45.39,0.0045
2023-10-05 22:00:00,gyalshing,Gyalshing,27.2833,88.2667,0.28,,44.29,0.0192
2023-10-05 22:00:00,lachen,Lachen,27.7167,88.5567,0.1,3.211,45.8,0.009
2023-10-05 22:00:00,mangan,Mangan,27.5167,88.5333,0.29,2.25,45.0,0.0049
2023-10-05 22:00:00,singtam,Singtam,27.2333,88.4833,0.1,2.207,45.8,0.0185
2023-10-05 22:10:00,chungthang,Chungthang,27.6167,88.65,0.0,2.246,45.19,0.0039
2023-10-05 22:10:00,dikchu,Dikchu,27.3833,88.6167,0.01,2.313,44.73,0.0201
2023-10-05 22:10:00,gangtok,Gangtok,27.3389,88.6065,0.0,,45.62,0.0198
2023-10-05 22:10:00,gyalshing,Gyalshing,27.2833,88.2667,0.62,,43.95,0.0359
2023-10-05 22:10:00,lachen,Lachen,27.7167,88.5567,0.44,3.22,45.82,0.0075
2023-10-05 22:10:00,mangan,Mangan,27.5167,88.5333,0.01,2.25,44.61,0.018
2023-10-05 22:10:00,singtam,Singtam,27.2333,88.4833,0.21,2.207,46.07,0.0412
2023-10-05 22:20:00,chungthang,Chungthang,27.6167,88.65,0.41,2.29,45.29,0.001
2023-10-05 22:20:00,dikchu,Dikchu,27.3833,88.6167,0.0,2.223,44.59,0.0065
2023-10-05 22:20:00,gangtok,Gangtok,27.3389,88.6065,0.0,,45.59,0.0088
2023-10-05 22:20:00,gyalshing,Gyalshing,27.2833,88.2667,0.3,,43.78,0.0009
2023-10-05 22:20:00,lachen,Lachen,27.7167,88.5567,3.18,3.209,45.26,0.0499
2023-10-05 22:20:00,mangan,Mangan,27.5167,88.5333,0.04,2.251,44.35,0.0087
2023-10-05 22:20:00,singtam,Singtam,27.2333,88.4833,0.0,2.199,46.3,0.0106
2023-10-05 22:30:00,chungthang,Chungthang,27.6167,88.65,0.12,2.229,45.11,0.0111
2023-10-05 22:30:00,dikchu,Dikchu,27.3833,88.6167,0.49,2.236,44.45,0.0032
2023-10-05 22:30:00,gangtok,Gangtok,27.3389,88.6065,0.07,,45.28,0.0298
2023-10-05 22:30:00,gyalshing,Gyalshing,27.2833,88.2667,0.48,,43.68,0.0247
2023-10-05 22:30:00,lachen,Lachen,27.7167,88.5567,0.05,3.172,44.93,0.0086
2023-10-05 22:30:00,mangan,Mangan,27.5167,88.5333,0.25,2.281,44.29,0.0061
2023-10-05 22:30:00,singtam,Singtam,27.2333,88.4833,1.67,2.188,46.53,0.0103
2023-10-05 22:40:00,chungthang,Chungthang,27.6167,88.65,0.13,2.234,45.08,0.0371
2023-10-05 22:40:00,dikchu,Dikchu,27.3833,88.6167,1.71,2.194,44.68,0.0038
2023-10-05 22:40:00,gangtok,Gangtok,27.3389,88.6065,0.32,,45.77,0.0306
2023-10-05 22:40:00,gyalshing,Gyalshing,27.2833,88.2667,0.04,,44.0,0.0158
2023-10-05 22:40:00,lachen,Lachen,27.7167,88.5567,0.3,3.214,44.8,0.0114
2023-10-05 22:40:00,mangan,Mangan,27.5167,88.5333,0.09,2.222,43.95,0.0145
2023-10-05 22:40:00,singtam,Singtam,27.2333,88.4833,0.01,2.225,46.48,0.0222
2023-10-05 22:50:00,chungthang,Chungthang,27.6167,88.65,2.62,2.204,45.21,0.0257
2023-10-05 22:50:00,dikchu,Dikchu,27.3833,88.6167,0.08,2.269,44.79,0.0022
2023-10-05 22:50:00,gangtok,Gangtok,27.3389,88.6065,0.18,,45.38,0.0051
2023-10-05 22:50:00,gyalshing,Gyalshing,27.2833,88.2667,0.32,,44.15,0.0233
2023-10-05 22:50:00,lachen,Lachen,27.7167,88.5567,0.5,3.168,44.6,0.0355
2023-10-05 22:50:00,mangan,Mangan,27.5167,88.5333,0.0,2.191,43.87,0.0011
2023-10-05 22:50:00,singtam,Singtam,27.2333,88.4833,0.95,2.262,46.37,0.0157
2023-10-05 23:00:00,chungthang,Chungthang,27.6167,88.65,0.04,2.249,45.15,0.007
2023-10-05 23:00:00,dikchu,Dikchu,27.3833,88.6167,0.0,2.255,44.18,0.0006
2023-10-05 23:00:00,gangtok,Gangtok,27.3389,88.6065,0.27,,45.37,0.0108
2023-10-05 23:00:00,gyalshing,Gyalshing,27.2833,88.2667,0.0,,44.34,0.0162
2023-10-05 23:00:00,lachen,Lachen,27.7167,88.5567,0.05,3.172,44.71,0.0279
2023-10-05 23:00:00,mangan,Mangan,27.5167,88.5333,0.0,2.249,43.79,0.0078
2023-10-05 23:00:00,singtam,Singtam,27.2333,88.4833,0.0,2.238,46.14,0.0091
2023-10-05 23:10:00,chungthang,Chungthang,27.6167,88.65,0.01,2.266,45.01,0.0106
2023-10-05 23:10:00,dikchu,Dikchu,27.3833,88.6167,0.03,2.251,44.13,0.0011
2023-10-05 23:10:00,gangtok,Gangtok,27.3389,88.6065,2.22,,44.92,0.0392
2023-10-05 23:10:00,gyalshing,Gyalshing,27.2833,88.2667,0.01,,44.33,0.0164
2023-10-05 23:10:00,lachen,Lachen,27.7167,88.5567,0.08,3.157,44.79,0.0194
2023-10-05 23:10:00,mangan,Mangan,27.5167,88.5333,2.68,2.175,44.15,0.017
2023-10-05 23:10:00,singtam,Singtam,27.2333,88.4833,0.07,2.198,45.94,0.0258
2023-10-05 23:20:00,chungthang,Chungthang,27.6167,88.65,1.75,2.271,44.86,0.0124
2023-10-05 23:20:00,dikchu,Dikchu,27.3833,88.6167,3.23,2.266,44.21,0.0112
2023-10-05 23:20:00,gangtok,Gangtok,27.3389,88.6065,0.38,,45.0,0.0017
2023-10-05 23:20:00,gyalshing,Gyalshing,27.2833,88.2667,1.44,,44.59,0.0153
2023-10-05 23:20:00,lachen,Lachen,27.7167,88.5567,0.01,3.222,45.02,0.0484
2023-10-05 23:20:00,mangan,Mangan,27.5167,88.5333,0.42,2.225,44.21,0.0049
2023-10-05 23:20:00,singtam,Singtam,27.2333,88.4833,0.05,2.236,45.71,0.0096
2023-10-05 23:30:00,chungthang,Chungthang,27.6167,88.65,0.0,2.225,44.95,0.0274
2023-10-05 23:30:00,dikchu,Dikchu,27.3833,88.6167,0.2,2.21,44.15,0.0153
2023-10-05 23:30:00,gangtok,Gangtok,27.3389,88.6065,0.02,,44.86,0.0272
2023-10-05 23:30:00,gyalshing,Gyalshing,27.2833,88.2667,0.85,,44.4,0.0019
2023-10-05 23:30:00,lachen,Lachen,27.7167,88.5567,0.09,3.199,45.21,0.0278
2023-10-05 23:30:00,mangan,Mangan,27.5167,88.5333,0.31,2.267,44.48,0.0094
2023-10-05 23:30:00,singtam,Singtam,27.2333,88.4833,0.46,2.215,45.81,0.0448
2023-10-05 23:40:00,chungthang,Chungthang,27.6167,88.65,0.01,2.234,44.86,0.0021
2023-10-05 23:40:00,dikchu,Dikchu,27.3833,88.6167,3.06,2.212,44.24,0.0166
2023-10-05 23:40:00,gangtok,Gangtok,27.3389,88.6065,3.77,,45.13,0.0024
2023-10-05 23:40:00,gyalshing,Gyalshing,27.2833,88.2667,0.4,,44.24,0.0142
2023-10-05 23:40:00,lachen,Lachen,27.7167,88.5567,0.29,3.196,45.5,0.0292
2023-10-05 23:40:00,mangan,Mangan,27.5167,88.5333,1.23,2.246,44.56,0.0152
2023-10-05 23:40:00,singtam,Singtam,27.2333,88.4833,0.0,2.201,45.75,0.0419
2023-10-05 23:50:00,chungthang,Chungthang,27.6167,88.65,0.41,2.209,44.75,0.0425
2023-10-05 23:50:00,dikchu,Dikchu,27.3833,88.6167,0.01,2.27,43.82,0.0357
2023-10-05 23:50:00,gangtok,Gangtok,27.3389,88.6065,1.74,,45.16,0.0056
2023-10-05 23:50:00,gyalshing,Gyalshing,27.2833,88.2667,0.03,,44.37,0.0036
2023-10-05 23:50:00,lachen,Lachen,27.7167,88.5567,0.02,3.213,45.49,0.0014
2023-10-05 23:50:00,mangan,Mangan,27.5167,88.5333,0.78,2.258,44.44,0.0332
2023-10-05 23:50:00,singtam,Singtam,27.2333,88.4833,0.0,2.198,45.87,0.0028
2023-10-06 00:00:00,chungthang,Chungthang,27.6167,88.65,0.04,2.227,44.42,0.0011
2023-10-06 00:00:00,dikchu,Dikchu,27.3833,88.6167,0.12,2.235,43.14,0.0121
2023-10-06 00:00:00,gangtok,Gangtok,27.3389,88.6065,0.03,,45.51,0.0098
2023-10-06 00:00:00,gyalshing,Gyalshing,27.2833,88.2667,0.01,,44.33,0.0011
2023-10-06 00:00:00,lachen,Lachen,27.7167,88.5567,2.97,3.257,45.57,0.0161
2023-10-06 00:00:00,mangan,Mangan,27.5167,88.5333,0.08,2.243,44.49,0.0307
2023-10-06 00:00:00,singtam,Singtam,27.2333,88.4833,0.24,2.193,45.99,0.0559
2023-10-06 00:10:00,chungthang,Chungthang,27.6167,88.65,0.05,2.218,44.45,0.004
2023-10-06 00:10:00,dikchu,Dikchu,27.3833,88.6167,0.0,2.148,42.92,0.0133
2023-10-06 00:10:00,gangtok,Gangtok,27.3389,88.6065,0.02,,45.4,0.0069
2023-10-06 00:10:00,gyalshing,Gyalshing,27.2833,88.2667,0.03,,44.35,0.0283
2023-10-06 00:10:00,lachen,Lachen,27.7167,88.5567,3.79,3.119,45.7,0.033
2023-10-06 00:10:00,mangan,Mangan,27.5167,88.5333,0.01,2.294,44.68,0.0084
2023-10-06 00:10:00,singtam,Singtam,27.2333,88.4833,0.01,2.217,45.7,0.0144
2023-10-06 00:20:00,chungthang,Chungthang,27.6167,88.65,2.12,2.208,44.42,0.0207
2023-10-06 00:20:00,dikchu,Dikchu,27.3833,88.6167,0.64,2.226,43.04,0.0382
2023-10-06 00:20:00,gangtok,Gangtok,27.3389,88.6065,3.32,,45.04,0.0243
2023-10-06 00:20:00,gyalshing,Gyalshing,27.2833,88.2667,0.25,,44.34,0.0103
2023-10-06 00:20:00,lachen,Lachen,27.7167,88.5567,2.85,3.146,45.74,0.0294
2023-10-06 00:20:00,mangan,Mangan,27.5167,88.5333,0.07,2.201,44.99,0.0264
2023-10-06 00:20:00,singtam,Singtam,27.2333,88.4833,0.09,2.2,45.43,0.0175
2023-10-06 00:30:00,chungthang,Chungthang,27.6167,88.65,2.09,2.208,44.36,0.0029
2023-10-06 00:30:00,dikchu,Dikchu,27.3833,88.6167,0.0,2.193,42.27,0.0166
2023-10-06 00:30:00,gangtok,Gangtok,27.3389,88.6065,0.19,,45.12,0.0026
2023-10-06 00:30:00,gyalshing,Gyalshing,27.2833,88.2667,0.04,,44.68,0.0112
2023-10-06 00:30:00,lachen,Lachen,27.7167,88.5567,0.0,3.148,45.63,0.0157
2023-10-06 00:30:00,mangan,Mangan,27.5167,88.5333,3.2,2.229,44.97,0.007
2023-10-06 00:30:00,singtam,Singtam,27.2333,88.4833,1.1,2.172,45.39,0.0131
2023-10-06 00:40:00,chungthang,Chungthang,27.6167,88.65,0.5,2.215,44.42,0.0072
2023-10-06 00:40:00,dikchu,Dikchu,27.3833,88.6167,3.16,2.235,42.15,0.0291
2023-10-06 00:40:00,gangtok,Gangtok,27.3389,88.6065,0.39,,45.07,0.013
2023-10-06 00:40:00,gyalshing,Gyalshing,27.2833,88.2667,4.68,,45.1,0.014
2023-10-06 00:40:00,lachen,Lachen,27.7167,88.5567,0.55,3.138,45.54,0.0008
2023-10-06 00:40:00,mangan,Mangan,27.5167,88.5333,0.15,2.201,44.57,0.0333
2023-10-06 00:40:00,singtam,Singtam,27.2333,88.4833,2.57,2.169,45.23,0.0073
2023-10-06 00:50:00,chungthang,Chungthang,27.6167,88.65,0.0,2.19,44.61,0.0269
2023-10-06 00:50:00,dikchu,Dikchu,27.3833,88.6167,0.0,2.219,41.71,0.0197
2023-10-06 00:50:00,gangtok,Gangtok,27.3389,88.6065,0.0,,44.62,0.0284
2023-10-06 00:50:00,gyalshing,Gyalshing,27.2833,88.2667,0.02,,44.96,0.0379
2023-10-06 00:50:00,lachen,Lachen,27.7167,88.5567,0.0,3.129,45.33,0.0129
2023-10-06 00:50:00,mangan,Mangan,27.5167,88.5333,0.46,2.241,44.15,0.0276
2023-10-06 00:50:00,singtam,Singtam,27.2333,88.4833,1.78,2.2,45.04,0.0133
2023-10-06 01:00:00,chungthang,Chungthang,27.6167,88.65,0.05,2.189,44.8,0.0134
2023-10-06 01:00:00,dikchu,Dikchu,27.3833,88.6167,0.95,2.152,41.72,0.0066
2023-10-06 01:00:00,gangtok,Gangtok,27.3389,88.6065,6.61,,44.46,0.0062
2023-10-06 01:00:00,gyalshing,Gyalshing,27.2833,88.2667,0.05,,44.51,0.0129
2023-10-06 01:00:00,lachen,Lachen,27.7167,88.5567,1.47,3.15,45.44,0.0153
2023-10-06 01:00:00,mangan,Mangan,27.5167,88.5333,0.02,2.208,44.08,0.0057
2023-10-06 01:00:00,singtam,Singtam,27.2333,88.4833,0.0,2.202,45.48,0.0163
2023-10-06 01:10:00,chungthang,Chungthang,27.6167,88.65,0.15,2.246,44.94,0.0113
2023-10-06 01:10:00,dikchu,Dikchu,27.3833,88.6167,0.3,2.211,42.27,0.0124
2023-10-06 01:10:00,gangtok,Gangtok,27.3389,88.6065,0.25,,44.3,0.0209
2023-10-06 01:10:00,gyalshing,Gyalshing,27.2833,88.2667,1.03,,44.37,0.0259
2023-10-06 01:10:00,lachen,Lachen,27.7167,88.5567,0.96,3.121,45.42,0.0116
2023-10-06 01:10:00,mangan,Mangan,27.5167,88.5333,0.0,2.259,43.51,0.0426
2023-10-06 01:10:00,singtam,Singtam,27.2333,88.4833,0.48,2.178,45.11,0.0232
2023-10-06 01:20:00,chungthang,Chungthang,27.6167,88.65,0.0,2.273,44.89,0.0081
2023-10-06 01:20:00,dikchu,Dikchu,27.3833,88.6167,0.02,2.207,42.26,0.0152
2023-10-06 01:20:00,gangtok,Gangtok,27.3389,88.6065,2.41,,44.74,0.0089
2023-10-06 01:20:00,gyalshing,Gyalshing,27.2833,88.2667,0.1,,44.17,0.0206
2023-10-06 01:20:00,lachen,Lachen,27.7167,88.5567,1.82,3.165,45.26,0.0093
2023-10-06 01:20:00,mangan,Mangan,27.5167,88.5333,0.27,2.189,43.99,0.0082
2023-10-06 01:20:00,singtam,Singtam,27.2333,88.4833,0.09,2.152,45.62,0.0164
2023-10-06 01:30:00,chungthang,Chungthang,27.6167,88.65,0.47,2.154,44.75,0.0093
2023-10-06 01:30:00,dikchu,Dikchu,27.3833,88.6167,0.39,2.21,42.26,0.0097
2023-10-06 01:30:00,gangtok,Gangtok,27.3389,88.6065,0.59,,44.95,0.0061
2023-10-06 01:30:00,gyalshing,Gyalshing,27.2833,88.2667,3.89,,44.47,0.0101
2023-10-06 01:30:00,lachen,Lachen,27.7167,88.5567,0.3,3.154,45.09,0.0371
2023-10-06 01:30:00,mangan,Mangan,27.5167,88.5333,0.0,2.245,44.15,0.0074
2023-10-06 01:30:00,singtam,Singtam,27.2333,88.4833,0.61,2.221,45.66,0.024
2023-10-06 01:40:00,chungthang,Chungthang,27.6167,88.65,0.07,2.15,44.5,0.0247
2023-10-06 01:40:00,dikchu,Dikchu,27.3833,88.6167,0.02,2.214,42.53,0.0146
2023-10-06 01:40:00,gangtok,Gangtok,27.3389,88.6065,0.0,,44.85,0.027
2023-10-06 01:40:00,gyalshing,Gyalshing,27.2833,88.2667,0.0,,44.72,0.0053
2023-10-06 01:40:00,lachen,Lachen,27.7167,88.5567,0.0,3.165,44.78,0.0172
2023-10-06 01:40:00,mangan,Mangan,27.5167,88.5333,0.56,2.218,44.01,0.0031
2023-10-06 01:40:00,singtam,Singtam,27.2333,88.4833,1.41,2.213,45.92,0.0051
2023-10-06 01:50:00,chungthang,Chungthang,27.6167,88.65,0.0,2.156,44.36,0.0008
2023-10-06 01:50:00,dikchu,Dikchu,27.3833,88.6167,0.0,2.24,42.58,0.0187
2023-10-06 01:50:00,gangtok,Gangtok,27.3389,88.6065,0.24,,44.98,0.0274
2023-10-06 01:50:00,gyalshing,Gyalshing,27.2833,88.2667,1.53,,44.51,0.0247
2023-10-06 01:50:00,lachen,Lachen,27.7167,88.5567,0.19,3.164,45.03,0.0238
2023-10-06 01:50:00,mangan,Mangan,27.5167,88.5333,0.04,2.197,43.75,0.0086
2023-10-06 01:50:00,singtam,Singtam,27.2333,88.4833,0.69,2.121,46.14,0.0004
2023-10-06 02:00:00,chungthang,Chungthang,27.6167,88.65,0.66,2.18,44.38,0.0016
2023-10-06 02:00:00,dikchu,Dikchu,27.3833,88.6167,2.24,2.205,42.59,0.0011
2023-10-06 02:00:00,gangtok,Gangtok,27.3389,88.6065,0.25,,44.44,0.0081
2023-10-06 02:00:00,gyalshing,Gyalshing,27.2833,88.2667,0.17,,44.35,0.0218
2023-10-06 02:00:00,lachen,Lachen,27.7167,88.5567,5.41,3.165,45.07,0.014
2023-10-06 02:00:00,mangan,Mangan,27.5167,88.5333,1.39,2.213,44.04,0.0339
2023-10-06 02:00:00,singtam,Singtam,27.2333,88.4833,1.95,2.219,46.32,0.0225
2023-10-06 02:10:00,chungthang,Chungthang,27.6167,88.65,1.32,2.208,44.2,0.0088
2023-10-06 02:10:00,dikchu,Dikchu,27.3833,88.6167,0.0,2.192,42.87,0.0076
2023-10-06 02:10:00,gangtok,Gangtok,27.3389,88.6065,0.0,,44.32,0.0226
2023-10-06 02:10:00,gyalshing,Gyalshing,27.2833,88.2667,0.24,,44.01,0.0016
2023-10-06 02:10:00,lachen,Lachen,27.7167,88.5567,1.51,3.133,44.87,0.007
2023-10-06 02:10:00,mangan,Mangan,27.5167,88.5333,0.09,2.202,43.78,0.0106
2023-10-06 02:10:00,singtam,Singtam,27.2333,88.4833,0.0,2.171,46.72,0.0014
2023-10-06 02:20:00,chungthang,Chungthang,27.6167,88.65,0.01,2.196,44.24,0.0093
2023-10-06 02:20:00,dikchu,Dikchu,27.3833,88.6167,0.07,2.224,43.03,0.0164
2023-10-06 02:20:00,gangtok,Gangtok,27.3389,88.6065,0.82,,44.46,0.0042
2023-10-06 02:20:00,gyalshing,Gyalshing,27.2833,88.2667,0.05,,44.08,0.0107
2023-10-06 02:20:00,lachen,Lachen,27.7167,88.5567,0.35,3.206,45.08,0.0053
2023-10-06 02:20:00,mangan,Mangan,27.5167,88.5333,1.15,2.203,43.55,0.0152
2023-10-06 02:20:00,singtam,Singtam,27.2333,88.4833,0.0,2.182,46.44,0.0046
2023-10-06 02:30:00,chungthang,Chungthang,27.6167,88.65,0.01,2.182,44.01,0.027
2023-10-06 02:30:00,dikchu,Dikchu,27.3833,88.6167,1.04,2.255,43.15,0.017
2023-10-06 02:30:00,gangtok,Gangtok,27.3389,88.6065,0.0,,44.53,0.0057
2023-10-06 02:30:00,gyalshing,Gyalshing,27.2833,88.2667,0.05,,44.1,0.0325
2023-10-06 02:30:00,lachen,Lachen,27.7167,88.5567,0.08,3.148,44.94,0.0066
2023-10-06 02:30:00,mangan,Mangan,27.5167,88.5333,0.18,2.184,43.38,0.0276
2023-10-06 02:30:00,singtam,Singtam,27.2333,88.4833,0.47,2.209,46.4,0.0044
2023-10-06 02:40:00,chungthang,Chungthang,27.6167,88.65,0.2,2.19,43.62,0.013
2023-10-06 02:40:00,dikchu,Dikchu,27.3833,88.6167,0.0,2.213,43.15,0.0367
2023-10-06 02:40:00,gangtok,Gangtok,27.3389,88.6065,0.07,,44.42,0.0053
2023-10-06 02:40:00,gyalshing,Gyalshing,27.2833,88.2667,2.56,,44.37,0.0127
2023-10-06 02:40:00,lachen,Lachen,27.7167,88.5567,1.11,3.083,44.59,0.0126
2023-10-06 02:40:00,mangan,Mangan,27.5167,88.5333,0.23,2.167,43.44,0.0021
2023-10-06 02:40:00,singtam,Singtam,27.2333,88.4833,0.01,2.222,46.18,0.0079
2023-10-06 02:50:00,chungthang,Chungthang,27.6167,88.65,0.5,2.151,43.85,0.0137
2023-10-06 02:50:00,dikchu,Dikchu,27.3833,88.6167,0.04,2.19,43.1,0.0209
2023-10-06 02:50:00,gangtok,Gangtok,27.3389,88.6065,0.45,,44.44,0.0023
2023-10-06 02:50:00,gyalshing,Gyalshing,27.2833,88.2667,0.51,,44.53,0.0454
2023-10-06 02:50:00,lachen,Lachen,27.7167,88.5567,0.3,3.107,44.86,0.0177
2023-10-06 02:50:00,mangan,Mangan,27.5167,88.5333,0.0,2.176,43.62,0.0281
2023-10-06 02:50:00,singtam,Singtam,27.2333,88.4833,0.06,2.201,45.76,0.0062
2023-10-06 03:00:00,chungthang,Chungthang,27.6167,88.65,0.0,2.163,43.75,0.0121
2023-10-06 03:00:00,dikchu,Dikchu,27.3833,88.6167,2.69,2.195,43.39,0.0122
2023-10-06 03:00:00,gangtok,Gangtok,27.3389,88.6065,0.18,,44.55,0.0217
2023-10-06 03:00:00,gyalshing,Gyalshing,27.2833,88.2667,0.29,,44.71,0.0372
2023-10-06 03:00:00,lachen,Lachen,27.7167,88.5567,0.07,3.083,44.72,0.021
2023-10-06 03:00:00,mangan,Mangan,27.5167,88.5333,2.65,2.133,43.96,0.0093
2023-10-06 03:00:00,singtam,Singtam,27.2333,88.4833,0.37,2.177,45.58,0.0211
2023-10-06 03:10:00,chungthang,Chungthang,27.6167,88.65,0.0,2.167,43.56,0.0276
2023-10-06 03:10:00,dikchu,Dikchu,27.3833,88.6167,0.05,2.188,43.35,0.0047
2023-10-06 03:10:00,gangtok,Gangtok,27.3389,88.6065,0.05,,44.57,0.0185
2023-10-06 03:10:00,gyalshing,Gyalshing,27.2833,88.2667,0.02,,44.35,0.0323
2023-10-06 03:10:00,lachen,Lachen,27.7167,88.5567,0.0,3.133,44.62,0.0013
2023-10-06 03:10:00,mangan,Mangan,27.5167,88.5333,1.96,2.207,44.24,0.0182
2023-10-06 03:10:00,singtam,Singtam,27.2333,88.4833,0.02,2.127,46.04,0.0239
2023-10-06 03:20:00,chungthang,Chungthang,27.6167,88.65,0.0,2.119,43.31,0.0175
2023-10-06 03:20:00,dikchu,Dikchu,27.3833,88.6167,2.06,2.179,43.71,0.0188
2023-10-06 03:20:00,gangtok,Gangtok,27.3389,88.6065,0.55,,44.81,0.0002
2023-10-06 03:20:00,gyalshing,Gyalshing,27.2833,88.2667,0.28,,44.23,0.0119
2023-10-06 03:20:00,lachen,Lachen,27.7167,88.5567,1.33,3.127,44.64,0.0404
2023-10-06 03:20:00,mangan,Mangan,27.5167,88.5333,0.03,2.143,44.26,0.0215
2023-10-06 03:20:00,singtam,Singtam,27.2333,88.4833,0.15,2.106,45.97,0.0042
2023-10-06 03:30:00,chungthang,Chungthang,27.6167,88.65,2.1,2.129,43.45,0.0041
2023-10-06 03:30:00,dikchu,Dikchu,27.3833,88.6167,0.63,2.242,43.48,0.0074
2023-10-06 03:30:00,gangtok,Gangtok,27.3389,88.6065,0.05,,44.9,0.0218
2023-10-06 03:30:00,gyalshing,Gyalshing,27.2833,88.2667,0.33,,44.5,0.0443
2023-10-06 03:30:00,lachen,Lachen,27.7167,88.5567,0.04,3.115,44.94,0.0009
2023-10-06 03:30:00,mangan,Mangan,27.5167,88.5333,0.29,2.171,44.53,0.0102
2023-10-06 03:30:00,singtam,Singtam,27.2333,88.4833,2.09,2.192,46.49,0.0335
2023-10-06 03:40:00,chungthang,Chungthang,27.6167,88.65,0.38,2.128,43.82,0.0145
2023-10-06 03:40:00,dikchu,Dikchu,27.3833,88.6167,0.03,2.153,43.87,0.051
2023-10-06 03:40:00,gangtok,Gangtok,27.3389,88.6065,0.02,,45.04,0.0068
2023-10-06 03:40:00,gyalshing,Gyalshing,27.2833,88.2667,0.02,,44.39,0.0408
2023-10-06 03:40:00,lachen,Lachen,27.7167,88.5567,0.0,3.188,44.95,0.0185
2023-10-06 03:40:00,mangan,Mangan,27.5167,88.5333,0.0,2.195,44.38,0.0079
2023-10-06 03:40:00,singtam,Singtam,27.2333,88.4833,0.04,2.204,46.98,0.0084
2023-10-06 03:50:00,chungthang,Chungthang,27.6167,88.65,0.0,2.183,43.74,0.0213
2023-10-06 03:50:00,dikchu,Dikchu,27.3833,88.6167,0.03,2.209,44.02,0.0025
2023-10-06 03:50:00,gangtok,Gangtok,27.3389,88.6065,1.42,,45.49,0.0172
2023-10-06 03:50:00,gyalshing,Gyalshing,27.2833,88.2667,0.09,,44.02,0.0157
2023-10-06 03:50:00,lachen,Lachen,27.7167,88.5567,0.15,3.142,44.65,0.0245
2023-10-06 03:50:00,mangan,Mangan,27.5167,88.5333,0.0,2.199,43.94,0.0321
2023-10-06 03:50:00,singtam,Singtam,27.2333,88.4833,2.89,2.138,47.73,0.0394
2023-10-06 04:00:00,chungthang,Chungthang,27.6167,88.65,1.84,2.166,43.72,0.0374
2023-10-06 04:00:00,dikchu,Dikchu,27.3833,88.6167,0.98,2.168,43.81,0.0092
2023-10-06 04:00:00,gangtok,Gangtok,27.3389,88.6065,0.08,,45.7,0.0206
2023-10-06 04:00:00,gyalshing,Gyalshing,27.2833,88.2667,0.1,,44.25,0.0018
2023-10-06 04:00:00,lachen,Lachen,27.7167,88.5567,0.0,3.146,44.8,0.0126
2023-10-06 04:00:00,mangan,Mangan,27.5167,88.5333,0.38,2.119,43.79,0.0026
2023-10-06 04:00:00,singtam,Singtam,27.2333,88.4833,0.57,2.153,48.18,0.0235
2023-10-06 04:10:00,chungthang,Chungthang,27.6167,88.65,0.13,2.175,44.01,0.0269
2023-10-06 04:10:00,dikchu,Dikchu,27.3833,88.6167,0.02,2.126,43.97,0.0046
2023-10-06 04:10:00,gangtok,Gangtok,27.3389,88.6065,0.0,,46.13,0.0348
2023-10-06 04:10:00,gyalshing,Gyalshing,27.2833,88.2667,0.01,,44.13,0.0309
2023-10-06 04:10:00,lachen,Lachen,27.7167,88.5567,0.08,3.094,44.69,0.0145
2023-10-06 04:10:00,mangan,Mangan,27.5167,88.5333,0.0,2.167,43.61,0.0241
2023-10-06 04:10:00,singtam,Singtam,27.2333,88.4833,0.0,2.143,48.74,0.0045
2023-10-06 04:20:00,chungthang,Chungthang,27.6167,88.65,0.8,2.099,43.57,0.0051
2023-10-06 04:20:00,dikchu,Dikchu,27.3833,88.6167,0.96,2.163,43.83,0.0294
2023-10-06 04:20:00,gangtok,Gangtok,27.3389,88.6065,0.24,,45.97,0.0044
2023-10-06 04:20:00,gyalshing,Gyalshing,27.2833,88.2667,0.06,,44.43,0.0158
2023-10-06 04:20:00,lachen,Lachen,27.7167,88.5567,0.0,3.091,45.17,0.0238
2023-10-06 04:20:00,mangan,Mangan,27.5167,88.5333,0.1,2.182,43.48,0.0085
2023-10-06 04:20:00,singtam,Singtam,27.2333,88.4833,2.12,2.141,48.8,0.0145
2023-10-06 04:30:00,chungthang,Chungthang,27.6167,88.65,0.02,2.108,44.09,0.0014
2023-10-06 04:30:00,dikchu,Dikchu,27.3833,88.6167,1.99,2.151,43.89,0.029
2023-10-06 04:30:00,gangtok,Gangtok,27.3389,88.6065,2.55,,45.6,0.055
2023-10-06 04:30:00,gyalshing,Gyalshing,27.2833,88.2667,0.0,,44.45,0.0118
2023-10-06 04:30:00,lachen,Lachen,27.7167,88.5567,0.23,3.12,45.17,0.0131
2023-10-06 04:30:00,mangan,Mangan,27.5167,88.5333,0.0,2.168,43.27,0.0442
2023-10-06 04:30:00,singtam,Singtam,27.2333,88.4833,0.12,2.189,48.81,0.014
2023-10-06 04:40:00,chungthang,Chungthang,27.6167,88.65,0.01,2.171,44.72,0.0159
2023-10-06 04:40:00,dikchu,Dikchu,27.3833,88.6167,0.61,2.183,43.76,0.0063
2023-10-06 04:40:00,gangtok,Gangtok,27.3389,88.6065,0.36,,45.57,0.0332
2023-10-06 04:40:00,gyalshing,Gyalshing,27.2833,88.2667,0.0,,44.41,0.005
2023-10-06 04:40:00,lachen,Lachen,27.7167,88.5567,0.0,3.123,44.61,0.0025
2023-10-06 04:40:00,mangan,Mangan,27.5167,88.5333,2.71,2.205,43.19,0.0186
2023-10-06 04:40:00,singtam,Singtam,27.2333,88.4833,0.0,2.162,48.84,0.0107
2023-10-06 04:50:00,chungthang,Chungthang,27.6167,88.65,0.01,2.066,44.05,0.0016
2023-10-06 04:50:00,dikchu,Dikchu,27.3833,88.6167,0.0,2.167,43.75,0.021
2023-10-06 04:50:00,gangtok,Gangtok,27.3389,88.6065,0.35,,45.53,0.0001
2023-10-06 04:50:00,gyalshing,Gyalshing,27.2833,88.2667,0.01,,44.78,0.0521
2023-10-06 04:50:00,lachen,Lachen,27.7167,88.5567,0.06,3.06,44.71,0.0034
2023-10-06 04:50:00,mangan,Mangan,27.5167,88.5333,1.31,2.138,43.38,0.0026
2023-10-06 04:50:00,singtam,Singtam,27.2333,88.4833,1.56,2.147,48.81,0.0029
2023-10-06 05:00:00,chungthang,Chungthang,27.6167,88.65,0.0,2.184,44.04,0.0087
2023-10-06 05:00:00,dikchu,Dikchu,27.3833,88.6167,0.03,2.132,44.01,0.0203
2023-10-06 05:00:00,gangtok,Gangtok,27.3389,88.6065,0.22,,45.91,0.0079
2023-10-06 05:00:00,gyalshing,Gyalshing,27.2833,88.2667,0.01,,44.47,0.0029
2023-10-06 05:00:00,lachen,Lachen,27.7167,88.5567,3.9,3.109,45.21,0.0258
2023-10-06 05:00:00,mangan,Mangan,27.5167,88.5333,0.44,2.1,43.84,0.064
2023-10-06 05:00:00,singtam,Singtam,27.2333,88.4833,0.0,2.233,48.78,0.0118
2023-10-06 05:10:00,chungthang,Chungthang,27.6167,88.65,0.0,2.091,43.87,0.0218
2023-10-06 05:10:00,dikchu,Dikchu,27.3833,88.6167,2.96,2.205,44.17,0.0003
2023-10-06 05:10:00,gangtok,Gangtok,27.3389,88.6065,0.0,,45.62,0.0121
2023-10-06 05:10:00,gyalshing,Gyalshing,27.2833,88.2667,0.22,,44.86,0.0071
2023-10-06 05:10:00,lachen,Lachen,27.7167,88.5567,1.1,3.113,45.61,0.0053
2023-10-06 05:10:00,mangan,Mangan,27.5167,88.5333,1.3,2.184,43.43,0.0183
2023-10-06 05:10:00,singtam,Singtam,27.2333,88.4833,0.29,2.109,48.93,0.0167
2023-10-06 05:20:00,chungthang,Chungthang,27.6167,88.65,0.14,2.169,43.83,0.0032
2023-10-06 05:20:00,dikchu,Dikchu,27.3833,88.6167,3.24,2.192,43.94,0.0186
2023-10-06 05:20:00,gangtok,Gangtok,27.3389,88.6065,0.41,,45.61,0.0088
2023-10-06 05:20:00,gyalshing,Gyalshing,27.2833,88.2667,0.0,,44.73,0.0017
2023-10-06 05:20:00,lachen,Lachen,27.7167,88.5567,0.0,3.105,46.06,0.0267
2023-10-06 05:20:00,mangan,Mangan,27.5167,88.5333,2.62,2.142,43.15,0.0233
2023-10-06 05:20:00,singtam,Singtam,27.2333,88.4833,0.0,2.167,48.74,0.0008
2023-10-06 05:30:00,chungthang,Chungthang,27.6167,88.65,5.11,2.115,43.76,0.0139
2023-10-06 05:30:00,dikchu,Dikchu,27.3833,88.6167,1.33,2.206,43.71,0.023
2023-10-06 05:30:00,gangtok,Gangtok,27.3389,88.6065,0.04,,45.7,0.0178
2023-10-06 05:30:00,gyalshing,Gyalshing,27.2833,88.2667,0.06,,44.79,0.0083
2023-10-06 05:30:00,lachen,Lachen,27.7167,88.5567,1.71,3.085,45.79,0.0047
2023-10-06 05:30:00,mangan,Mangan,27.5167,88.5333,0.97,2.103,42.99,0.0307
2023-10-06 05:30:00,singtam,Singtam,27.2333,88.4833,0.02,2.117,48.36,0.0168
2023-10-06 05:40:00,chungthang,Chungthang,27.6167,88.65,0.1,2.172,43.98,0.0041
2023-10-06 05:40:00,dikchu,Dikchu,27.3833,88.6167,0.44,2.164,43.82,0.0223
2023-10-06 05:40:00,gangtok,Gangtok,27.3389,88.6065,0.52,,45.74,0.0115
2023-10-06 05:40:00,gyalshing,Gyalshing,27.2833,88.2667,0.27,,44.85,0.019
2023-10-06 05:40:00,lachen,Lachen,27.7167,88.5567,0.12,3.092,46.0,0.0269
2023-10-06 05:40:00,mangan,Mangan,27.5167,88.5333,0.37,2.149,43.22,0.0049
2023-10-06 05:40:00,singtam,Singtam,27.2333,88.4833,0.35,2.143,48.41,0.0195
2023-10-06 05:50:00,chungthang,Chungthang,27.6167,88.65,0.08,2.235,43.97,0.028
2023-10-06 05:50:00,dikchu,Dikchu,27.3833,88.6167,2.85,2.154,43.95,0.0018
2023-10-06 05:50:00,gangtok,Gangtok,27.3389,88.6065,0.09,,45.7,0.0111
2023-10-06 05:50:00,gyalshing,Gyalshing,27.2833,88.2667,0.0,,44.76,0.0232
2023-10-06 05:50:00,lachen,Lachen,27.7167,88.5567,0.0,3.101,45.81,0.0311
2023-10-06 05:50:00,mangan,Mangan,27.5167,88.5333,0.36,2.189,43.2,0.027
2023-10-06 05:50:00,singtam,Singtam,27.2333,88.4833,0.31,2.151,48.2,0.02
2023-10-06 06:00:00,chungthang,Chungthang,27.6167,88.65,0.03,2.069,43.76,0.0018
2023-10-06 06:00:00,dikchu,Dikchu,27.3833,88.6167,0.01,2.175,43.82,0.0186
2023-10-06 06:00:00,gangtok,Gangtok,27.3389,88.6065,3.27,,45.83,0.0058
2023-10-06 06:00:00,gyalshing,Gyalshing,27.2833,88.2667,0.35,,44.6,0.04
2023-10-06 06:00:00,lachen,Lachen,27.7167,88.5567,0.0,3.108,45.86,0.0333
2023-10-06 06:00:00,mangan,Mangan,27.5167,88.5333,0.06,2.113,43.05,0.0051
2023-10-06 06:00:00,singtam,Singtam,27.2333,88.4833,0.13,2.17,48.01,0.01
2023-10-06 06:10:00,chungthang,Chungthang,27.6167,88.65,0.0,2.156,43.74,0.0247
2023-10-06 06:10:00,dikchu,Dikchu,27.3833,88.6167,0.0,2.135,44.24,0.0094
2023-10-06 06:10:00,gangtok,Gangtok,27.3389,88.6065,3.03,,46.14,0.0103
2023-10-06 06:10:00,gyalshing,Gyalshing,27.2833,88.2667,0.06,,44.53,0.003
2023-10-06 06:10:00,lachen,Lachen,27.7167,88.5567,0.04,3.122,45.53,0.0018
2023-10-06 06:10:00,mangan,Mangan,27.5167,88.5333,0.05,2.219,43.26,0.0011
2023-10-06 06:10:00,singtam,Singtam,27.2333,88.4833,0.19,2.136,47.91,0.024
2023-10-06 06:20:00,chungthang,Chungthang,27.6167,88.65,0.0,2.079,43.89,0.0022
2023-10-06 06:20:00,dikchu,Dikchu,27.3833,88.6167,0.0,2.155,44.47,0.035
2023-10-06 06:20:00,gangtok,Gangtok,27.3389,88.6065,0.27,,46.53,0.0171
2023-10-06 06:20:00,gyalshing,Gyalshing,27.2833,88.2667,1.03,,44.32,0.0163
2023-10-06 06:20:00,lachen,Lachen,27.7167,88.5567,0.0,3.135,45.37,0.0129
2023-10-06 06:20:00,mangan,Mangan,27.5167,88.5333,0.54,2.122,43.53,0.0062
2023-10-06 06:20:00,singtam,Singtam,27.2333,88.4833,0.13,2.132,47.77,0.0195
2023-10-06 06:30:00,chungthang,Chungthang,27.6167,88.65,0.17,2.145,43.61,0.0149
2023-10-06 06:30:00,dikchu,Dikchu,27.3833,88.6167,0.36,2.144,44.34,0.0278
2023-10-06 06:30:00,gangtok,Gangtok,27.3389,88.6065,0.49,,46.54,0.0054
2023-10-06 06:30:00,gyalshing,Gyalshing,27.2833,88.2667,0.0,,44.84,0.0116
2023-10-06 06:30:00,lachen,Lachen,27.7167,88.5567,1.33,3.092,45.2,0.0055
2023-10-06 06:30:00,mangan,Mangan,27.5167,88.5333,0.0,2.149,43.55,0.0218
2023-10-06 06:30:00,singtam,Singtam,27.2333,88.4833,2.41,2.133,48.05,0.0017
2023-10-06 06:40:00,chungthang,Chungthang,27.6167,88.65,0.0,2.124,43.22,0.0076
2023-10-06 06:40:00,dikchu,Dikchu,27.3833,88.6167,0.31,2.104,44.17,0.0146
2023-10-06 06:40:00,gangtok,Gangtok,27.3389,88.6065,3.62,,46.36,0.0079
2023-10-06 06:40:00,gyalshing,Gyalshing,27.2833,88.2667,0.0,,44.74,0.0037
2023-10-06 06:40:00,lachen,Lachen,27.7167,88.5567,0.0,3.086,45.42,0.0295
2023-10-06 06:40:00,mangan,Mangan,27.5167,88.5333,0.05,2.108,43.37,0.0113
2023-10-06 06:40:00,singtam,Singtam,27.2333,88.4833,0.0,2.108,47.97,0.0033
2023-10-06 06:50:00,chungthang,Chungthang,27.6167,88.65,0.01,2.133,43.74,0.0268
2023-10-06 06:50:00,dikchu,Dikchu,27.3833,88.6167,0.75,2.15,44.12,0.0191
2023-10-06 06:50:00,gangtok,Gangtok,27.3389,88.6065,1.69,,46.76,0.0122
2023-10-06 06:50:00,gyalshing,Gyalshing,27.2833,88.2667,0.0,,45.06,0.0244
2023-10-06 06:50:00,lachen,Lachen,27.7167,88.5567,0.0,3.111,45.61,0.0285
2023-10-06 06:50:00,mangan,Mangan,27.5167,88.5333,0.07,2.144,43.47,0.0065
2023-10-06 06:50:00,singtam,Singtam,27.2333,88.4833,0.07,2.158,48.22,0.0357
2023-10-06 07:00:00,chungthang,Chungthang,27.6167,88.65,1.04,2.1,43.61,0.0003
2023-10-06 07:00:00,dikchu,Dikchu,27.3833,88.6167,0.05,2.132,44.06,0.0043
2023-10-06 07:00:00,gangtok,Gangtok,27.3389,88.6065,0.17,,46.48,0.0019
2023-10-06 07:00:00,gyalshing,Gyalshing,27.2833,88.2667,0.22,,45.31,0.0213
2023-10-06 07:00:00,lachen,Lachen,27.7167,88.5567,2.59,3.115,45.69,0.0079
2023-10-06 07:00:00,mangan,Mangan,27.5167,88.5333,0.01,2.137,43.43,0.0164
2023-10-06 07:00:00,singtam,Singtam,27.2333,88.4833,3.32,2.146,48.27,0.0058
2023-10-06 07:10:00,chungthang,Chungthang,27.6167,88.65,0.1,2.149,43.6,0.0114
2023-10-06 07:10:00,dikchu,Dikchu,27.3833,88.6167,0.84,2.136,44.41,0.0158
2023-10-06 07:10:00,gangtok,Gangtok,27.3389,88.6065,0.1,,46.93,0.0204
2023-10-06 07:10:00,gyalshing,Gyalshing,27.2833,88.2667,0.72,,45.42,0.013
2023-10-06 07:10:00,lachen,Lachen,27.7167,88.5567,0.09,3.082,45.34,0.0273
2023-10-06 07:10:00,mangan,Mangan,27.5167,88.5333,0.0,2.095,43.4,0.0297
2023-10-06 07:10:00,singtam,Singtam,27.2333,88.4833,0.3,2.149,48.18,0.015
2023-10-06 07:20:00,chungthang,Chungthang,27.6167,88.65,0.65,2.081,43.53,0.0182
2023-10-06 07:20:00,dikchu,Dikchu,27.3833,88.6167,0.54,2.153,44.68,0.0193
2023-10-06 07:20:00,gangtok,Gangtok,27.3389,88.6065,0.02,,47.26,0.0361
2023-10-06 07:20:00,gyalshing,Gyalshing,27.2833,88.2667,0.26,,45.41,0.0004
2023-10-06 07:20:00,lachen,Lachen,27.7167,88.5567,0.0,3.118,45.25,0.001
2023-10-06 07:20:00,mangan,Mangan,27.5167,88.5333,1.18,2.223,43.31,0.015
2023-10-06 07:20:00,singtam,Singtam,27.2333,88.4833,0.48,2.133,48.19,0.0076
2023-10-06 07:30:00,chungthang,Chungthang,27.6167,88.65,0.01,2.16,43.69,0.0153
2023-10-06 07:30:00,dikchu,Dikchu,27.3833,88.6167,0.38,2.179,44.67,0.0202
2023-10-06 07:30:00,gangtok,Gangtok,27.3389,88.6065,0.01,,47.61,0.0186
2023-10-06 07:30:00,gyalshing,Gyalshing,27.2833,88.2667,0.35,,45.47,0.0034
2023-10-06 07:30:00,lachen,Lachen,27.7167,88.5567,0.04,3.122,45.05,0.0286
2023-10-06 07:30:00,mangan,Mangan,27.5167,88.5333,0.11,2.122,43.57,0.0011
2023-10-06 07:30:00,singtam,Singtam,27.2333,88.4833,0.0,2.128,47.83,0.0372
2023-10-06 07:40:00,chungthang,Chungthang,27.6167,88.65,0.13,2.109,44.15,0.0004
2023-10-06 07:40:00,dikchu,Dikchu,27.3833,88.6167,0.22,2.114,44.86,0.0066
2023-10-06 07:40:00,gangtok,Gangtok,27.3389,88.6065,0.26,,47.76,0.0323
2023-10-06 07:40:00,gyalshing,Gyalshing,27.2833,88.2667,0.05,,45.63,0.0279
2023-10-06 07:40:00,lachen,Lachen,27.7167,88.5567,0.03,3.13,45.26,0.0051
2023-10-06 07:40:00,mangan,Mangan,27.5167,88.5333,0.01,2.12,43.66,0.0126
2023-10-06 07:40:00,singtam,Singtam,27.2333,88.4833,0.28,2.168,47.88,0.0245
2023-10-06 07:50:00,chungthang,Chungthang,27.6167,88.65,0.0,2.078,44.31,0.0037
2023-10-06 07:50:00,dikchu,Dikchu,27.3833,88.6167,0.02,2.128,45.08,0.0122
2023-10-06 07:50:00,gangtok,Gangtok,27.3389,88.6065,0.11,,47.21,0.0207
2023-10-06 07:50:00,gyalshing,Gyalshing,27.2833,88.2667,2.52,,45.7,0.027
2023-10-06 07:50:00,lachen,Lachen,27.7167,88.5567,0.0,3.143,45.56,0.0171
2023-10-06 07:50:00,mangan,Mangan,27.5167,88.5333,0.36,2.163,43.94,0.0284
2023-10-06 07:50:00,singtam,Singtam,27.2333,88.4833,0.0,2.162,48.06,0.0081
2023-10-06 08:00:00,chungthang,Chungthang,27.6167,88.65,0.04,2.166,43.94,0.0309
2023-10-06 08:00:00,dikchu,Dikchu,27.3833,88.6167,0.02,2.114,45.1,0.0092
2023-10-06 08:00:00,gangtok,Gangtok,27.3389,88.6065,8.0,,47.02,0.0092
2023-10-06 08:00:00,gyalshing,Gyalshing,27.2833,88.2667,0.07,,45.32,0.0024
2023-10-06 08:00:00,lachen,Lachen,27.7167,88.5567,0.63,3.063,45.82,0.0144
2023-10-06 08:00:00,mangan,Mangan,27.5167,88.5333,0.08,2.187,44.3,0.0043
2023-10-06 08:00:00,singtam,Singtam,27.2333,88.4833,0.48,2.173,48.27,0.014
2023-10-06 08:10:00,chungthang,Chungthang,27.6167,88.65,0.15,2.115,43.62,0.0296
2023-10-06 08:10:00,dikchu,Dikchu,27.3833,88.6167,0.09,2.111,45.21,0.0057
2023-10-06 08:10:00,gangtok,Gangtok,27.3389,88.6065,1.03,,47.08,0.047
2023-10-06 08:10:00,gyalshing,Gyalshing,27.2833,88.2667,0.01,,44.83,0.0103
2023-10-06 08:10:00,lachen,Lachen,27.7167,88.5567,3.67,3.088,45.63,0.0125
2023-10-06 08:10:00,mangan,Mangan,27.5167,88.5333,0.23,2.165,44.43,0.0063
2023-10-06 08:10:00,singtam,Singtam,27.2333,88.4833,1.21,2.141,47.9,0.0082
2023-10-06 08:20:00,chungthang,Chungthang,27.6167,88.65,0.21,2.173,43.54,0.0182
2023-10-06 08:20:00,dikchu,Dikchu,27.3833,88.6167,0.02,2.117,45.37,0.0262
2023-10-06 08:20:00,gangtok,Gangtok,27.3389,88.6065,1.26,,46.87,0.0246
2023-10-06 08:20:00,gyalshing,Gyalshing,27.2833,88.2667,0.02,,45.22,0.0113
2023-10-06 08:20:00,lachen,Lachen,27.7167,88.5567,1.01,3.087,44.94,0.007
2023-10-06 08:20:00,mangan,Mangan,27.5167,88.5333,0.66,2.093,44.31,0.0175
2023-10-06 08:20:00,singtam,Singtam,27.2333,88.4833,0.18,2.169,47.49,0.0229
2023-10-06 08:30:00,chungthang,Chungthang,27.6167,88.65,0.0,2.151,43.49,0.0561
2023-10-06 08:30:00,dikchu,Dikchu,27.3833,88.6167,2.61,2.127,45.52,0.0266
2023-10-06 08:30:00,gangtok,Gangtok,27.3389,88.6065,0.02,,46.79,0.0127
2023-10-06 08:30:00,gyalshing,Gyalshing,27.2833,88.2667,0.27,,44.56,0.0073
2023-10-06 08:30:00,lachen,Lachen,27.7167,88.5567,0.26,3.082,44.51,0.0047
2023-10-06 08:30:00,mangan,Mangan,27.5167,88.5333,0.14,2.134,44.59,0.0066
2023-10-06 08:30:00,singtam,Singtam,27.2333,88.4833,0.1,2.115,47.33,0.0078
2023-10-06 08:40:00,chungthang,Chungthang,27.6167,88.65,1.07,2.089,43.09,0.0055
2023-10-06 08:40:00,dikchu,Dikchu,27.3833,88.6167,0.02,2.149,45.33,0.034
2023-10-06 08:40:00,gangtok,Gangtok,27.3389,88.6065,0.13,,46.93,0.002
2023-10-06 08:40:00,gyalshing,Gyalshing,27.2833,88.2667,0.11,,44.63,0.0149
2023-10-06 08:40:00,lachen,Lachen,27.7167,88.5567,0.18,3.065,44.87,0.0383
2023-10-06 08:40:00,mangan,Mangan,27.5167,88.5333,0.08,2.07,44.72,0.0059
2023-10-06 08:40:00,singtam,Singtam,27.2333,88.4833,1.73,2.12,47.68,0.0155
2023-10-06 08:50:00,chungthang,Chungthang,27.6167,88.65,1.77,2.109,43.33,0.0378
2023-10-06 08:50:00,dikchu,Dikchu,27.3833,88.6167,5.7,2.14,45.22,0.0047
2023-10-06 08:50:00,gangtok,Gangtok,27.3389,88.6065,0.04,,46.88,0.0084
2023-10-06 08:50:00,gyalshing,Gyalshing,27.2833,88.2667,0.83,,44.61,0.0284
2023-10-06 08:50:00,lachen,Lachen,27.7167,88.5567,0.08,3.038,44.78,0.0181
2023-10-06 08:50:00,mangan,Mangan,27.5167,88.5333,0.07,2.152,45.37,0.0055
2023-10-06 08:50:00,singtam,Singtam,27.2333,88.4833,0.1,2.161,47.7,0.0119
2023-10-06 09:00:00,chungthang,Chungthang,27.6167,88.65,0.11,2.114,43.09,0.0117
2023-10-06 09:00:00,dikchu,Dikchu,27.3833,88.6167,0.0,2.098,45.16,0.0071
2023-10-06 09:00:00,gangtok,Gangtok,27.3389,88.6065,0.0,,46.53,0.0499
2023-10-06 09:00:00,gyalshing,Gyalshing,27.2833,88.2667,0.22,,44.68,0.0018
2023-10-06 09:00:00,lachen,Lachen,27.7167,88.5567,0.09,3.085,44.59,0.0001
2023-10-06 09:00:00,mangan,Mangan,27.5167,88.5333,0.17,2.075,45.45,0.0019
2023-10-06 09:00:00,singtam,Singtam,27.2333,88.4833,0.49,2.149,47.49,0.0034
2023-10-06 09:10:00,chungthang,Chungthang,27.6167,88.65,0.01,2.155,43.49,0.0554
2023-10-06 09:10:00,dikchu,Dikchu,27.3833,88.6167,0.99,2.167,45.01,0.0237
2023-10-06 09:10:00,gangtok,Gangtok,27.3389,88.6065,0.01,,46.74,0.0003
2023-10-06 09:10:00,gyalshing,Gyalshing,27.2833,88.2667,0.0,,44.41,0.0062
2023-10-06 09:10:00,lachen,Lachen,27.7167,88.5567,0.0,3.058,45.01,0.0003
2023-10-06 09:10:00,mangan,Mangan,27.5167,88.5333,1.4,2.098,45.62,0.011
2023-10-06 09:10:00,singtam,Singtam,27.2333,88.4833,0.0,2.114,47.1,0.0115
2023-10-06 09:20:00,chungthang,Chungthang,27.6167,88.65,1.93,2.121,43.98,0.0048
2023-10-06 09:20:00,dikchu,Dikchu,27.3833,88.6167,0.18,2.155,44.65,0.0391
2023-10-06 09:20:00,gangtok,Gangtok,27.3389,88.6065,0.82,,46.87,0.0216
2023-10-06 09:20:00,gyalshing,Gyalshing,27.2833,88.2667,0.03,,44.53,0.0042
2023-10-06 09:20:00,lachen,Lachen,27.7167,88.5567,0.14,3.082,45.33,0.008
2023-10-06 09:20:00,mangan,Mangan,27.5167,88.5333,0.3,2.121,45.69,0.0113
2023-10-06 09:20:00,singtam,Singtam,27.2333,88.4833,0.0,2.09,46.91,0.0095
2023-10-06 09:30:00,chungthang,Chungthang,27.6167,88.65,0.0,2.112,43.94,0.0162
2023-10-06 09:30:00,dikchu,Dikchu,27.3833,88.6167,0.0,2.099,44.84,0.0311
2023-10-06 09:30:00,gangtok,Gangtok,27.3389,88.6065,0.41,,46.78,0.0145
2023-10-06 09:30:00,gyalshing,Gyalshing,27.2833,88.2667,0.13,,44.58,0.0025
2023-10-06 09:30:00,lachen,Lachen,27.7167,88.5567,0.0,3.055,45.34,0.0086
2023-10-06 09:30:00,mangan,Mangan,27.5167,88.5333,1.46,2.133,45.67,0.0154
2023-10-06 09:30:00,singtam,Singtam,27.2333,88.4833,0.1,2.115,46.71,0.0016
2023-10-06 09:40:00,chungthang,Chungthang,27.6167,88.65,1.69,2.099,44.07,0.0182
2023-10-06 09:40:00,dikchu,Dikchu,27.3833,88.6167,0.0,2.161,44.9,0.0347
2023-10-06 09:40:00,gangtok,Gangtok,27.3389,88.6065,0.05,,46.94,0.017
2023-10-06 09:40:00,gyalshing,Gyalshing,27.2833,88.2667,0.0,,45.29,0.0034
2023-10-06 09:40:00,lachen,Lachen,27.7167,88.5567,0.22,3.044,45.26,0.0063
2023-10-06 09:40:00,mangan,Mangan,27.5167,88.5333,4.85,2.111,45.61,0.0086
2023-10-06 09:40:00,singtam,Singtam,27.2333,88.4833,0.26,2.099,46.93,0.0121
2023-10-06 09:50:00,chungthang,Chungthang,27.6167,88.65,1.22,2.102,43.78,0.0094
2023-10-06 09:50:00,dikchu,Dikchu,27.3833,88.6167,1.25,2.133,44.59,0.0063
2023-10-06 09:50:00,gangtok,Gangtok,27.3389,88.6065,0.28,,46.96,0.0206
2023-10-06 09:50:00,gyalshing,Gyalshing,27.2833,88.2667,0.04,,45.33,0.0341
2023-10-06 09:50:00,lachen,Lachen,27.7167,88.5567,0.0,3.083,45.23,0.0034
2023-10-06 09:50:00,mangan,Mangan,27.5167,88.5333,0.06,2.163,45.68,0.0605
2023-10-06 09:50:00,singtam,Singtam,27.2333,88.4833,0.42,2.17,47.16,0.0036
2023-10-06 10:00:00,chungthang,Chungthang,27.6167,88.65,0.08,2.142,43.96,0.0185
2023-10-06 10:00:00,dikchu,Dikchu,27.3833,88.6167,0.0,2.118,44.55,0.01
2023-10-06 10:00:00,gangtok,Gangtok,27.3389,88.6065,0.0,,47.24,0.0187
2023-10-06 10:00:00,gyalshing,Gyalshing,27.2833,88.2667,0.0,,45.68,0.0183
2023-10-06 10:00:00,lachen,Lachen,27.7167,88.5567,0.0,3.08,45.29,0.0316
2023-10-06 10:00:00,mangan,Mangan,27.5167,88.5333,0.72,2.138,45.81,0.0121
2023-10-06 10:00:00,singtam,Singtam,27.2333,88.4833,0.09,2.14,46.86,0.0283
2023-10-06 10:10:00,chungthang,Chungthang,27.6167,88.65,0.32,2.101,43.85,0.035
2023-10-06 10:10:00,dikchu,Dikchu,27.3833,88.6167,0.53,2.132,44.53,0.0099
2023-10-06 10:10:00,gangtok,Gangtok,27.3389,88.6065,2.15,,47.26,0.0037
2023-10-06 10:10:00,gyalshing,Gyalshing,27.2833,88.2667,0.16,,45.28,0.0165
2023-10-06 10:10:00,lachen,Lachen,27.7167,88.5567,0.3,3.092,45.69,0.0002
2023-10-06 10:10:00,mangan,Mangan,27.5167,88.5333,0.42,2.134,46.09,0.023
2023-10-06 10:10:00,singtam,Singtam,27.2333,88.4833,1.15,2.094,47.05,0.0276
2023-10-06 10:20:00,chungthang,Chungthang,27.6167,88.65,0.01,2.088,43.6,0.0264
2023-10-06 10:20:00,dikchu,Dikchu,27.3833,88.6167,0.0,2.119,44.59,0.0357
2023-10-06 10:20:00,gangtok,Gangtok,27.3389,88.6065,2.36,,47.57,0.0174
2023-10-06 10:20:00,gyalshing,Gyalshing,27.2833,88.2667,0.66,,45.56,0.0091
2023-10-06 10:20:00,lachen,Lachen,27.7167,88.5567,0.25,3.139,45.78,0.022
2023-10-06 10:20:00,mangan,Mangan,27.5167,88.5333,0.0,2.077,46.16,0.0241
2023-10-06 10:20:00,singtam,Singtam,27.2333,88.4833,1.97,2.084,47.21,0.0038
2023-10-06 10:30:00,chungthang,Chungthang,27.6167,88.65,4.64,2.082,43.57,0.0046
2023-10-06 10:30:00,dikchu,Dikchu,27.3833,88.6167,0.01,2.135,44.34,0.0326
2023-10-06 10:30:00,gangtok,Gangtok,27.3389,88.6065,0.0,,47.08,0.0081
2023-10-06 10:30:00,gyalshing,Gyalshing,27.2833,88.2667,0.0,,45.6,0.018
2023-10-06 10:30:00,lachen,Lachen,27.7167,88.5567,0.01,3.08,45.96,0.0347
2023-10-06 10:30:00,mangan,Mangan,27.5167,88.5333,3.71,2.163,46.04,0.0088
2023-10-06 10:30:00,singtam,Singtam,27.2333,88.4833,0.0,2.091,46.9,0.0011
2023-10-06 10:40:00,chungthang,Chungthang,27.6167,88.65,0.01,2.081,43.48,0.015
2023-10-06 10:40:00,dikchu,Dikchu,27.3833,88.6167,0.78,2.123,44.04,0.0163
2023-10-06 10:40:00,gangtok,Gangtok,27.3389,88.6065,0.02,,47.18,0.0293
2023-10-06 10:40:00,gyalshing,Gyalshing,27.2833,88.2667,1.52,,45.63,0.0078
2023-10-06 10:40:00,lachen,Lachen,27.7167,88.5567,0.4,3.086,46.24,0.0027
2023-10-06 10:40:00,mangan,Mangan,27.5167,88.5333,0.14,2.087,45.95,0.0112
2023-10-06 10:40:00,singtam,Singtam,27.2333,88.4833,0.17,2.097,46.85,0.0287
2023-10-06 10:50:00,chungthang,Chungthang,27.6167,88.65,0.95,2.054,43.42,0.0059
2023-10-06 10:50:00,dikchu,Dikchu,27.3833,88.6167,0.09,2.106,44.19,0.0032
2023-10-06 10:50:00,gangtok,Gangtok,27.3389,88.6065,2.38,,47.09,0.0256
2023-10-06 10:50:00,gyalshing,Gyalshing,27.2833,88.2667,8.0,,45.82,0.0249
2023-10-06 10:50:00,lachen,Lachen,27.7167,88.5567,3.99,3.038,45.94,0.0098
2023-10-06 10:50:00,mangan,Mangan,27.5167,88.5333,0.0,2.162,45.61,0.001
2023-10-06 10:50:00,singtam,Singtam,27.2333,88.4833,0.46,2.107,46.93,0.0344
2023-10-06 11:00:00,chungthang,Chungthang,27.6167,88.65,0.04,2.073,43.69,0.0253
2023-10-06 11:00:00,dikchu,Dikchu,27.3833,88.6167,2.47,2.055,43.86,0.015
2023-10-06 11:00:00,gangtok,Gangtok,27.3389,88.6065,2.0,,46.86,0.0291
2023-10-06 11:00:00,gyalshing,Gyalshing,27.2833,88.2667,0.03,,46.23,0.0345
2023-10-06 11:00:00,lachen,Lachen,27.7167,88.5567,0.0,3.031,46.12,0.0105
2023-10-06 11:00:00,mangan,Mangan,27.5167,88.5333,0.06,2.169,46.02,0.0119
2023-10-06 11:00:00,singtam,Singtam,27.2333,88.4833,0.54,2.145,46.96,0.0207
2023-10-06 11:10:00,chungthang,Chungthang,27.6167,88.65,0.05,2.139,43.52,0.0043
2023-10-06 11:10:00,dikchu,Dikchu,27.3833,88.6167,0.17,2.13,43.83,0.0039
2023-10-06 11:10:00,gangtok,Gangtok,27.3389,88.6065,0.92,,47.15,0.0308
2023-10-06 11:10:00,gyalshing,Gyalshing,27.2833,88.2667,0.23,,46.29,0.0491
2023-10-06 11:10:00,lachen,Lachen,27.7167,88.5567,0.13,3.116,46.04,0.0113
2023-10-06 11:10:00,mangan,Mangan,27.5167,88.5333,6.37,2.123,45.89,0.0081
2023-10-06 11:10:00,singtam,Singtam,27.2333,88.4833,4.93,2.082,46.57,0.015
2023-10-06 11:20:00,chungthang,Chungthang,27.6167,88.65,1.6,2.087,43.98,0.003
2023-10-06 11:20:00,dikchu,Dikchu,27.3833,88.6167,0.09,2.102,43.78,0.0045
2023-10-06 11:20:00,gangtok,Gangtok,27.3389,88.6065,0.95,,47.35,0.033
2023-10-06 11:20:00,gyalshing,Gyalshing,27.2833,88.2667,0.12,,46.09,0.0489
2023-10-06 11:20:00,lachen,Lachen,27.7167,88.5567,0.08,3.04,45.4,0.0387
2023-10-06 11:20:00,mangan,Mangan,27.5167,88.5333,2.56,2.137,46.13,0.0019
2023-10-06 11:20:00,singtam,Singtam,27.2333,88.4833,0.0,2.178,46.59,0.0455
2023-10-06 11:30:00,chungthang,Chungthang,27.6167,88.65,0.84,2.113,43.67,0.011
2023-10-06 11:30:00,dikchu,Dikchu,27.3833,88.6167,1.06,2.136,43.8,0.0191
2023-10-06 11:30:00,gangtok,Gangtok,27.3389,88.6065,0.32,,46.82,0.0067
2023-10-06 11:30:00,gyalshing,Gyalshing,27.2833,88.2667,1.33,,45.96,0.0083
2023-10-06 11:30:00,lachen,Lachen,27.7167,88.5567,0.26,3.035,44.86,0.0272
2023-10-06 11:30:00,mangan,Mangan,27.5167,88.5333,0.0,2.013,46.17,0.0084
2023-10-06 11:30:00,singtam,Singtam,27.2333,88.4833,0.0,2.08,46.71,0.0008
2023-10-06 11:40:00,chungthang,Chungthang,27.6167,88.65,0.02,2.016,44.09,0.004
2023-10-06 11:40:00,dikchu,Dikchu,27.3833,88.6167,1.96,2.126,43.9,0.0178
2023-10-06 11:40:00,gangtok,Gangtok,27.3389,88.6065,0.4,,46.99,0.0196
2023-10-06 11:40:00,gyalshing,Gyalshing,27.2833,88.2667,0.0,,46.17,0.0182
2023-10-06 11:40:00,lachen,Lachen,27.7167,88.5567,0.05,3.064,44.61,0.0395
2023-10-06 11:40:00,mangan,Mangan,27.5167,88.5333,0.1,2.098,46.23,0.0086
2023-10-06 11:40:00,singtam,Singtam,27.2333,88.4833,0.0,2.065,47.09,0.0025
2023-10-06 11:50:00,chungthang,Chungthang,27.6167,88.65,0.28,2.107,43.85,0.0041
2023-10-06 11:50:00,dikchu,Dikchu,27.3833,88.6167,1.35,2.1,44.34,0.0523
2023-10-06 11:50:00,gangtok,Gangtok,27.3389,88.6065,0.02,,47.12,0.0282
2023-10-06 11:50:00,gyalshing,Gyalshing,27.2833,88.2667,0.13,,46.28,0.0348
2023-10-06 11:50:00,lachen,Lachen,27.7167,88.5567,0.53,3.062,44.75,0.0209
2023-10-06 11:50:00,mangan,Mangan,27.5167,88.5333,1.64,2.136,46.19,0.0202
2023-10-06 11:50:00,singtam,Singtam,27.2333,88.4833,0.03,2.157,46.91,0.0137
2023-10-06 12:00:00,chungthang,Chungthang,27.6167,88.65,0.69,2.084,43.87,0.0289
2023-10-06 12:00:00,dikchu,Dikchu,27.3833,88.6167,0.08,2.14,43.97,0.0321
2023-10-06 12:00:00,gangtok,Gangtok,27.3389,88.6065,2.0,,46.95,0.0076
2023-10-06 12:00:00,gyalshing,Gyalshing,27.2833,88.2667,0.14,,45.9,0.0047
2023-10-06 12:00:00,lachen,Lachen,27.7167,88.5567,0.01,3.037,44.79,0.0122
2023-10-06 12:00:00,mangan,Mangan,27.5167,88.5333,0.09,2.129,45.98,0.0231
2023-10-06 12:00:00,singtam,Singtam,27.2333,88.4833,0.02,2.145,46.76,0.009
2023-10-06 12:10:00,chungthang,Chungthang,27.6167,88.65,0.0,2.073,43.77,0.0099
2023-10-06 12:10:00,dikchu,Dikchu,27.3833,88.6167,0.96,2.114,44.2,0.0206
2023-10-06 12:10:00,gangtok,Gangtok,27.3389,88.6065,0.0,,46.71,0.0165
2023-10-06 12:10:00,gyalshing,Gyalshing,27.2833,88.2667,0.07,,46.03,0.0165
2023-10-06 12:10:00,lachen,Lachen,27.7167,88.5567,0.01,3.054,44.84,0.0137
2023-10-06 12:10:00,mangan,Mangan,27.5167,88.5333,0.0,2.064,45.72,0.0012
2023-10-06 12:10:00,singtam,Singtam,27.2333,88.4833,2.12,2.099,46.71,0.0046
2023-10-06 12:20:00,chungthang,Chungthang,27.6167,88.65,0.01,2.092,43.7,0.0066
2023-10-06 12:20:00,dikchu,Dikchu,27.3833,88.6167,0.12,2.112,43.59,0.0131
2023-10-06 12:20:00,gangtok,Gangtok,27.3389,88.6065,0.65,,46.31,0.021
2023-10-06 12:20:00,gyalshing,Gyalshing,27.2833,88.2667,0.0,,45.77,0.0235
2023-10-06 12:20:00,lachen,Lachen,27.7167,88.5567,0.01,3.099,45.34,0.0016
2023-10-06 12:20:00,mangan,Mangan,27.5167,88.5333,0.04,2.091,46.15,0.0061
2023-10-06 12:20:00,singtam,Singtam,27.2333,88.4833,0.05,2.115,46.76,0.0124
2023-10-06 12:30:00,chungthang,Chungthang,27.6167,88.65,0.12,2.071,43.92,0.0033
2023-10-06 12:30:00,dikchu,Dikchu,27.3833,88.6167,0.34,2.102,43.97,0.0037
2023-10-06 12:30:00,gangtok,Gangtok,27.3389,88.6065,0.2,,46.23,0.0175
2023-10-06 12:30:00,gyalshing,Gyalshing,27.2833,88.2667,0.01,,45.86,0.0578
2023-10-06 12:30:00,lachen,Lachen,27.7167,88.5567,0.2,3.037,45.02,0.0127
2023-10-06 12:30:00,mangan,Mangan,27.5167,88.5333,0.0,2.022,46.16,0.0286
2023-10-06 12:30:00,singtam,Singtam,27.2333,88.4833,0.01,2.115,46.77,0.0155
2023-10-06 12:40:00,chungthang,Chungthang,27.6167,88.65,0.06,2.021,44.32,0.021
2023-10-06 12:40:00,dikchu,Dikchu,27.3833,88.6167,0.82,2.155,43.49,0.0216
2023-10-06 12:40:00,gangtok,Gangtok,27.3389,88.6065,0.0,,46.19,0.0184
2023-10-06 12:40:00,gyalshing,Gyalshing,27.2833,88.2667,0.12,,45.66,0.0067
2023-10-06 12:40:00,lachen,Lachen,27.7167,88.5567,0.21,3.018,45.01,0.0112
2023-10-06 12:40:00,mangan,Mangan,27.5167,88.5333,0.19,2.11,46.41,0.0152
2023-10-06 12:40:00,singtam,Singtam,27.2333,88.4833,0.87,2.106,46.92,0.0115
2023-10-06 12:50:00,chungthang,Chungthang,27.6167,88.65,0.06,2.111,44.63,0.0144
2023-10-06 12:50:00,dikchu,Dikchu,27.3833,88.6167,0.14,2.083,44.14,0.0242
2023-10-06 12:50:00,gangtok,Gangtok,27.3389,88.6065,0.01,,46.38,0.0055
2023-10-06 12:50:00,gyalshing,Gyalshing,27.2833,88.2667,0.21,,45.61,0.001
2023-10-06 12:50:00,lachen,Lachen,27.7167,88.5567,0.17,3.088,45.09,0.0027
2023-10-06 12:50:00,mangan,Mangan,27.5167,88.5333,0.0,2.04,46.74,0.0153
2023-10-06 12:50:00,singtam,Singtam,27.2333,88.4833,0.12,2.062,46.61,0.0039
2023-10-06 13:00:00,chungthang,Chungthang,27.6167,88.65,0.0,2.09,44.53,0.027
2023-10-06 13:00:00,dikchu,Dikchu,27.3833,88.6167,0.02,2.093,44.06,0.0186
2023-10-06 13:00:00,gangtok,Gangtok,27.3389,88.6065,0.43,,46.45,0.0099
2023-10-06 13:00:00,gyalshing,Gyalshing,27.2833,88.2667,0.0,,45.36,0.0288
2023-10-06 13:00:00,lachen,Lachen,27.7167,88.5567,0.0,3.073,44.91,0.009
2023-10-06 13:00:00,mangan,Mangan,27.5167,88.5333,0.0,2.129,46.62,0.0195
2023-10-06 13:00:00,singtam,Singtam,27.2333,88.4833,0.0,2.026,46.7,0.0268
2023-10-06 13:10:00,chungthang,Chungthang,27.6167,88.65,0.1,2.072,44.59,0.0289
2023-10-06 13:10:00,dikchu,Dikchu,27.3833,88.6167,0.58,2.065,44.42,0.0223
2023-10-06 13:10:00,gangtok,Gangtok,27.3389,88.6065,0.0,,46.18,0.0095
2023-10-06 13:10:00,gyalshing,Gyalshing,27.2833,88.2667,0.01,,45.75,0.0032
2023-10-06 13:10:00,lachen,Lachen,27.7167,88.5567,0.01,3.039,44.92,0.021
2023-10-06 13:10:00,mangan,Mangan,27.5167,88.5333,8.0,2.13,46.73,0.006
2023-10-06 13:10:00,singtam,Singtam,27.2333,88.4833,1.57,2.074,46.52,0.0162
2023-10-06 13:20:00,chungthang,Chungthang,27.6167,88.65,0.0,2.051,44.4,0.0151
2023-10-06 13:20:00,dikchu,Dikchu,27.3833,88.6167,0.09,2.123,44.71,0.0111
2023-10-06 13:20:00,gangtok,Gangtok,27.3389,88.6065,0.55,,46.24,0.0033
2023-10-06 13:20:00,gyalshing,Gyalshing,27.2833,88.2667,1.98,,45.88,0.0017
2023-10-06 13:20:00,lachen,Lachen,27.7167,88.5567,0.0,3.01,44.53,0.0054
2023-10-06 13:20:00,mangan,Mangan,27.5167,88.5333,8.0,2.079,46.75,0.0127
2023-10-06 13:20:00,singtam,Singtam,27.2333,88.4833,0.01,2.153,46.45,0.0215
2023-10-06 13:30:00,chungthang,Chungthang,27.6167,88.65,1.61,2.035,44.17,0.0196
2023-10-06 13:30:00,dikchu,Dikchu,27.3833,88.6167,2.03,2.083,44.64,0.0119
2023-10-06 13:30:00,gangtok,Gangtok,27.3389,88.6065,0.01,,46.17,0.025
2023-10-06 13:30:00,gyalshing,Gyalshing,27.2833,88.2667,0.02,,46.2,0.014
2023-10-06 13:30:00,lachen,Lachen,27.7167,88.5567,0.16,3.034,44.89,0.0243
2023-10-06 13:30:00,mangan,Mangan,27.5167,88.5333,0.38,2.108,46.44,0.0437
2023-10-06 13:30:00,singtam,Singtam,27.2333,88.4833,2.07,2.153,46.89,0.0013
2023-10-06 13:40:00,chungthang,Chungthang,27.6167,88.65,0.0,2.085,43.9,0.0437
2023-10-06 13:40:00,dikchu,Dikchu,27.3833,88.6167,0.38,2.085,44.57,0.0138
2023-10-06 13:40:00,gangtok,Gangtok,27.3389,88.6065,0.34,,45.92,0.0126
2023-10-06 13:40:00,gyalshing,Gyalshing,27.2833,88.2667,1.31,,46.94,0.0207
2023-10-06 13:40:00,lachen,Lachen,27.7167,88.5567,0.17,3.054,44.72,0.0085
2023-10-06 13:40:00,mangan,Mangan,27.5167,88.5333,0.5,2.085,46.38,0.006
2023-10-06 13:40:00,singtam,Singtam,27.2333,88.4833,0.68,2.089,46.51,0.0299
2023-10-06 13:50:00,chungthang,Chungthang,27.6167,88.65,0.37,2.126,43.81,0.0216
2023-10-06 13:50:00,dikchu,Dikchu,27.3833,88.6167,0.0,2.083,44.37,0.0198
2023-10-06 13:50:00,gangtok,Gangtok,27.3389,88.6065,0.54,,45.53,0.0074
2023-10-06 13:50:00,gyalshing,Gyalshing,27.2833,88.2667,1.71,,46.97,0.0142
2023-10-06 13:50:00,lachen,Lachen,27.7167,88.5567,1.2,3.09,45.24,0.0525
2023-10-06 13:50:00,mangan,Mangan,27.5167,88.5333,0.03,2.097,46.51,0.0209
2023-10-06 13:50:00,singtam,Singtam,27.2333,88.4833,0.07,2.067,46.43,0.0348
2023-10-06 14:00:00,chungthang,Chungthang,27.6167,88.65,0.13,2.083,43.89,0.0022
2023-10-06 14:00:00,dikchu,Dikchu,27.3833,88.6167,0.07,2.099,44.59,0.0072
2023-10-06 14:00:00,gangtok,Gangtok,27.3389,88.6065,0.21,,45.7,0.0302
2023-10-06 14:00:00,gyalshing,Gyalshing,27.2833,88.2667,0.07,,47.33,0.0189
2023-10-06 14:00:00,lachen,Lachen,27.7167,88.5567,0.93,3.023,45.23,0.027
2023-10-06 14:00:00,mangan,Mangan,27.5167,88.5333,0.02,2.055,46.37,0.0307
2023-10-06 14:00:00,singtam,Singtam,27.2333,88.4833,0.86,2.104,46.1,0.0404
2023-10-06 14:10:00,chungthang,Chungthang,27.6167,88.65,0.85,2.034,43.44,0.0149
2023-10-06 14:10:00,dikchu,Dikchu,27.3833,88.6167,0.02,2.059,44.51,0.0109
2023-10-06 14:10:00,gangtok,Gangtok,27.3389,88.6065,0.64,,45.83,0.023
2023-10-06 14:10:00,gyalshing,Gyalshing,27.2833,88.2667,0.13,,47.14,0.0104
2023-10-06 14:10:00,lachen,Lachen,27.7167,88.5567,0.45,3.051,45.49,0.0144
2023-10-06 14:10:00,mangan,Mangan,27.5167,88.5333,0.0,2.107,46.28,0.0351
2023-10-06 14:10:00,singtam,Singtam,27.2333,88.4833,0.12,2.108,46.14,0.043
2023-10-06 14:20:00,chungthang,Chungthang,27.6167,88.65,0.02,2.082,43.45,0.0235
2023-10-06 14:20:00,dikchu,Dikchu,27.3833,88.6167,0.0,2.028,44.32,0.0162
2023-10-06 14:20:00,gangtok,Gangtok,27.3389,88.6065,0.18,,45.97,0.0132
2023-10-06 14:20:00,gyalshing,Gyalshing,27.2833,88.2667,0.19,,47.45,0.0003
2023-10-06 14:20:00,lachen,Lachen,27.7167,88.5567,0.43,3.073,45.48,0.0017
2023-10-06 14:20:00,mangan,Mangan,27.5167,88.5333,0.02,2.038,46.22,0.0354
2023-10-06 14:20:00,singtam,Singtam,27.2333,88.4833,0.0,2.112,46.39,0.0091
2023-10-06 14:30:00,chungthang,Chungthang,27.6167,88.65,0.07,2.072,43.86,0.0172
2023-10-06 14:30:00,dikchu,Dikchu,27.3833,88.6167,0.0,2.108,44.48,0.0031
2023-10-06 14:30:00,gangtok,Gangtok,27.3389,88.6065,0.95,,45.74,0.0016
2023-10-06 14:30:00,gyalshing,Gyalshing,27.2833,88.2667,1.1,,47.24,0.0134
2023-10-06 14:30:00,lachen,Lachen,27.7167,88.5567,0.51,2.98,45.47,0.0388
2023-10-06 14:30:00,mangan,Mangan,27.5167,88.5333,0.2,2.031,46.73,0.0185
2023-10-06 14:30:00,singtam,Singtam,27.2333,88.4833,0.0,2.017,46.41,0.0166
2023-10-06 14:40:00,chungthang,Chungthang,27.6167,88.65,0.59,2.099,44.16,0.0085
2023-10-06 14:40:00,dikchu,Dikchu,27.3833,88.6167,0.0,2.03,44.28,0.021
2023-10-06 14:40:00,gangtok,Gangtok,27.3389,88.6065,0.07,,45.76,0.0015
2023-10-06 14:40:00,gyalshing,Gyalshing,27.2833,88.2667,0.11,,47.22,0.0169
2023-10-06 14:40:00,lachen,Lachen,27.7167,88.5567,4.91,3.082,45.33,0.0264
2023-10-06 14:40:00,mangan,Mangan,27.5167,88.5333,5.08,2.082,46.26,0.0145
2023-10-06 14:40:00,singtam,Singtam,27.2333,88.4833,0.58,2.187,46.38,0.0008
2023-10-06 14:50:00,chungthang,Chungthang,27.6167,88.65,1.25,2.09,44.03,0.0105
2023-10-06 14:50:00,dikchu,Dikchu,27.3833,88.6167,3.11,2.118,44.25,0.023
2023-10-06 14:50:00,gangtok,Gangtok,27.3389,88.6065,0.07,,45.42,0.029
2023-10-06 14:50:00,gyalshing,Gyalshing,27.2833,88.2667,0.33,,47.33,0.0064
2023-10-06 14:50:00,lachen,Lachen,27.7167,88.5567,0.12,3.015,45.36,0.0257
2023-10-06 14:50:00,mangan,Mangan,27.5167,88.5333,1.38,2.078,46.38,0.0065
2023-10-06 14:50:00,singtam,Singtam,27.2333,88.4833,0.73,2.125,46.71,0.0042
2023-10-06 15:00:00,chungthang,Chungthang,27.6167,88.65,0.05,1.982,43.69,0.0223
2023-10-06 15:00:00,dikchu,Dikchu,27.3833,88.6167,0.0,2.139,44.29,0.001
2023-10-06 15:00:00,gangtok,Gangtok,27.3389,88.6065,0.01,,45.18,0.0167
2023-10-06 15:00:00,gyalshing,Gyalshing,27.2833,88.2667,0.14,,47.48,0.0216
2023-10-06 15:00:00,lachen,Lachen,27.7167,88.5567,0.21,3.06,45.44,0.0158
2023-10-06 15:00:00,mangan,Mangan,27.5167,88.5333,0.11,2.092,46.3,0.0245
2023-10-06 15:00:00,singtam,Singtam,27.2333,88.4833,0.03,2.084,46.78,0.0122
2023-10-06 15:10:00,chungthang,Chungthang,27.6167,88.65,1.67,2.087,43.83,0.0022
2023-10-06 15:10:00,dikchu,Dikchu,27.3833,88.6167,6.94,2.086,44.22,0.0115
2023-10-06 15:10:00,gangtok,Gangtok,27.3389,88.6065,0.0,,45.2,0.0161
2023-10-06 15:10:00,gyalshing,Gyalshing,27.2833,88.2667,0.24,,47.12,0.0374
2023-10-06 15:10:00,lachen,Lachen,27.7167,88.5567,0.15,3.056,45.24,0.014
2023-10-06 15:10:00,mangan,Mangan,27.5167,88.5333,0.76,2.063,46.13,0.0257
2023-10-06 15:10:00,singtam,Singtam,27.2333,88.4833,0.0,2.068,46.96,0.001
2023-10-06 15:20:00,chungthang,Chungthang,27.6167,88.65,0.04,2.039,43.27,0.0218
2023-10-06 15:20:00,dikchu,Dikchu,27.3833,88.6167,0.0,2.129,44.09,0.0245
2023-10-06 15:20:00,gangtok,Gangtok,27.3389,88.6065,1.01,,45.29,0.0115
2023-10-06 15:20:00,gyalshing,Gyalshing,27.2833,88.2667,0.18,,46.84,0.0038
2023-10-06 15:20:00,lachen,Lachen,27.7167,88.5567,0.01,3.081,45.21,0.0033
2023-10-06 15:20:00,mangan,Mangan,27.5167,88.5333,0.08,2.138,46.05,0.0393
2023-10-06 15:20:00,singtam,Singtam,27.2333,88.4833,0.0,2.118,47.12,0.0111
2023-10-06 15:30:00,chungthang,Chungthang,27.6167,88.65,0.68,2.026,43.58,0.0042
2023-10-06 15:30:00,dikchu,Dikchu,27.3833,88.6167,4.99,2.089,44.55,0.0014
2023-10-06 15:30:00,gangtok,Gangtok,27.3389,88.6065,2.07,,44.91,0.0189
2023-10-06 15:30:00,gyalshing,Gyalshing,27.2833,88.2667,0.04,,46.98,0.0194
2023-10-06 15:30:00,lachen,Lachen,27.7167,88.5567,0.77,3.064,45.04,0.0212
2023-10-06 15:30:00,mangan,Mangan,27.5167,88.5333,0.0,2.086,46.2,0.0434
2023-10-06 15:30:00,singtam,Singtam,27.2333,88.4833,0.24,2.103,46.38,0.0084
2023-10-06 15:40:00,chungthang,Chungthang,27.6167,88.65,2.52,2.062,43.56,0.0249
2023-10-06 15:40:00,dikchu,Dikchu,27.3833,88.6167,0.42,2.136,44.51,0.0347
2023-10-06 15:40:00,gangtok,Gangtok,27.3389,88.6065,0.02,,44.66,0.0147
2023-10-06 15:40:00,gyalshing,Gyalshing,27.2833,88.2667,0.06,,46.87,0.009
2023-10-06 15:40:00,lachen,Lachen,27.7167,88.5567,0.03,2.976,45.62,0.0245
2023-10-06 15:40:00,mangan,Mangan,27.5167,88.5333,0.76,2.087,46.37,0.0062
2023-10-06 15:40:00,singtam,Singtam,27.2333,88.4833,0.36,2.09,46.31,0.0397
2023-10-06 15:50:00,chungthang,Chungthang,27.6167,88.65,0.49,2.079,44.05,0.0227
2023-10-06 15:50:00,dikchu,Dikchu,27.3833,88.6167,0.0,2.074,44.41,0.0171
2023-10-06 15:50:00,gangtok,Gangtok,27.3389,88.6065,0.1,,44.59,0.0237
2023-10-06 15:50:00,gyalshing,Gyalshing,27.2833,88.2667,1.33,,46.53,0.0048
2023-10-06 15:50:00,lachen,Lachen,27.7167,88.5567,0.01,3.023,45.59,0.001
2023-10-06 15:50:00,mangan,Mangan,27.5167,88.5333,0.0,2.085,46.4,0.0091
2023-10-06 15:50:00,singtam,Singtam,27.2333,88.4833,0.31,2.1,46.04,0.002
2023-10-06 16:00:00,chungthang,Chungthang,27.6167,88.65,2.3,2.017,43.63,0.0002
2023-10-06 16:00:00,dikchu,Dikchu,27.3833,88.6167,0.0,2.016,44.39,0.0025
2023-10-06 16:00:00,gangtok,Gangtok,27.3389,88.6065,0.52,,44.86,0.0014
2023-10-06 16:00:00,gyalshing,Gyalshing,27.2833,88.2667,0.02,,46.5,0.0001
2023-10-06 16:00:00,lachen,Lachen,27.7167,88.5567,0.24,3.05,45.97,0.0178
2023-10-06 16:00:00,mangan,Mangan,27.5167,88.5333,0.05,2.108,46.65,0.0041
2023-10-06 16:00:00,singtam,Singtam,27.2333,88.4833,0.0,2.082,45.83,0.0298
2023-10-06 16:10:00,chungthang,Chungthang,27.6167,88.65,0.36,2.087,43.88,0.0467
2023-10-06 16:10:00,dikchu,Dikchu,27.3833,88.6167,0.03,2.084,44.52,0.0262
2023-10-06 16:10:00,gangtok,Gangtok,27.3389,88.6065,0.0,,44.68,0.0197
2023-10-06 16:10:00,gyalshing,Gyalshing,27.2833,88.2667,0.0,,46.41,0.0062
2023-10-06 16:10:00,lachen,Lachen,27.7167,88.5567,0.83,3.039,45.91,0.0148
2023-10-06 16:10:00,mangan,Mangan,27.5167,88.5333,1.22,2.095,46.95,0.0093
2023-10-06 16:10:00,singtam,Singtam,27.2333,88.4833,0.34,2.097,46.2,0.0329
2023-10-06 16:20:00,chungthang,Chungthang,27.6167,88.65,0.07,2.088,43.88,0.0221
2023-10-06 16:20:00,dikchu,Dikchu,27.3833,88.6167,0.0,2.136,44.28,0.0292
2023-10-06 16:20:00,gangtok,Gangtok,27.3389,88.6065,0.08,,44.71,0.001
2023-10-06 16:20:00,gyalshing,Gyalshing,27.2833,88.2667,0.0,,46.42,0.0199
2023-10-06 16:20:00,lachen,Lachen,27.7167,88.5567,0.01,3.059,45.97,0.0156
2023-10-06 16:20:00,mangan,Mangan,27.5167,88.5333,0.09,2.09,47.13,0.0303
2023-10-06 16:20:00,singtam,Singtam,27.2333,88.4833,7.39,2.106,46.18,0.0244
2023-10-06 16:30:00,chungthang,Chungthang,27.6167,88.65,0.0,2.065,43.81,0.0153
2023-10-06 16:30:00,dikchu,Dikchu,27.3833,88.6167,0.1,2.1,44.42,0.0157
2023-10-06 16:30:00,gangtok,Gangtok,27.3389,88.6065,0.56,,44.8,0.0145
2023-10-06 16:30:00,gyalshing,Gyalshing,27.2833,88.2667,5.34,,46.61,0.0156
2023-10-06 16:30:00,lachen,Lachen,27.7167,88.5567,0.17,3.067,45.63,0.0104
2023-10-06 16:30:00,mangan,Mangan,27.5167,88.5333,0.99,2.098,46.97,0.0168
2023-10-06 16:30:00,singtam,Singtam,27.2333,88.4833,1.41,2.094,46.66,0.0112
2023-10-06 16:40:00,chungthang,Chungthang,27.6167,88.65,1.91,2.037,43.5,0.031
2023-10-06 16:40:00,dikchu,Dikchu,27.3833,88.6167,0.04,2.068,44.5,0.009
2023-10-06 16:40:00,gangtok,Gangtok,27.3389,88.6065,0.53,,44.76,0.0132
2023-10-06 16:40:00,gyalshing,Gyalshing,27.2833,88.2667,0.04,,46.72,0.0169
2023-10-06 16:40:00,lachen,Lachen,27.7167,88.5567,0.03,3.061,45.51,0.0046
2023-10-06 16:40:00,mangan,Mangan,27.5167,88.5333,2.42,2.02,47.08,0.0021
2023-10-06 16:40:00,singtam,Singtam,27.2333,88.4833,0.08,2.091,46.29,0.0054
2023-10-06 16:50:00,chungthang,Chungthang,27.6167,88.65,0.12,2.033,43.67,0.0065
2023-10-06 16:50:00,dikchu,Dikchu,27.3833,88.6167,0.35,2.093,44.08,0.0081
2023-10-06 16:50:00,gangtok,Gangtok,27.3389,88.6065,0.0,,44.84,0.0072
2023-10-06 16:50:00,gyalshing,Gyalshing,27.2833,88.2667,0.3,,46.52,0.0071
2023-10-06 16:50:00,lachen,Lachen,27.7167,88.5567,0.0,3.036,45.55,0.0036
2023-10-06 16:50:00,mangan,Mangan,27.5167,88.5333,0.04,2.02,47.18,0.0454
2023-10-06 16:50:00,singtam,Singtam,27.2333,88.4833,0.01,2.124,46.01,0.0083
2023-10-06 17:00:00,chungthang,Chungthang,27.6167,88.65,1.24,2.092,43.87,0.0068
2023-10-06 17:00:00,dikchu,Dikchu,27.3833,88.6167,0.93,2.111,44.57,0.0045
2023-10-06 17:00:00,gangtok,Gangtok,27.3389,88.6065,0.0,,44.52,0.002
2023-10-06 17:00:00,gyalshing,Gyalshing,27.2833,88.2667,0.02,,46.41,0.0087
2023-10-06 17:00:00,lachen,Lachen,27.7167,88.5567,0.17,2.987,45.95,0.0119
2023-10-06 17:00:00,mangan,Mangan,27.5167,88.5333,0.56,2.071,46.95,0.0061
2023-10-06 17:00:00,singtam,Singtam,27.2333,88.4833,1.23,2.033,46.21,0.0289
2023-10-06 17:10:00,chungthang,Chungthang,27.6167,88.65,0.0,2.016,44.34,0.0294
2023-10-06 17:10:00,dikchu,Dikchu,27.3833,88.6167,0.0,2.079,44.95,0.033
2023-10-06 17:10:00,gangtok,Gangtok,27.3389,88.6065,0.04,,44.37,0.0139
2023-10-06 17:10:00,gyalshing,Gyalshing,27.2833,88.2667,0.19,,46.64,0.0343
2023-10-06 17:10:00,lachen,Lachen,27.7167,88.5567,0.77,3.028,45.99,0.0028
2023-10-06 17:10:00,mangan,Mangan,27.5167,88.5333,4.95,2.066,46.55,0.0073
2023-10-06 17:10:00,singtam,Singtam,27.2333,88.4833,0.0,2.057,46.12,0.0149
2023-10-06 17:20:00,chungthang,Chungthang,27.6167,88.65,0.36,2.092,44.6,0.0115
2023-10-06 17:20:00,dikchu,Dikchu,27.3833,88.6167,0.5,2.159,44.76,0.0125
2023-10-06 17:20:00,gangtok,Gangtok,27.3389,88.6065,0.0,,44.75,0.0148
2023-10-06 17:20:00,gyalshing,Gyalshing,27.2833,88.2667,1.15,,46.51,0.0036
2023-10-06 17:20:00,lachen,Lachen,27.7167,88.5567,0.14,3.053,46.33,0.0056
2023-10-06 17:20:00,mangan,Mangan,27.5167,88.5333,0.02,2.089,46.03,0.0061
2023-10-06 17:20:00,singtam,Singtam,27.2333,88.4833,0.17,2.081,46.19,0.0296
2023-10-06 17:30:00,chungthang,Chungthang,27.6167,88.65,0.56,2.055,44.46,0.0129
2023-10-06 17:30:00,dikchu,Dikchu,27.3833,88.6167,0.0,2.064,44.5,0.01
2023-10-06 17:30:00,gangtok,Gangtok,27.3389,88.6065,0.0,,45.14,0.0193
2023-10-06 17:30:00,gyalshing,Gyalshing,27.2833,88.2667,0.59,,46.41,0.0027
2023-10-06 17:30:00,lachen,Lachen,27.7167,88.5567,0.02,3.008,46.47,0.0094
2023-10-06 17:30:00,mangan,Mangan,27.5167,88.5333,0.35,2.071,46.04,0.011
2023-10-06 17:30:00,singtam,Singtam,27.2333,88.4833,0.01,2.057,46.16,0.0124
2023-10-06 17:40:00,chungthang,Chungthang,27.6167,88.65,0.68,2.056,44.23,0.001
2023-10-06 17:40:00,dikchu,Dikchu,27.3833,88.6167,0.19,2.109,44.58,0.0272
2023-10-06 17:40:00,gangtok,Gangtok,27.3389,88.6065,0.01,,45.35,0.027
2023-10-06 17:40:00,gyalshing,Gyalshing,27.2833,88.2667,0.3,,46.04,0.0252
2023-10-06 17:40:00,lachen,Lachen,27.7167,88.5567,0.01,3.059,46.86,0.0134
2023-10-06 17:40:00,mangan,Mangan,27.5167,88.5333,0.07,2.087,46.1,0.0199
2023-10-06 17:40:00,singtam,Singtam,27.2333,88.4833,0.56,2.067,46.13,0.0237
2023-10-06 17:50:00,chungthang,Chungthang,27.6167,88.65,1.25,2.007,43.9,0.007
2023-10-06 17:50:00,dikchu,Dikchu,27.3833,88.6167,0.68,2.101,44.25,0.0071
2023-10-06 17:50:00,gangtok,Gangtok,27.3389,88.6065,0.03,,45.64,0.0061
2023-10-06 17:50:00,gyalshing,Gyalshing,27.2833,88.2667,0.02,,46.03,0.004
2023-10-06 17:50:00,lachen,Lachen,27.7167,88.5567,0.09,3.066,46.82,0.0029
2023-10-06 17:50:00,mangan,Mangan,27.5167,88.5333,1.25,2.032,45.8,0.0364
2023-10-06 17:50:00,singtam,Singtam,27.2333,88.4833,1.93,2.116,46.07,0.0244
2023-10-06 18:00:00,chungthang,Chungthang,27.6167,88.65,0.6,2.053,44.28,0.0031
2023-10-06 18:00:00,dikchu,Dikchu,27.3833,88.6167,0.12,2.056,44.62,0.0059
2023-10-06 18:00:00,gangtok,Gangtok,27.3389,88.6065,0.01,,45.13,0.0018
2023-10-06 18:00:00,gyalshing,Gyalshing,27.2833,88.2667,0.06,,46.12,0.0174
2023-10-06 18:00:00,lachen,Lachen,27.7167,88.5567,0.79,3.042,47.39,0.0016
2023-10-06 18:00:00,mangan,Mangan,27.5167,88.5333,0.06,2.068,46.05,0.0029
2023-10-06 18:00:00,singtam,Singtam,27.2333,88.4833,0.72,2.073,46.12,0.0199
2023-10-06 18:10:00,chungthang,Chungthang,27.6167,88.65,0.01,2.075,44.1,0.021
2023-10-06 18:10:00,dikchu,Dikchu,27.3833,88.6167,0.42,2.064,44.53,0.0156
2023-10-06 18:10:00,gangtok,Gangtok,27.3389,88.6065,0.01,,44.87,0.0165
2023-10-06 18:10:00,gyalshing,Gyalshing,27.2833,88.2667,0.29,,45.63,0.0078
2023-10-06 18:10:00,lachen,Lachen,27.7167,88.5567,0.03,2.946,47.24,0.0156
2023-10-06 18:10:00,mangan,Mangan,27.5167,88.5333,0.91,2.028,46.08,0.006
2023-10-06 18:10:00,singtam,Singtam,27.2333,88.4833,0.25,2.022,46.2,0.0186
2023-10-06 18:20:00,chungthang,Chungthang,27.6167,88.65,0.01,2.016,44.49,0.016
2023-10-06 18:20:00,dikchu,Dikchu,27.3833,88.6167,0.7,2.106,44.96,0.0068
2023-10-06 18:20:00,gangtok,Gangtok,27.3389,88.6065,0.09,,44.81,0.0275
2023-10-06 18:20:00,gyalshing,Gyalshing,27.2833,88.2667,0.0,,45.37,0.0457
2023-10-06 18:20:00,lachen,Lachen,27.7167,88.5567,0.13,2.999,47.01,0.0172
2023-10-06 18:20:00,mangan,Mangan,27.5167,88.5333,0.01,2.079,46.41,0.0275
2023-10-06 18:20:00,singtam,Singtam,27.2333,88.4833,5.84,2.063,46.66,0.0132
2023-10-06 18:30:00,chungthang,Chungthang,27.6167,88.65,3.07,2.07,44.64,0.0024
2023-10-06 18:30:00,dikchu,Dikchu,27.3833,88.6167,0.0,2.08,44.77,0.0304
2023-10-06 18:30:00,gangtok,Gangtok,27.3389,88.6065,2.99,,45.46,0.0306
2023-10-06 18:30:00,gyalshing,Gyalshing,27.2833,88.2667,0.0,,45.02,0.0045
2023-10-06 18:30:00,lachen,Lachen,27.7167,88.5567,0.07,3.094,46.69,0.0154
2023-10-06 18:30:00,mangan,Mangan,27.5167,88.5333,2.2,2.01,46.49,0.0013
2023-10-06 18:30:00,singtam,Singtam,27.2333,88.4833,0.0,2.077,46.6,0.0397
2023-10-06 18:40:00,chungthang,Chungthang,27.6167,88.65,0.08,2.057,44.73,0.0089
2023-10-06 18:40:00,dikchu,Dikchu,27.3833,88.6167,1.24,2.085,44.77,0.0178
2023-10-06 18:40:00,gangtok,Gangtok,27.3389,88.6065,0.01,,45.39,0.015
2023-10-06 18:40:00,gyalshing,Gyalshing,27.2833,88.2667,0.02,,45.23,0.0039
2023-10-06 18:40:00,lachen,Lachen,27.7167,88.5567,0.84,3.02,47.25,0.0089
2023-10-06 18:40:00,mangan,Mangan,27.5167,88.5333,0.12,2.076,46.21,0.0059
2023-10-06 18:40:00,singtam,Singtam,27.2333,88.4833,0.0,2.076,46.49,0.0214
2023-10-06 18:50:00,chungthang,Chungthang,27.6167,88.65,0.15,2.035,44.67,0.008
2023-10-06 18:50:00,dikchu,Dikchu,27.3833,88.6167,0.58,2.025,45.11,0.0073
2023-10-06 18:50:00,gangtok,Gangtok,27.3389,88.6065,0.04,,45.59,0.0078
2023-10-06 18:50:00,gyalshing,Gyalshing,27.2833,88.2667,0.15,,44.77,0.003
2023-10-06 18:50:00,lachen,Lachen,27.7167,88.5567,0.2,2.977,47.42,0.0091
2023-10-06 18:50:00,mangan,Mangan,27.5167,88.5333,0.0,2.021,46.31,0.0092
2023-10-06 18:50:00,singtam,Singtam,27.2333,88.4833,0.78,2.091,46.35,0.0119
2023-10-06 19:00:00,chungthang,Chungthang,27.6167,88.65,0.1,2.079,44.84,0.0168
2023-10-06 19:00:00,dikchu,Dikchu,27.3833,88.6167,0.01,2.093,45.04,0.0011
2023-10-06 19:00:00,gangtok,Gangtok,27.3389,88.6065,0.0,,45.69,0.0018
2023-10-06 19:00:00,gyalshing,Gyalshing,27.2833,88.2667,0.93,,44.79,0.0033
2023-10-06 19:00:00,lachen,Lachen,27.7167,88.5567,1.65,3.073,47.31,0.0056
2023-10-06 19:00:00,mangan,Mangan,27.5167,88.5333,1.45,2.053,46.47,0.0431
2023-10-06 19:00:00,singtam,Singtam,27.2333,88.4833,4.06,2.087,46.75,0.0308
2023-10-06 19:10:00,chungthang,Chungthang,27.6167,88.65,0.05,1.987,44.84,0.003
2023-10-06 19:10:00,dikchu,Dikchu,27.3833,88.6167,0.08,2.081,45.13,0.0225
2023-10-06 19:10:00,gangtok,Gangtok,27.3389,88.6065,0.05,,45.78,0.0132
2023-10-06 19:10:00,gyalshing,Gyalshing,27.2833,88.2667,1.13,,45.0,0.0101
2023-10-06 19:10:00,lachen,Lachen,27.7167,88.5567,2.4,3.035,47.6,0.0009
2023-10-06 19:10:00,mangan,Mangan,27.5167,88.5333,0.65,2.09,46.32,0.0137
2023-10-06 19:10:00,singtam,Singtam,27.2333,88.4833,0.01,2.068,46.9,0.0024
2023-10-06 19:20:00,chungthang,Chungthang,27.6167,88.65,0.0,2.062,44.76,0.0158
2023-10-06 19:20:00,dikchu,Dikchu,27.3833,88.6167,0.01,2.07,45.41,0.0066
2023-10-06 19:20:00,gangtok,Gangtok,27.3389,88.6065,0.05,,45.78,0.0183
2023-10-06 19:20:00,gyalshing,Gyalshing,27.2833,88.2667,0.4,,45.05,0.0065
2023-10-06 19:20:00,lachen,Lachen,27.7167,88.5567,0.15,3.068,47.74,0.0139
2023-10-06 19:20:00,mangan,Mangan,27.5167,88.5333,1.48,2.07,45.95,0.0247
2023-10-06 19:20:00,singtam,Singtam,27.2333,88.4833,0.0,2.036,46.41,0.0201
2023-10-06 19:30:00,chungthang,Chungthang,27.6167,88.65,0.01,2.1,44.93,0.0039
2023-10-06 19:30:00,dikchu,Dikchu,27.3833,88.6167,0.66,2.082,45.28,0.0124
2023-10-06 19:30:00,gangtok,Gangtok,27.3389,88.6065,0.02,,45.48,0.006
2023-10-06 19:30:00,gyalshing,Gyalshing,27.2833,88.2667,0.62,,44.96,0.0225
2023-10-06 19:30:00,lachen,Lachen,27.7167,88.5567,0.0,3.042,48.19,0.0187
2023-10-06 19:30:00,mangan,Mangan,27.5167,88.5333,1.73,2.013,45.97,0.0013
2023-10-06 19:30:00,singtam,Singtam,27.2333,88.4833,0.18,2.058,45.91,0.003
2023-10-06 19:40:00,chungthang,Chungthang,27.6167,88.65,0.0,2.094,44.89,0.0075
2023-10-06 19:40:00,dikchu,Dikchu,27.3833,88.6167,0.76,2.058,44.98,0.0275
2023-10-06 19:40:00,gangtok,Gangtok,27.3389,88.6065,1.52,,44.83,0.0048
2023-10-06 19:40:00,gyalshing,Gyalshing,27.2833,88.2667,1.26,,45.08,0.0399
2023-10-06 19:40:00,lachen,Lachen,27.7167,88.5567,0.19,3.047,47.76,0.0182
2023-10-06 19:40:00,mangan,Mangan,27.5167,88.5333,0.81,2.041,45.7,0.0162
2023-10-06 19:40:00,singtam,Singtam,27.2333,88.4833,0.16,2.052,45.7,0.0259
2023-10-06 19:50:00,chungthang,Chungthang,27.6167,88.65,0.7,2.062,44.69,0.0126
2023-10-06 19:50:00,dikchu,Dikchu,27.3833,88.6167,0.06,2.052,44.63,0.0368
2023-10-06 19:50:00,gangtok,Gangtok,27.3389,88.6065,0.4,,45.17,0.0234
2023-10-06 19:50:00,gyalshing,Gyalshing,27.2833,88.2667,3.0,,45.29,0.0021
2023-10-06 19:50:00,lachen,Lachen,27.7167,88.5567,0.3,3.044,47.66,0.002
2023-10-06 19:50:00,mangan,Mangan,27.5167,88.5333,0.41,2.016,45.98,0.0078
2023-10-06 19:50:00,singtam,Singtam,27.2333,88.4833,0.68,2.061,45.77,0.0103
2023-10-06 20:00:00,chungthang,Chungthang,27.6167,88.65,0.0,2.041,44.85,0.0126
2023-10-06 20:00:00,dikchu,Dikchu,27.3833,88.6167,0.0,2.062,44.79,0.0139
2023-10-06 20:00:00,gangtok,Gangtok,27.3389,88.6065,0.4,,45.04,0.01
2023-10-06 20:00:00,gyalshing,Gyalshing,27.2833,88.2667,0.06,,45.28,0.0149
2023-10-06 20:00:00,lachen,Lachen,27.7167,88.5567,1.32,3.054,47.5,0.0277
2023-10-06 20:00:00,mangan,Mangan,27.5167,88.5333,0.0,2.009,45.87,0.023
2023-10-06 20:00:00,singtam,Singtam,27.2333,88.4833,0.04,2.09,45.76,0.0196
2023-10-06 20:10:00,chungthang,Chungthang,27.6167,88.65,1.16,2.03,44.84,0.0245
2023-10-06 20:10:00,dikchu,Dikchu,27.3833,88.6167,0.0,2.054,44.89,0.0023
2023-10-06 20:10:00,gangtok,Gangtok,27.3389,88.6065,0.0,,44.58,0.0198
2023-10-06 20:10:00,gyalshing,Gyalshing,27.2833,88.2667,0.04,,44.73,0.0216
2023-10-06 20:10:00,lachen,Lachen,27.7167,88.5567,0.01,3.101,46.98,0.0046
2023-10-06 20:10:00,mangan,Mangan,27.5167,88.5333,0.0,2.063,46.29,0.0106
2023-10-06 20:10:00,singtam,Singtam,27.2333,88.4833,0.56,2.081,45.9,0.0167
2023-10-06 20:20:00,chungthang,Chungthang,27.6167,88.65,0.9,2.039,44.97,0.0127
2023-10-06 20:20:00,dikchu,Dikchu,27.3833,88.6167,0.0,2.133,45.17,0.0209
2023-10-06 20:20:00,gangtok,Gangtok,27.3389,88.6065,0.77,,44.72,0.0132
2023-10-06 20:20:00,gyalshing,Gyalshing,27.2833,88.2667,0.89,,45.04,0.0436
2023-10-06 20:20:00,lachen,Lachen,27.7167,88.5567,1.43,3.061,47.21,0.0126
2023-10-06 20:20:00,mangan,Mangan,27.5167,88.5333,2.91,2.076,45.75,0.0226
2023-10-06 20:20:00,singtam,Singtam,27.2333,88.4833,0.0,2.093,45.85,0.0075
2023-10-06 20:30:00,chungthang,Chungthang,27.6167,88.65,0.01,2.064,44.86,0.0205
2023-10-06 20:30:00,dikchu,Dikchu,27.3833,88.6167,1.31,2.094,45.1,0.0016
2023-10-06 20:30:00,gangtok,Gangtok,27.3389,88.6065,0.0,,44.83,0.0273
2023-10-06 20:30:00,gyalshing,Gyalshing,27.2833,88.2667,0.01,,45.16,0.0058
2023-10-06 20:30:00,lachen,Lachen,27.7167,88.5567,0.04,2.984,47.11,0.0056
2023-10-06 20:30:00,mangan,Mangan,27.5167,88.5333,0.01,2.071,45.78,0.0066
2023-10-06 20:30:00,singtam,Singtam,27.2333,88.4833,0.81,2.056,46.2,0.035
2023-10-06 20:40:00,chungthang,Chungthang,27.6167,88.65,0.06,2.023,44.56,0.0036
2023-10-06 20:40:00,dikchu,Dikchu,27.3833,88.6167,3.9,2.037,44.79,0.0119
2023-10-06 20:40:00,gangtok,Gangtok,27.3389,88.6065,1.63,,45.06,0.0031
2023-10-06 20:40:00,gyalshing,Gyalshing,27.2833,88.2667,0.04,,45.15,0.0424
2023-10-06 20:40:00,lachen,Lachen,27.7167,88.5567,0.02,3.044,47.27,0.0049
2023-10-06 20:40:00,mangan,Mangan,27.5167,88.5333,0.0,2.076,46.13,0.0079
2023-10-06 20:40:00,singtam,Singtam,27.2333,88.4833,0.3,2.112,46.39,0.044
2023-10-06 20:50:00,chungthang,Chungthang,27.6167,88.65,0.18,2.069,45.0,0.0475
2023-10-06 20:50:00,dikchu,Dikchu,27.3833,88.6167,0.26,2.127,44.22,0.0156
2023-10-06 20:50:00,gangtok,Gangtok,27.3389,88.6065,0.68,,45.36,0.0213
2023-10-06 20:50:00,gyalshing,Gyalshing,27.2833,88.2667,0.0,,44.67,0.0037
2023-10-06 20:50:00,lachen,Lachen,27.7167,88.5567,3.44,3.065,47.83,0.0147
2023-10-06 20:50:00,mangan,Mangan,27.5167,88.5333,0.29,2.057,45.89,0.0356
2023-10-06 20:50:00,singtam,Singtam,27.2333,88.4833,0.0,2.087,46.36,0.0208
2023-10-06 21:00:00,chungthang,Chungthang,27.6167,88.65,0.0,2.11,45.39,0.0115
2023-10-06 21:00:00,dikchu,Dikchu,27.3833,88.6167,3.12,2.052,44.96,0.0112
2023-10-06 21:00:00,gangtok,Gangtok,27.3389,88.6065,0.99,,45.11,0.0045
2023-10-06 21:00:00,gyalshing,Gyalshing,27.2833,88.2667,0.03,,44.61,0.0001
2023-10-06 21:00:00,lachen,Lachen,27.7167,88.5567,0.01,3.066,47.7,0.014
2023-10-06 21:00:00,mangan,Mangan,27.5167,88.5333,0.0,2.048,45.84,0.0064
2023-10-06 21:00:00,singtam,Singtam,27.2333,88.4833,4.56,2.069,46.69,0.0119
2023-10-06 21:10:00,chungthang,Chungthang,27.6167,88.65,0.47,2.044,45.61,0.0192
2023-10-06 21:10:00,dikchu,Dikchu,27.3833,88.6167,0.01,2.065,45.07,0.0084
2023-10-06 21:10:00,gangtok,Gangtok,27.3389,88.6065,0.06,,44.91,0.0088
2023-10-06 21:10:00,gyalshing,Gyalshing,27.2833,88.2667,6.04,,44.5,0.0085
2023-10-06 21:10:00,lachen,Lachen,27.7167,88.5567,0.0,3.017,47.56,0.0569
2023-10-06 21:10:00,mangan,Mangan,27.5167,88.5333,1.64,2.023,45.74,0.0045
2023-10-06 21:10:00,singtam,Singtam,27.2333,88.4833,0.01,2.083,46.26,0.0103
2023-10-06 21:20:00,chungthang,Chungthang,27.6167,88.65,1.16,2.005,45.51,0.0025
2023-10-06 21:20:00,dikchu,Dikchu,27.3833,88.6167,0.45,2.091,45.12,0.0001
2023-10-06 21:20:00,gangtok,Gangtok,27.3389,88.6065,0.0,,44.83,0.0022
2023-10-06 21:20:00,gyalshing,Gyalshing,27.2833,88.2667,0.02,,44.22,0.0101
2023-10-06 21:20:00,lachen,Lachen,27.7167,88.5567,0.1,3.064,47.55,0.0075
2023-10-06 21:20:00,mangan,Mangan,27.5167,88.5333,0.0,2.042,45.55,0.0245
2023-10-06 21:20:00,singtam,Singtam,27.2333,88.4833,0.16,2.044,46.23,0.0234
2023-10-06 21:30:00,chungthang,Chungthang,27.6167,88.65,0.13,2.004,45.43,0.0024
2023-10-06 21:30:00,dikchu,Dikchu,27.3833,88.6167,0.0,2.004,45.2,0.0243
2023-10-06 21:30:00,gangtok,Gangtok,27.3389,88.6065,0.1,,45.06,0.0021
2023-10-06 21:30:00,gyalshing,Gyalshing,27.2833,88.2667,3.65,,44.26,0.0082
2023-10-06 21:30:00,lachen,Lachen,27.7167,88.5567,0.01,3.057,47.76,0.0014
2023-10-06 21:30:00,mangan,Mangan,27.5167,88.5333,0.09,2.015,45.6,0.0101
2023-10-06 21:30:00,singtam,Singtam,27.2333,88.4833,0.04,2.001,46.24,0.0433
2023-10-06 21:40:00,chungthang,Chungthang,27.6167,88.65,0.12,2.067,45.77,0.0603
2023-10-06 21:40:00,dikchu,Dikchu,27.3833,88.6167,1.03,2.056,44.87,0.0198
2023-10-06 21:40:00,gangtok,Gangtok,27.3389,88.6065,0.0,,44.54,0.0013
2023-10-06 21:40:00,gyalshing,Gyalshing,27.2833,88.2667,0.21,,44.12,0.0202
2023-10-06 21:40:00,lachen,Lachen,27.7167,88.5567,0.02,3.106,47.58,0.0089
2023-10-06 21:40:00,mangan,Mangan,27.5167,88.5333,3.23,2.028,45.29,0.0053
2023-10-06 21:40:00,singtam,Singtam,27.2333,88.4833,0.0,2.045,46.38,0.0017
2023-10-06 21:50:00,chungthang,Chungthang,27.6167,88.65,0.0,2.042,45.68,0.0078
2023-10-06 21:50:00,dikchu,Dikchu,27.3833,88.6167,0.22,2.045,44.65,0.013
2023-10-06 21:50:00,gangtok,Gangtok,27.3389,88.6065,0.08,,44.6,0.0035
2023-10-06 21:50:00,gyalshing,Gyalshing,27.2833,88.2667,0.07,,44.03,0.0131
2023-10-06 21:50:00,lachen,Lachen,27.7167,88.5567,0.0,3.006,47.39,0.0098
2023-10-06 21:50:00,mangan,Mangan,27.5167,88.5333,0.0,2.056,45.26,0.0045
2023-10-06 21:50:00,singtam,Singtam,27.2333,88.4833,0.41,2.085,45.95,0.0097
2023-10-06 22:00:00,chungthang,Chungthang,27.6167,88.65,0.01,2.069,45.51,0.0068
2023-10-06 22:00:00,dikchu,Dikchu,27.3833,88.6167,3.09,2.068,45.13,0.0186
2023-10-06 22:00:00,gangtok,Gangtok,27.3389,88.6065,2.36,,44.88,0.0208
2023-10-06 22:00:00,gyalshing,Gyalshing,27.2833,88.2667,0.06,,44.25,0.0382
2023-10-06 22:00:00,lachen,Lachen,27.7167,88.5567,1.14,3.012,47.63,0.0309
2023-10-06 22:00:00,mangan,Mangan,27.5167,88.5333,0.07,2.049,45.39,0.0232
2023-10-06 22:00:00,singtam,Singtam,27.2333,88.4833,0.0,2.065,45.89,0.0385
2023-10-06 22:10:00,chungthang,Chungthang,27.6167,88.65,0.0,2.026,45.97,0.0093
2023-10-06 22:10:00,dikchu,Dikchu,27.3833,88.6167,0.01,2.072,45.31,0.0192
2023-10-06 22:10:00,gangtok,Gangtok,27.3389,88.6065,0.28,,45.12,0.0021
2023-10-06 22:10:00,gyalshing,Gyalshing,27.2833,88.2667,0.12,,44.33,0.0166
2023-10-06 22:10:00,lachen,Lachen,27.7167,88.5567,0.03,3.018,47.68,0.0135
2023-10-06 22:10:00,mangan,Mangan,27.5167,88.5333,0.16,2.144,45.34,0.0027
2023-10-06 22:10:00,singtam,Singtam,27.2333,88.4833,0.18,2.058,45.99,0.0267
2023-10-06 22:20:00,chungthang,Chungthang,27.6167,88.65,1.17,2.067,45.95,0.0192
2023-10-06 22:20:00,dikchu,Dikchu,27.3833,88.6167,1.22,2.058,45.14,0.015
2023-10-06 22:20:00,gangtok,Gangtok,27.3389,88.6065,0.0,,45.31,0.0351
2023-10-06 22:20:00,gyalshing,Gyalshing,27.2833,88.2667,0.21,,44.23,0.0078
2023-10-06 22:20:00,lachen,Lachen,27.7167,88.5567,0.02,3.012,47.13,0.0095
2023-10-06 22:20:00,mangan,Mangan,27.5167,88.5333,2.99,2.011,45.1,0.0166
2023-10-06 22:20:00,singtam,Singtam,27.2333,88.4833,0.07,2.036,46.11,0.0114
2023-10-06 22:30:00,chungthang,Chungthang,27.6167,88.65,1.23,2.037,46.39,0.0042
2023-10-06 22:30:00,dikchu,Dikchu,27.3833,88.6167,0.0,2.056,44.84,0.0088
2023-10-06 22:30:00,gangtok,Gangtok,27.3389,88.6065,1.92,,45.61,0.0115
2023-10-06 22:30:00,gyalshing,Gyalshing,27.2833,88.2667,0.8,,44.11,0.0001
2023-10-06 22:30:00,lachen,Lachen,27.7167,88.5567,0.9,3.0,46.79,0.0317
2023-10-06 22:30:00,mangan,Mangan,27.5167,88.5333,0.46,2.047,45.37,0.0341
2023-10-06 22:30:00,singtam,Singtam,27.2333,88.4833,0.0,2.002,46.38,0.0012
2023-10-06 22:40:00,chungthang,Chungthang,27.6167,88.65,0.25,2.019,46.02,0.0033
2023-10-06 22:40:00,dikchu,Dikchu,27.3833,88.6167,0.78,2.091,44.72,0.0083
2023-10-06 22:40:00,gangtok,Gangtok,27.3389,88.6065,3.92,,44.97,0.0221
2023-10-06 22:40:00,gyalshing,Gyalshing,27.2833,88.2667,0.21,,44.03,0.0105
2023-10-06 22:40:00,lachen,Lachen,27.7167,88.5567,0.08,2.943,47.15,0.0152
2023-10-06 22:40:00,mangan,Mangan,27.5167,88.5333,0.29,2.008,45.55,0.0323
2023-10-06 22:40:00,singtam,Singtam,27.2333,88.4833,0.0,2.103,46.57,0.0202
2023-10-06 22:50:00,chungthang,Chungthang,27.6167,88.65,0.0,2.028,46.13,0.0266
2023-10-06 22:50:00,dikchu,Dikchu,27.3833,88.6167,0.0,2.068,44.66,0.0056
2023-10-06 22:50:00,gangtok,Gangtok,27.3389,88.6065,0.48,,45.4,0.0236
2023-10-06 22:50:00,gyalshing,Gyalshing,27.2833,88.2667,0.0,,44.0,0.0286
2023-10-06 22:50:00,lachen,Lachen,27.7167,88.5567,0.01,3.013,47.22,0.0342
2023-10-06 22:50:00,mangan,Mangan,27.5167,88.5333,3.56,2.038,45.3,0.0457
2023-10-06 22:50:00,singtam,Singtam,27.2333,88.4833,0.02,2.054,46.53,0.0071
2023-10-06 23:00:00,chungthang,Chungthang,27.6167,88.65,0.77,2.004,46.64,0.0041
2023-10-06 23:00:00,dikchu,Dikchu,27.3833,88.6167,0.0,2.059,45.19,0.0082
2023-10-06 23:00:00,gangtok,Gangtok,27.3389,88.6065,0.02,,45.49,0.0489
2023-10-06 23:00:00,gyalshing,Gyalshing,27.2833,88.2667,1.51,,44.2,0.005
2023-10-06 23:00:00,lachen,Lachen,27.7167,88.5567,0.31,3.037,47.0,0.0126
2023-10-06 23:00:00,mangan,Mangan,27.5167,88.5333,0.05,2.039,44.98,0.0157
2023-10-06 23:00:00,singtam,Singtam,27.2333,88.4833,1.34,2.046,46.71,0.019
2023-10-06 23:10:00,chungthang,Chungthang,27.6167,88.65,3.13,2.099,46.63,0.0252
2023-10-06 23:10:00,dikchu,Dikchu,27.3833,88.6167,0.02,2.062,45.15,0.0095
2023-10-06 23:10:00,gangtok,Gangtok,27.3389,88.6065,0.34,,45.81,0.0335
2023-10-06 23:10:00,gyalshing,Gyalshing,27.2833,88.2667,0.07,,43.97,0.0064
2023-10-06 23:10:00,lachen,Lachen,27.7167,88.5567,0.01,3.01,46.93,0.056
2023-10-06 23:10:00,mangan,Mangan,27.5167,88.5333,0.0,2.074,44.74,0.0135
2023-10-06 23:10:00,singtam,Singtam,27.2333,88.4833,0.29,2.039,46.65,0.0005
2023-10-06 23:20:00,chungthang,Chungthang,27.6167,88.65,0.01,2.036,46.54,0.037
2023-10-06 23:20:00,dikchu,Dikchu,27.3833,88.6167,0.91,2.112,44.85,0.0281
2023-10-06 23:20:00,gangtok,Gangtok,27.3389,88.6065,0.87,,45.53,0.0328
2023-10-06 23:20:00,gyalshing,Gyalshing,27.2833,88.2667,0.04,,44.35,0.007
2023-10-06 23:20:00,lachen,Lachen,27.7167,88.5567,1.1,3.083,46.91,0.0073
2023-10-06 23:20:00,mangan,Mangan,27.5167,88.5333,0.03,2.035,44.88,0.0179
2023-10-06 23:20:00,singtam,Singtam,27.2333,88.4833,0.06,2.096,46.67,0.0141
2023-10-06 23:30:00,chungthang,Chungthang,27.6167,88.65,0.01,2.058,46.23,0.0217
2023-10-06 23:30:00,dikchu,Dikchu,27.3833,88.6167,0.5,2.062,44.85,0.0158
2023-10-06 23:30:00,gangtok,Gangtok,27.3389,88.6065,0.27,,45.1,0.024
2023-10-06 23:30:00,gyalshing,Gyalshing,27.2833,88.2667,0.02,,44.51,0.003
2023-10-06 23:30:00,lachen,Lachen,27.7167,88.5567,0.09,3.025,47.07,0.0333
2023-10-06 23:30:00,mangan,Mangan,27.5167,88.5333,0.55,2.042,44.96,0.0135
2023-10-06 23:30:00,singtam,Singtam,27.2333,88.4833,0.0,2.084,46.86,0.0037
2023-10-06 23:40:00,chungthang,Chungthang,27.6167,88.65,0.57,2.022,46.49,0.0302
2023-10-06 23:40:00,dikchu,Dikchu,27.3833,88.6167,1.14,2.041,44.92,0.0206
2023-10-06 23:40:00,gangtok,Gangtok,27.3389,88.6065,0.81,,45.53,0.006
2023-10-06 23:40:00,gyalshing,Gyalshing,27.2833,88.2667,0.0,,43.84,0.0479
2023-10-06 23:40:00,lachen,Lachen,27.7167,88.5567,0.07,3.063,46.7,0.018
2023-10-06 23:40:00,mangan,Mangan,27.5167,88.5333,0.24,2.034,45.16,0.0113
2023-10-06 23:40:00,singtam,Singtam,27.2333,88.4833,0.14,2.028,46.83,0.0139
2023-10-06 23:50:00,chungthang,Chungthang,27.6167,88.65,0.0,2.006,46.27,0.0054
2023-10-06 23:50:00,dikchu,Dikchu,27.3833,88.6167,0.13,1.998,44.61,0.0221
2023-10-06 23:50:00,gangtok,Gangtok,27.3389,88.6065,0.0,,45.28,0.0124
2023-10-06 23:50:00,gyalshing,Gyalshing,27.2833,88.2667,0.15,,43.9,0.0263
2023-10-06 23:50:00,lachen,Lachen,27.7167,88.5567,0.01,3.032,46.47,0.0145
2023-10-06 23:50:00,mangan,Mangan,27.5167,88.5333,0.0,2.005,45.08,0.0024
2023-10-06 23:50:00,singtam,Singtam,27.2333,88.4833,0.0,2.092,46.91,0.0207
