timestamp,probability,composite_z,station_id
2023-10-02 00:00:00,0.11920292202211755,0.0,chungthang
2023-10-02 00:10:00,0.11920292202211755,0.0,chungthang
2023-10-02 00:20:00,0.11920292202211755,0.0,chungthang
2023-10-02 00:30:00,0.11920292202211755,0.0,chungthang
2023-10-02 00:40:00,0.11920292202211755,0.0,chungthang
2023-10-02 00:50:00,0.11920292202211755,0.0,chungthang
2023-10-02 01:00:00,0.11920292202211755,0.0,chungthang
2023-10-02 01:10:00,0.11920292202211755,0.0,chungthang
2023-10-02 01:20:00,0.11920292202211755,0.0,chungthang
2023-10-02 01:30:00,0.11920292202211755,0.0,chungthang
2023-10-02 01:40:00,0.11920292202211755,0.0,chungthang
2023-10-02 01:50:00,0.11920292202211755,0.0,chungthang
2023-10-02 02:00:00,0.11920292202211755,0.0,chungthang
2023-10-02 02:10:00,0.15393955191650138,0.36996149580717996,chungthang
2023-10-02 02:20:00,0.14508243701904175,0.2828713316395103,chungthang
2023-10-02 02:30:00,0.11920292202211755,0.0,chungthang
2023-10-02 02:40:00,0.15344801689040857,0.3652378104277351,chungthang
2023-10-02 02:50:00,0.15267012813564643,0.35773686328279786,chungthang
2023-10-02 03:00:00,0.15624354679337918,0.39194012104858966,chungthang
2023-10-02 03:10:00,0.19594572047553077,0.735213632225917,chungthang
2023-10-02 03:20:00,0.16663304610682905,0.4879,chungthang
2023-10-02 03:30:00,0.15410379299406837,0.37153711318297333,chungthang
2023-10-02 03:40:00,0.13883512441020054,0.2187513681730811,chungthang
2023-10-02 03:50:00,0.1681581907474742,0.501578572904489,chungthang
2023-10-02 04:00:00,0.1999148103666112,0.7664663982488541,chungthang
2023-10-02 04:10:00,0.12341164810351818,0.04936,chungthang
2023-10-02 04:20:00,0.14120641365711523,0.2433676858914628,chungthang
2023-10-02 04:30:00,0.1874153544706235,0.6663840159567875,chungthang
2023-10-02 04:40:00,0.11920292202211755,0.0,chungthang
2023-10-02 04:50:00,0.2235465138237312,0.9436034613079671,chungthang
2023-10-02 05:00:00,0.1342189065133841,0.1698,chungthang
2023-10-02 05:10:00,0.18020500257055816,0.6063010001678601,chungthang
2023-10-02 05:20:00,0.12317514257806916,0.046625,chungthang
2023-10-02 05:30:00,0.148119067877492,0.3132121212121212,chungthang
2023-10-02 05:40:00,0.1340516605988781,0.16799999999999998,chungthang
2023-10-02 05:50:00,0.11920292202211755,0.0,chungthang
2023-10-02 06:00:00,0.15396201179649216,0.37017704178230965,chungthang
2023-10-02 06:10:00,0.14697011835166038,0.30179338934640193,chungthang
2023-10-02 06:20:00,0.11920292202211755,0.0,chungthang
2023-10-02 06:30:00,0.11920292202211755,0.0,chungthang
2023-10-02 06:40:00,0.14487994266772328,0.28082942605125116,chungthang
2023-10-02 06:50:00,0.22698617594457215,0.968240230793347,chungthang
2023-10-02 07:00:00,0.12619990935272196,0.08126951445956808,chungthang
2023-10-02 07:10:00,0.1338229016314164,0.16553488372093025,chungthang
2023-10-02 07:20:00,0.17060735842945443,0.5233388637398579,chungthang
2023-10-02 07:30:00,0.23507897525102672,1.0251861621373382,chungthang
2023-10-02 07:40:00,0.17417803673007548,0.5546234578093571,chungthang
2023-10-02 07:50:00,0.11920292202211755,0.0,chungthang
2023-10-02 08:00:00,0.13272673474944652,0.15367284585571314,chungthang
2023-10-02 08:10:00,0.20761723880297994,0.8258145337304881,chungthang
2023-10-02 08:20:00,0.180927697547765,0.6124064113237156,chungthang
2023-10-02 08:30:00,0.14311546003427444,0.2629356670134976,chungthang
2023-10-02 08:40:00,0.25933879712389485,1.1882399990502077,chungthang
2023-10-02 08:50:00,0.11920292202211755,0.0,chungthang
2023-10-02 09:00:00,0.11920292202211755,0.0,chungthang
2023-10-02 09:10:00,0.26281192239452017,1.2107444990648435,chungthang
2023-10-02 09:20:00,0.17251456527472378,0.5401127046577717,chungthang
2023-10-02 09:30:00,0.20350514774830702,0.7943382928185075,chungthang
2023-10-02 09:40:00,0.11920292202211755,0.0,chungthang
2023-10-02 09:50:00,0.1444243324325221,0.2762264770472001,chungthang
2023-10-02 10:00:00,0.11920292202211755,0.0,chungthang
2023-10-02 10:10:00,0.27823160358887683,1.308436958058987,chungthang
2023-10-02 10:20:00,0.11920292202211755,0.0,chungthang
2023-10-02 10:30:00,0.19202094813131187,0.7038354233086734,chungthang
2023-10-02 10:40:00,0.11942029655526516,0.0025859123857902514,chungthang
2023-10-02 10:50:00,0.1659854809340114,0.4820618863989269,chungthang
2023-10-02 11:00:00,0.12648237328536913,0.08446831007561215,chungthang
2023-10-02 11:10:00,0.1502543379576541,0.3342404512684588,chungthang
2023-10-02 11:20:00,0.11920292202211755,0.0,chungthang
2023-10-02 11:30:00,0.17760691524280922,0.5841928511560432,chungthang
2023-10-02 11:40:00,0.1835521576953791,0.634419793076091,chungthang
2023-10-02 11:50:00,0.2746415406161702,1.2860009991442631,chungthang
2023-10-02 12:00:00,0.13945189134183797,0.22518769370538155,chungthang
2023-10-02 12:10:00,0.14737531295866635,0.30582877935859515,chungthang
2023-10-02 12:20:00,0.1478520935934333,0.3105653695249175,chungthang
2023-10-02 12:30:00,0.1705737243929067,0.5230417210334397,chungthang
2023-10-02 12:40:00,0.14532153746913143,0.2852793202416442,chungthang
2023-10-02 12:50:00,0.11920292202211755,0.0,chungthang
2023-10-02 13:00:00,0.20239571102052636,0.785765188236446,chungthang
2023-10-02 13:10:00,0.13508455474502779,0.17908645351975067,chungthang
2023-10-02 13:20:00,0.14113350028308774,0.24261594581081825,chungthang
2023-10-02 13:30:00,0.1583013711139988,0.4113482513823827,chungthang
2023-10-02 13:40:00,0.19785845522320475,0.7503335255006662,chungthang
2023-10-02 13:50:00,0.11920292202211755,0.0,chungthang
2023-10-02 14:00:00,0.16724668346674013,0.4934155116535495,chungthang
2023-10-02 14:10:00,0.14713217568414125,0.3034084443989706,chungthang
2023-10-02 14:20:00,0.14240057919980417,0.255633689300694,chungthang
2023-10-02 14:30:00,0.153826230297562,0.36887356321839077,chungthang
2023-10-02 14:40:00,0.1899008512737717,0.6866818181818182,chungthang
2023-10-02 14:50:00,0.14592457605567588,0.2913379719253455,chungthang
2023-10-02 15:00:00,0.18986252902298692,0.6863704103820013,chungthang
2023-10-02 15:10:00,0.18385367563249752,0.6369331776788819,chungthang
2023-10-02 15:20:00,0.1256868095160812,0.07544315110026202,chungthang
2023-10-02 15:30:00,0.20540513823599094,0.8089399200250518,chungthang
2023-10-02 15:40:00,0.14066660008078008,0.2377944746148388,chungthang
2023-10-02 15:50:00,0.20322996838697813,0.7922151155170335,chungthang
2023-10-02 16:00:00,0.1649384124498274,0.47258333333333336,chungthang
2023-10-02 16:10:00,0.1381580237511645,0.21165774754475858,chungthang
2023-10-02 16:20:00,0.1214030635661409,0.02598733618723556,chungthang
2023-10-02 16:30:00,0.13999100787730537,0.23079418243646804,chungthang
2023-10-02 16:40:00,0.13132479908105385,0.13838042923939697,chungthang
2023-10-02 16:50:00,0.1240993270507318,0.05728696511918209,chungthang
2023-10-02 17:00:00,0.1357559884056145,0.1862549019607843,chungthang
2023-10-02 17:10:00,0.23538440780635772,1.0273084274330264,chungthang
2023-10-02 17:20:00,0.20679371795408424,0.8195480603552547,chungthang
2023-10-02 17:30:00,0.1261114658582933,0.08026666666666667,chungthang
2023-10-02 17:40:00,0.16083301298995065,0.434946153340256,chungthang
2023-10-02 17:50:00,0.11920292202211755,0.0,chungthang
2023-10-02 18:00:00,0.11920292202211755,0.0,chungthang
2023-10-02 18:10:00,0.1737115339506207,0.5505651594271853,chungthang
2023-10-02 18:20:00,0.17242029265938716,0.5392870405762537,chungthang
2023-10-02 18:30:00,0.11920292202211755,0.0,chungthang
2023-10-02 18:40:00,0.12488023679898286,0.0662430289955078,chungthang
2023-10-02 18:50:00,0.1263138134095035,0.08256017033744588,chungthang
2023-10-02 19:00:00,0.2902993029082437,1.3825864274778115,chungthang
2023-10-02 19:10:00,0.13553744838787246,0.1839249847380707,chungthang
2023-10-02 19:20:00,0.13286959719314376,0.1552235032669505,chungthang
2023-10-02 19:30:00,0.16903410374136965,0.5093896715470068,chungthang
2023-10-02 19:40:00,0.12109884714733185,0.02241836675519293,chungthang
2023-10-02 19:50:00,0.24277753225897514,1.0781105348402582,chungthang
2023-10-02 20:00:00,0.1308389475458897,0.1330483999143349,chungthang
2023-10-02 20:10:00,0.17060614774827765,0.5233281686831776,chungthang
2023-10-02 20:20:00,0.13807632295831476,0.21079984019979314,chungthang
2023-10-02 20:30:00,0.12671382953285373,0.08708491227741481,chungthang
2023-10-02 20:40:00,0.13484040828546623,0.17647241160094213,chungthang
2023-10-02 20:50:00,0.15215318651427018,0.3527348054579038,chungthang
2023-10-02 21:00:00,0.11920292202211755,0.0,chungthang
2023-10-02 21:10:00,0.18677808271565077,0.6611464442561437,chungthang
2023-10-02 21:20:00,0.1281115671303613,0.1028000384004789,chungthang
2023-10-02 21:30:00,0.1471993407521173,0.3040773765600552,chungthang
2023-10-02 21:40:00,0.1385398522990872,0.21566153846153843,chungthang
2023-10-02 21:50:00,0.1367364361717392,0.1966690008468463,chungthang
2023-10-02 22:00:00,0.1775052412721219,0.5833225331515772,chungthang
2023-10-02 22:10:00,0.11920292202211755,0.0,chungthang
2023-10-02 22:20:00,0.14970046185320263,0.32880961423245275,chungthang
2023-10-02 22:30:00,0.12742210773966453,0.09506666666666667,chungthang
2023-10-02 22:40:00,0.1902697768410684,0.6896772610446102,chungthang
2023-10-02 22:50:00,0.14257194006824256,0.25738679313166485,chungthang
2023-10-02 23:00:00,0.12660537020154553,0.08585929380981204,chungthang
2023-10-02 23:10:00,0.1738158400646588,0.5514733071294259,chungthang
2023-10-02 23:20:00,0.1272873619035415,0.09355110863796318,chungthang
2023-10-02 23:30:00,0.11920292202211755,0.0,chungthang
2023-10-02 23:40:00,0.1981710649297541,0.7527941684825247,chungthang
2023-10-02 23:50:00,0.1360541772877039,0.18942888397062488,chungthang
2023-10-03 00:00:00,0.15554128290274882,0.3852691633356048,chungthang
2023-10-03 00:10:00,0.16886951406616832,0.50792438158153,chungthang
2023-10-03 00:20:00,0.125697785144795,0.07556799474863701,chungthang
2023-10-03 00:30:00,0.154160763982084,0.3720833333333333,chungthang
2023-10-03 00:40:00,0.16203928981351917,0.44608452671993587,chungthang
2023-10-03 00:50:00,0.1344902428408129,0.17271625560859888,chungthang
2023-10-03 01:00:00,0.13779676749175762,0.20786111111111114,chungthang
2023-10-03 01:10:00,0.1275576665408223,0.09658998813328758,chungthang
2023-10-03 01:20:00,0.13379806511978667,0.16526703008313673,chungthang
2023-10-03 01:30:00,0.13628080155614725,0.1918372003536099,chungthang
2023-10-03 01:40:00,0.3442089740427913,1.694258469264208,chungthang
2023-10-03 01:50:00,0.12660553096221439,0.08586111111111112,chungthang
2023-10-03 02:00:00,0.16488285997376348,0.4720790996914371,chungthang
2023-10-03 02:10:00,0.1379150104965528,0.20910470993967564,chungthang
2023-10-03 02:20:00,0.12047803214051295,0.015111111111111119,chungthang
2023-10-03 02:30:00,0.21173866344883746,0.8569038930275987,chungthang
2023-10-03 02:40:00,0.12291511761025112,0.043612801884414486,chungthang
2023-10-03 02:50:00,0.11920292202211755,0.0,chungthang
2023-10-03 03:00:00,0.12769499827690242,0.09813182392406036,chungthang
2023-10-03 03:10:00,0.12088033717482728,0.019850104617314707,chungthang
2023-10-03 03:20:00,0.2051931822397334,0.8073159989927027,chungthang
2023-10-03 03:30:00,0.13080804181546712,0.1327086531711745,chungthang
2023-10-03 03:40:00,0.14553257721424584,0.28740197800090544,chungthang
2023-10-03 03:50:00,0.11920292202211755,0.0,chungthang
2023-10-03 04:00:00,0.1461717512879211,0.2938153116991551,chungthang
2023-10-03 04:10:00,0.16363344773356014,0.4607023436036089,chungthang
2023-10-03 04:20:00,0.16894179169471363,0.50856798656813,chungthang
2023-10-03 04:30:00,0.15227257649468953,0.3538912896263191,chungthang
2023-10-03 04:40:00,0.11920292202211755,0.0,chungthang
2023-10-03 04:50:00,0.14781314229615575,0.31017888085502315,chungthang
2023-10-03 05:00:00,0.3450941416742306,1.6991571958343177,chungthang
2023-10-03 05:10:00,0.15547024356302266,0.38459297798686565,chungthang
2023-10-03 05:20:00,0.12726283106755437,0.09327504986127345,chungthang
2023-10-03 05:30:00,0.1197242419542556,0.006194868563127987,chungthang
2023-10-03 05:40:00,0.14352371651099835,0.26709208255873806,chungthang
2023-10-03 05:50:00,0.17939560294795653,0.5994403765332669,chungthang
2023-10-03 06:00:00,0.1362516668840501,0.19152777777777774,chungthang
2023-10-03 06:10:00,0.12497802143154291,0.06736111111111112,chungthang
2023-10-03 06:20:00,0.19493610344615617,0.7271877267024649,chungthang
2023-10-03 06:30:00,0.18360289651509992,0.6348429640878384,chungthang
2023-10-03 06:40:00,0.17862286291945834,0.5928678813363084,chungthang
2023-10-03 06:50:00,0.2035342039785132,0.7945623546219996,chungthang
2023-10-03 07:00:00,0.1491492956785449,0.3233888888888889,chungthang
2023-10-03 07:10:00,0.19270541996887552,0.7093425860063942,chungthang
2023-10-03 07:20:00,0.22345620724222404,0.9429530193475845,chungthang
2023-10-03 07:30:00,0.16631385387567232,0.48502460164770256,chungthang
2023-10-03 07:40:00,0.16319996284930038,0.4567388464801012,chungthang
2023-10-03 07:50:00,0.22085844693933251,0.9241615551331754,chungthang
2023-10-03 08:00:00,0.29159294630896526,1.390424933944153,chungthang
2023-10-03 08:10:00,0.38273847347460965,1.9025738962641394,chungthang
2023-10-03 08:20:00,0.189670122157794,0.6848061783688253,chungthang
2023-10-03 08:30:00,0.2105168073662401,0.8477336875713966,chungthang
2023-10-03 08:40:00,0.19243188256469912,0.7071435335036388,chungthang
2023-10-03 08:50:00,0.24143013135748245,1.068931514137308,chungthang
2023-10-03 09:00:00,0.28660090579123226,1.3600620907738417,chungthang
2023-10-03 09:10:00,0.20077637238564955,0.7731886531409045,chungthang
2023-10-03 09:20:00,0.38470456503344164,1.912966427055909,chungthang
2023-10-03 09:30:00,0.2695582883283106,1.2539190181884234,chungthang
2023-10-03 09:40:00,0.3427265995295113,1.6860412210267277,chungthang
2023-10-03 09:50:00,0.29261730347074894,1.3966172599653666,chungthang
2023-10-03 10:00:00,0.30918437539462845,1.4950810236614223,chungthang
2023-10-03 10:10:00,0.29918754633585215,1.436037889901545,chungthang
2023-10-03 10:20:00,0.32854357701900105,1.6065254560709055,chungthang
2023-10-03 10:30:00,0.36830011161849796,1.825604631632286,chungthang
2023-10-03 10:40:00,0.2750104984089585,1.28831512348089,chungthang
2023-10-03 10:50:00,0.26752173874749374,1.2409589580000566,chungthang
2023-10-03 11:00:00,0.261123446277521,1.1998280097310698,chungthang
2023-10-03 11:10:00,0.26279940582616923,1.2106637423622955,chungthang
2023-10-03 11:20:00,0.39904067750302197,1.9881701388891122,chungthang
2023-10-03 11:30:00,0.2698544814790375,1.2557987518838645,chungthang
2023-10-03 11:40:00,0.3752653873571724,1.8628831693747805,chungthang
2023-10-03 11:50:00,0.2653244216749937,1.2269053727782737,chungthang
2023-10-03 12:00:00,0.29374360387915827,1.4034111903987292,chungthang
2023-10-03 12:10:00,0.286285596301826,1.358133766912693,chungthang
2023-10-03 12:20:00,0.32654863259940964,1.5952038805503868,chungthang
2023-10-03 12:30:00,0.2957163144563669,1.4152742003132655,chungthang
2023-10-03 12:40:00,0.2863499157210692,1.3585272254338148,chungthang
2023-10-03 12:50:00,0.26087425845524786,1.1982130818125385,chungthang
2023-10-03 13:00:00,0.4779236493352782,2.3895464343514456,chungthang
2023-10-03 13:10:00,0.3702095640128407,1.8358526397079475,chungthang
2023-10-03 13:20:00,0.2639423139807105,1.2180275977751458,chungthang
2023-10-03 13:30:00,0.2601818504447555,1.193720498956924,chungthang
2023-10-03 13:40:00,0.30644601522577436,1.4790156577043003,chungthang
2023-10-03 13:50:00,0.34295517138519516,1.6873093681340245,chungthang
2023-10-03 14:00:00,0.31236231125357167,1.5136271050808874,chungthang
2023-10-03 14:10:00,0.30107814861100113,1.4472886569900787,chungthang
2023-10-03 14:20:00,0.37605713540322394,1.86710285834292,chungthang
2023-10-03 14:30:00,0.2795628974909738,1.3167114854984394,chungthang
2023-10-03 14:40:00,0.2993966060610486,1.4372839762953151,chungthang
2023-10-03 14:50:00,0.28719863680709984,1.3637141275833708,chungthang
2023-10-03 15:00:00,0.25000119997722803,1.1267426390002504,chungthang
2023-10-03 15:10:00,0.4112631895731405,2.0515676638349727,chungthang
2023-10-03 15:20:00,0.2973075473883666,1.4248097481700608,chungthang
2023-10-03 15:30:00,0.24404426090223477,1.0867084721054683,chungthang
2023-10-03 15:40:00,0.2709517631554042,1.262751138711675,chungthang
2023-10-03 15:50:00,0.2782045136086808,1.3082683309582976,chungthang
2023-10-03 16:00:00,0.2396792146478681,1.0569512417965672,chungthang
2023-10-03 16:10:00,0.3659705721986591,1.8130719461119114,chungthang
2023-10-03 16:20:00,0.23619063150158776,1.0329012490037106,chungthang
2023-10-03 16:30:00,0.24118928494721673,1.0672871011518095,chungthang
2023-10-03 16:40:00,0.32788321191071956,1.6027817081360645,chungthang
2023-10-03 16:50:00,0.23145994669130016,0.9998927020878163,chungthang
2023-10-03 17:00:00,0.2595778398984082,1.1897951356789032,chungthang
2023-10-03 17:10:00,0.27599176863704855,1.2944603498583398,chungthang
2023-10-03 17:20:00,0.26052137273024206,1.1959244034005465,chungthang
2023-10-03 17:30:00,0.3396450547883589,1.6689045369598459,chungthang
2023-10-03 17:40:00,0.22215035074216394,0.9335264445160596,chungthang
2023-10-03 17:50:00,0.22092612090301833,0.924653089149816,chungthang
2023-10-03 18:00:00,0.28445611227697737,1.346920054209697,chungthang
2023-10-03 18:10:00,0.22191794991800817,0.9318446714292478,chungthang
2023-10-03 18:20:00,0.30923034374450337,1.4953500355067257,chungthang
2023-10-03 18:30:00,0.21543625354314028,0.8844215403175902,chungthang
2023-10-03 18:40:00,0.215154440512066,0.8823364241198469,chungthang
2023-10-03 18:50:00,0.21004229068722735,0.8441618539432584,chungthang
2023-10-03 19:00:00,0.2316055607293799,1.000915701705072,chungthang
2023-10-03 19:10:00,0.20885529895263355,0.8352009716421916,chungthang
2023-10-03 19:20:00,0.26533756882197956,1.2269896794273523,chungthang
2023-10-03 19:30:00,0.21622123939667948,0.8902191906738708,chungthang
2023-10-03 19:40:00,0.3650208319256803,1.807952791938062,chungthang
2023-10-03 19:50:00,0.1983704065456496,0.7543617194223827,chungthang
2023-10-03 20:00:00,0.2110941348785248,0.8520714577774133,chungthang
2023-10-03 20:10:00,0.25921267023279265,1.18741908201835,chungthang
2023-10-03 20:20:00,0.24855761186494382,1.117100141747048,chungthang
2023-10-03 20:30:00,0.19097511489554192,0.6953918176762898,chungthang
2023-10-03 20:40:00,0.25423061545646597,1.154781716940265,chungthang
2023-10-03 20:50:00,0.20361477909485068,0.7951835703441787,chungthang
2023-10-03 21:00:00,0.19420699456369214,0.721372100103056,chungthang
2023-10-03 21:10:00,0.19612971828391038,0.7366729416064459,chungthang
2023-10-03 21:20:00,0.21708037889506396,0.8965470736592417,chungthang
2023-10-03 21:30:00,0.17971006007185109,0.6021086397186782,chungthang
2023-10-03 21:40:00,0.22046910288536195,0.9213315466171887,chungthang
2023-10-03 21:50:00,0.3165804571374468,1.5380856030627699,chungthang
2023-10-03 22:00:00,0.22187168335120094,0.9315097122972316,chungthang
2023-10-03 22:10:00,0.17480742625101767,0.5600852059633576,chungthang
2023-10-03 22:20:00,0.23048658830864593,0.9930428666328818,chungthang
2023-10-03 22:30:00,0.24633543379143835,1.1021834531460386,chungthang
2023-10-03 22:40:00,0.17323082063909562,0.5463742230825392,chungthang
2023-10-03 22:50:00,0.2142748094841489,0.8758153084485358,chungthang
2023-10-03 23:00:00,0.2870570624711957,1.362849542803762,chungthang
2023-10-03 23:10:00,0.16897837606902646,0.5088936729846572,chungthang
2023-10-03 23:20:00,0.18207913632405087,0.6220947741114142,chungthang
2023-10-03 23:30:00,0.1571385227447363,0.40040637935715906,chungthang
2023-10-03 23:40:00,0.21795220569832105,0.9029499276575366,chungthang
2023-10-03 23:50:00,0.2907591155954732,1.3853749021867474,chungthang
2023-10-04 00:00:00,0.1517349268296481,0.34867740351118853,chungthang
2023-10-04 00:10:00,0.1533339726564136,0.36414006758312645,chungthang
2023-10-04 00:20:00,0.5701651422984798,2.853156198917108,chungthang
2023-10-04 00:30:00,0.20322091469577777,0.7921452243718409,chungthang
2023-10-04 00:40:00,0.14570725165453857,0.28915693924263663,chungthang
2023-10-04 00:50:00,0.3271393104933862,1.5985597464717705,chungthang
2023-10-04 01:00:00,0.1445765419383047,0.27776556298567984,chungthang
2023-10-04 01:10:00,0.31876468620719567,1.5506817272212636,chungthang
2023-10-04 01:20:00,0.1371248215008234,0.20077696622413968,chungthang
2023-10-04 01:30:00,0.1587437606196026,0.41549379511058204,chungthang
2023-10-04 01:40:00,0.4192578672829002,2.092724176083892,chungthang
2023-10-04 01:50:00,0.33397965644753375,1.6371998329168937,chungthang
2023-10-04 02:00:00,0.5055621122152032,2.527811708331726,chungthang
2023-10-04 02:10:00,0.6083427753284757,3.050439334897513,chungthang
2023-10-04 02:20:00,0.4311402241763698,2.1534992740365446,chungthang
2023-10-04 02:30:00,0.30694589470527645,1.4819542789370637,chungthang
2023-10-04 02:40:00,0.34388439985346575,1.6924607010057353,chungthang
2023-10-04 02:50:00,0.9997101428218933,12.68229043298571,chungthang
2023-10-04 03:00:00,0.961391274093877,6.5186289606275905,chungthang
2023-10-04 03:10:00,0.7825408031139721,4.100668541504844,chungthang
2023-10-04 03:20:00,0.717298691161547,3.6638768049867925,chungthang
2023-10-04 03:30:00,0.19630382673839655,0.7380528645297513,chungthang
2023-10-04 03:40:00,0.11920292202211755,0.0,chungthang
2023-10-04 03:50:00,0.11920292202211755,0.0,chungthang
2023-10-04 04:00:00,0.11920292202211755,0.0,chungthang
2023-10-04 04:10:00,0.11920292202211755,0.0,chungthang
2023-10-04 04:20:00,0.12113285283447175,0.022817694013718085,chungthang
2023-10-04 04:30:00,0.11920292202211755,0.0,chungthang
2023-10-04 04:40:00,0.11920292202211755,0.0,chungthang
2023-10-04 04:50:00,0.11920292202211755,0.0,chungthang
2023-10-04 05:00:00,0.11920292202211755,0.0,chungthang
2023-10-04 05:10:00,0.11920292202211755,0.0,chungthang
2023-10-04 05:20:00,0.11920292202211755,0.0,chungthang
2023-10-04 05:30:00,0.11920292202211755,0.0,chungthang
2023-10-04 05:40:00,0.11920292202211755,0.0,chungthang
2023-10-04 05:50:00,0.11920292202211755,0.0,chungthang
2023-10-04 06:00:00,0.11920292202211755,0.0,chungthang
2023-10-04 06:10:00,0.11920292202211755,0.0,chungthang
2023-10-04 06:20:00,0.11920292202211755,0.0,chungthang
2023-10-04 06:30:00,0.11920292202211755,0.0,chungthang
2023-10-04 06:40:00,0.11920292202211755,0.0,chungthang
2023-10-04 06:50:00,0.11920292202211755,0.0,chungthang
2023-10-04 07:00:00,0.11920292202211755,0.0,chungthang
2023-10-04 07:10:00,0.11920292202211755,0.0,chungthang
2023-10-04 07:20:00,0.11920292202211755,0.0,chungthang
2023-10-04 07:30:00,0.11920292202211755,0.0,chungthang
2023-10-04 07:40:00,0.11920292202211755,0.0,chungthang
2023-10-04 07:50:00,0.11920292202211755,0.0,chungthang
2023-10-04 08:00:00,0.11920292202211755,0.0,chungthang
2023-10-04 08:10:00,0.12019696558137855,0.011792148924594207,chungthang
2023-10-04 08:20:00,0.11920292202211755,0.0,chungthang
2023-10-04 08:30:00,0.11920292202211755,0.0,chungthang
2023-10-04 08:40:00,0.11920292202211755,0.0,chungthang
2023-10-04 08:50:00,0.11920292202211755,0.0,chungthang
2023-10-04 09:00:00,0.11970172175900788,0.005927742280867142,chungthang
2023-10-04 09:10:00,0.12021935196457001,0.012056742973556491,chungthang
2023-10-04 09:20:00,0.11920292202211755,0.0,chungthang
2023-10-04 09:30:00,0.121262049578017,0.024333964989894027,chungthang
2023-10-04 09:40:00,0.11920292202211755,0.0,chungthang
2023-10-04 09:50:00,0.11920292202211755,0.0,chungthang
2023-10-04 10:00:00,0.12607675932036203,0.07987296991228875,chungthang
2023-10-04 10:10:00,0.11920292202211755,0.0,chungthang
2023-10-04 10:20:00,0.11920292202211755,0.0,chungthang
2023-10-04 10:30:00,0.11920292202211755,0.0,chungthang
2023-10-04 10:40:00,0.12345258255296492,0.049832917345539414,chungthang
2023-10-04 10:50:00,0.11920292202211755,0.0,chungthang
2023-10-04 11:00:00,0.11920292202211755,0.0,chungthang
2023-10-04 11:10:00,0.11920292202211755,0.0,chungthang
2023-10-04 11:20:00,0.11920292202211755,0.0,chungthang
2023-10-04 11:30:00,0.11920292202211755,0.0,chungthang
2023-10-04 11:40:00,0.1273212429748978,0.09393231595984888,chungthang
2023-10-04 11:50:00,0.11920292202211755,0.0,chungthang
2023-10-04 12:00:00,0.11920292202211755,0.0,chungthang
2023-10-04 12:10:00,0.13259428625561617,0.15223396019661087,chungthang
2023-10-04 12:20:00,0.11920292202211755,0.0,chungthang
2023-10-04 12:30:00,0.11962172771998271,0.004978531176626575,chungthang
2023-10-04 12:40:00,0.11920292202211755,0.0,chungthang
2023-10-04 12:50:00,0.11920292202211755,0.0,chungthang
2023-10-04 13:00:00,0.11920292202211755,0.0,chungthang
2023-10-04 13:10:00,0.11920292202211755,0.0,chungthang
2023-10-04 13:20:00,0.11920292202211755,0.0,chungthang
2023-10-04 13:30:00,0.12108681998478484,0.022277109180176318,chungthang
2023-10-04 13:40:00,0.11920292202211755,0.0,chungthang
2023-10-04 13:50:00,0.11920292202211755,0.0,chungthang
2023-10-04 14:00:00,0.11975440072856035,0.006552532874733378,chungthang
2023-10-04 14:10:00,0.11920292202211755,0.0,chungthang
2023-10-04 14:20:00,0.13129903060486123,0.13809805130795882,chungthang
2023-10-04 14:30:00,0.1231769403806291,0.0466458071863353,chungthang
2023-10-04 14:40:00,0.11920292202211755,0.0,chungthang
2023-10-04 14:50:00,0.12233082480967852,0.03682415566949317,chungthang
2023-10-04 15:00:00,0.11920292202211755,0.0,chungthang
2023-10-04 15:10:00,0.11920292202211755,0.0,chungthang
2023-10-04 15:20:00,0.11947129231514525,0.00319197448735234,chungthang
2023-10-04 15:30:00,0.11920292202211755,0.0,chungthang
2023-10-04 15:40:00,0.11920292202211755,0.0,chungthang
2023-10-04 15:50:00,0.11920292202211755,0.0,chungthang
2023-10-04 16:00:00,0.11920292202211755,0.0,chungthang
2023-10-04 16:10:00,0.1301153854054348,0.12507632610130098,chungthang
2023-10-04 16:20:00,0.11920292202211755,0.0,chungthang
2023-10-04 16:30:00,0.11920292202211755,0.0,chungthang
2023-10-04 16:40:00,0.11920292202211755,0.0,chungthang
2023-10-04 16:50:00,0.11920292202211755,0.0,chungthang
2023-10-04 17:00:00,0.12152660674884583,0.027434504740204365,chungthang
2023-10-04 17:10:00,0.11960144914188468,0.00473781795884311,chungthang
2023-10-04 17:20:00,0.12229526303175478,0.03641007871266884,chungthang
2023-10-04 17:30:00,0.12511569125996908,0.06893397538754044,chungthang
2023-10-04 17:40:00,0.1199365503009973,0.008711060812987448,chungthang
2023-10-04 17:50:00,0.11920292202211755,0.0,chungthang
2023-10-04 18:00:00,0.11920292202211755,0.0,chungthang
2023-10-04 18:10:00,0.12074080214171055,0.018207980706522655,chungthang
2023-10-04 18:20:00,0.12657186890855895,0.08548053907218339,chungthang
2023-10-04 18:30:00,0.11920292202211755,0.0,chungthang
2023-10-04 18:40:00,0.11920292202211755,0.0,chungthang
2023-10-04 18:50:00,0.13012148398112763,0.12514367639192744,chungthang
2023-10-04 19:00:00,0.11920292202211755,0.0,chungthang
2023-10-04 19:10:00,0.11920292202211755,0.0,chungthang
2023-10-04 19:20:00,0.11920292202211755,0.0,chungthang
2023-10-04 19:30:00,0.11920292202211755,0.0,chungthang
2023-10-04 19:40:00,0.11920292202211755,0.0,chungthang
2023-10-04 19:50:00,0.11920292202211755,0.0,chungthang
2023-10-04 20:00:00,0.11920292202211755,0.0,chungthang
2023-10-04 20:10:00,0.11920292202211755,0.0,chungthang
2023-10-04 20:20:00,0.11920292202211755,0.0,chungthang
2023-10-04 20:30:00,0.11920292202211755,0.0,chungthang
2023-10-04 20:40:00,0.11920292202211755,0.0,chungthang
2023-10-04 20:50:00,0.11920292202211755,0.0,chungthang
2023-10-04 21:00:00,0.11920292202211755,0.0,chungthang
2023-10-04 21:10:00,0.11920292202211755,0.0,chungthang
2023-10-04 21:20:00,0.11920292202211755,0.0,chungthang
2023-10-04 21:30:00,0.1204163780005063,0.014383643560680538,chungthang
2023-10-04 21:40:00,0.11920292202211755,0.0,chungthang
2023-10-04 21:50:00,0.11920292202211755,0.0,chungthang
2023-10-04 22:00:00,0.11920292202211755,0.0,chungthang
2023-10-04 22:10:00,0.11920292202211755,0.0,chungthang
2023-10-04 22:20:00,0.15120429395299004,0.3435166675831273,chungthang
2023-10-04 22:30:00,0.11920292202211755,0.0,chungthang
2023-10-04 22:40:00,0.11920292202211755,0.0,chungthang
2023-10-04 22:50:00,0.12918414574829937,0.11476042145199315,chungthang
2023-10-04 23:00:00,0.11920292202211755,0.0,chungthang
2023-10-04 23:10:00,0.11920292202211755,0.0,chungthang
2023-10-04 23:20:00,0.11920292202211755,0.0,chungthang
2023-10-04 23:30:00,0.12758336097667247,0.0968785696164148,chungthang
2023-10-04 23:40:00,0.11920292202211755,0.0,chungthang
2023-10-04 23:50:00,0.11920292202211755,0.0,chungthang
2023-10-05 00:00:00,0.12090516639892461,0.02014213701797021,chungthang
2023-10-05 00:10:00,0.11920292202211755,0.0,chungthang
2023-10-05 00:20:00,0.11920292202211755,0.0,chungthang
2023-10-05 00:30:00,0.12174193623346932,0.02995381858357002,chungthang
2023-10-05 00:40:00,0.12335208313949635,0.04867160275931064,chungthang
2023-10-05 00:50:00,0.11920292202211755,0.0,chungthang
2023-10-05 01:00:00,0.12079554390374883,0.018852406470533246,chungthang
2023-10-05 01:10:00,0.12132342922600813,0.02505383717773744,chungthang
2023-10-05 01:20:00,0.12184701921708292,0.0311818759959834,chungthang
2023-10-05 01:30:00,0.11920292202211755,0.0,chungthang
2023-10-05 01:40:00,0.11920292202211755,0.0,chungthang
2023-10-05 01:50:00,0.11920292202211755,0.0,chungthang
2023-10-05 02:00:00,0.11920292202211755,0.0,chungthang
2023-10-05 02:10:00,0.11922047079861912,0.00020891347337715073,chungthang
2023-10-05 02:20:00,0.11920292202211755,0.0,chungthang
2023-10-05 02:30:00,0.12614940644500597,0.08069694308753447,chungthang
2023-10-05 02:40:00,0.11920292202211755,0.0,chungthang
2023-10-05 02:50:00,0.13486088546856284,0.17669181133953227,chungthang
2023-10-05 03:00:00,0.11920292202211755,0.0,chungthang
2023-10-05 03:10:00,0.14538436896666276,0.285911552678101,chungthang
2023-10-05 03:20:00,0.127349834458267,0.09425394094742351,chungthang
2023-10-05 03:30:00,0.11920292202211755,0.0,chungthang
2023-10-05 03:40:00,0.13638710522273675,0.192965718122137,chungthang
2023-10-05 03:50:00,0.21192430270129112,0.8582937504677484,chungthang
2023-10-05 04:00:00,0.11920292202211755,0.0,chungthang
2023-10-05 04:10:00,0.18283978120882913,0.6284688437139944,chungthang
2023-10-05 04:20:00,0.22512392546495721,0.9549348971043898,chungthang
2023-10-05 04:30:00,0.15522134826240339,0.3822218863636848,chungthang
2023-10-05 04:40:00,0.11920292202211755,0.0,chungthang
2023-10-05 04:50:00,0.23055871363978742,0.9935511295100115,chungthang
2023-10-05 05:00:00,0.11920292202211755,0.0,chungthang
2023-10-05 05:10:00,0.1329734719601847,0.15635009445038506,chungthang
2023-10-05 05:20:00,0.22282698014850802,0.9384157427379707,chungthang
2023-10-05 05:30:00,0.1464189328439357,0.2962892451548811,chungthang
2023-10-05 05:40:00,0.18245600113988653,0.6252554146907476,chungthang
2023-10-05 05:50:00,0.1467849020709638,0.2999457273401297,chungthang
2023-10-05 06:00:00,0.11920292202211755,0.0,chungthang
2023-10-05 06:10:00,0.18534731234681104,0.649336945969319,chungthang
2023-10-05 06:20:00,0.12290726487716827,0.04352174855061755,chungthang
2023-10-05 06:30:00,0.12769619879483335,0.09814529600465163,chungthang
2023-10-05 06:40:00,0.25966970291751595,1.1903925199867813,chungthang
2023-10-05 06:50:00,0.12767944729312197,0.09795730271746703,chungthang
2023-10-05 07:00:00,0.13645973075390253,0.1937362836217223,chungthang
2023-10-05 07:10:00,0.15043841887785686,0.3360417425706233,chungthang
2023-10-05 07:20:00,0.1302588182563279,0.1266596321814593,chungthang
2023-10-05 07:30:00,0.11920292202211755,0.0,chungthang
2023-10-05 07:40:00,0.153168037321283,0.36254164758349294,chungthang
2023-10-05 07:50:00,0.15273469740761486,0.35836067573451436,chungthang
2023-10-05 08:00:00,0.15422900096554443,0.37273735113580264,chungthang
2023-10-05 08:10:00,0.153110363780561,0.3619857583965628,chungthang
2023-10-05 08:20:00,0.14046775314491136,0.23573700646655674,chungthang
2023-10-05 08:30:00,0.11920292202211755,0.0,chungthang
2023-10-05 08:40:00,0.20251693179424757,0.7867036168828216,chungthang
2023-10-05 08:50:00,0.13457617699282906,0.17363881834636868,chungthang
2023-10-05 09:00:00,0.11920292202211755,0.0,chungthang
2023-10-05 09:10:00,0.21724785301685023,0.8977784730945677,chungthang
2023-10-05 09:20:00,0.14432913708722292,0.2752632116946218,chungthang
2023-10-05 09:30:00,0.18148222559066396,0.6170782573387527,chungthang
2023-10-05 09:40:00,0.13429561979686427,0.17062500000000003,chungthang
2023-10-05 09:50:00,0.16874453610877005,0.5068109819538147,chungthang
2023-10-05 10:00:00,0.11920292202211755,0.0,chungthang
2023-10-05 10:10:00,0.17282846791840156,0.542859374165216,chungthang
2023-10-05 10:20:00,0.13021689212745968,0.12619697741157354,chungthang
2023-10-05 10:30:00,0.14420099698338193,0.2739657496379888,chungthang
2023-10-05 10:40:00,0.1489087144258486,0.3210175899005297,chungthang
2023-10-05 10:50:00,0.1285285397903062,0.10745982835151927,chungthang
2023-10-05 11:00:00,0.2392812017297595,1.0542195788500979,chungthang
2023-10-05 11:10:00,0.17113143885512969,0.5279628975582099,chungthang
2023-10-05 11:20:00,0.1516482425935201,0.34783535931675413,chungthang
2023-10-05 11:30:00,0.1300883547511063,0.12477777777777779,chungthang
2023-10-05 11:40:00,0.22139624291993915,0.9280647373594106,chungthang
2023-10-05 11:50:00,0.1460842094653567,0.2929383120011811,chungthang
2023-10-05 12:00:00,0.1369178989670445,0.19858955945657275,chungthang
2023-10-05 12:10:00,0.1637914751183213,0.4621451399393427,chungthang
2023-10-05 12:20:00,0.21212397818062945,0.8597877021463648,chungthang
2023-10-05 12:30:00,0.15038587591490632,0.3355277777777778,chungthang
2023-10-05 12:40:00,0.13631750527834172,0.1922269301591245,chungthang
2023-10-05 12:50:00,0.1421415765906099,0.25298062620135414,chungthang
2023-10-05 13:00:00,0.14974955693841574,0.32929166666666665,chungthang
2023-10-05 13:10:00,0.11920292202211755,0.0,chungthang
2023-10-05 13:20:00,0.18653852246327898,0.6591740012000997,chungthang
2023-10-05 13:30:00,0.17329409512607616,0.5469263850880554,chungthang
2023-10-05 13:40:00,0.13139927161396103,0.13919625510908337,chungthang
2023-10-05 13:50:00,0.12210393990947888,0.03418055555555555,chungthang
2023-10-05 14:00:00,0.14641305348698977,0.2962304414006569,chungthang
2023-10-05 14:10:00,0.15061229167883314,0.3377414791594472,chungthang
2023-10-05 14:20:00,0.16112800070013442,0.4376761913706768,chungthang
2023-10-05 14:30:00,0.11920292202211755,0.0,chungthang
2023-10-05 14:40:00,0.16782933676617132,0.49863758328467944,chungthang
2023-10-05 14:50:00,0.18029682386579576,0.6070777747754238,chungthang
2023-10-05 15:00:00,0.15037722422363603,0.3354431344879298,chungthang
2023-10-05 15:10:00,0.1272134046641911,0.09271868970507997,chungthang
2023-10-05 15:20:00,0.11920292202211755,0.0,chungthang
2023-10-05 15:30:00,0.1829984214355864,0.6297956247045601,chungthang
2023-10-05 15:40:00,0.11920292202211755,0.0,chungthang
2023-10-05 15:50:00,0.11920292202211755,0.0,chungthang
2023-10-05 16:00:00,0.21738537377893521,0.8987891195356112,chungthang
2023-10-05 16:10:00,0.22321927918378606,0.9412456313774359,chungthang
2023-10-05 16:20:00,0.16202407380602496,0.4459444444444445,chungthang
2023-10-05 16:30:00,0.1863188882576226,0.6573639051048206,chungthang
2023-10-05 16:40:00,0.11920292202211755,0.0,chungthang
2023-10-05 16:50:00,0.22403799331917842,0.9471401149783315,chungthang
2023-10-05 17:00:00,0.15340512835791273,0.3648250614695306,chungthang
2023-10-05 17:10:00,0.12281584878665752,0.04246140032202635,chungthang
2023-10-05 17:20:00,0.1313420501141405,0.13856944444444444,chungthang
2023-10-05 17:30:00,0.2222073303675614,0.9339385867827259,chungthang
2023-10-05 17:40:00,0.11920292202211755,0.0,chungthang
2023-10-05 17:50:00,0.1411491190181787,0.2427770029627539,chungthang
2023-10-05 18:00:00,0.26613204986287115,1.2320793820919027,chungthang
2023-10-05 18:10:00,0.12940558653197556,0.11721917686740889,chungthang
2023-10-05 18:20:00,0.12515432122401013,0.06937505243724096,chungthang
2023-10-05 18:30:00,0.1972261152958853,0.7453472222222223,chungthang
2023-10-05 18:40:00,0.1525183343867383,0.35626951097731113,chungthang
2023-10-05 18:50:00,0.1526880691734104,0.3579102157658847,chungthang
2023-10-05 19:00:00,0.15919108284281902,0.41967604309800954,chungthang
2023-10-05 19:10:00,0.1782933899986169,0.5900588032741162,chungthang
2023-10-05 19:20:00,0.14202210982448463,0.25175552292550935,chungthang
2023-10-05 19:30:00,0.26098022988210845,1.1988999796970243,chungthang
2023-10-05 19:40:00,0.12746930736173215,0.09559722222222221,chungthang
2023-10-05 19:50:00,0.19048112654535998,0.691391285758553,chungthang
2023-10-05 20:00:00,0.17965440078569866,0.6016366197206144,chungthang
2023-10-05 20:10:00,0.1555085649294509,0.38495776981319524,chungthang
2023-10-05 20:20:00,0.21245292828269682,0.8622466341751989,chungthang
2023-10-05 20:30:00,0.1323710071322638,0.14980555555555555,chungthang
2023-10-05 20:40:00,0.16222606121369204,0.44780312599667244,chungthang
2023-10-05 20:50:00,0.11920292202211755,0.0,chungthang
2023-10-05 21:00:00,0.19314263552702446,0.7128525691805551,chungthang
2023-10-05 21:10:00,0.20436420657482327,0.8009527415007355,chungthang
2023-10-05 21:20:00,0.12689662007067004,0.0891484647313807,chungthang
2023-10-05 21:30:00,0.12448955888201649,0.06176846305025914,chungthang
2023-10-05 21:40:00,0.132904116565073,0.15559797160394673,chungthang
2023-10-05 21:50:00,0.13363503419850764,0.16350775049812374,chungthang
2023-10-05 22:00:00,0.1299381787282113,0.12311815130621731,chungthang
2023-10-05 22:10:00,0.13439429686236903,0.17168562050737715,chungthang
2023-10-05 22:20:00,0.18470579457766578,0.6440190291012088,chungthang
2023-10-05 22:30:00,0.11920292202211755,0.0,chungthang
2023-10-05 22:40:00,0.17458420753912338,0.558149924630112,chungthang
2023-10-05 22:50:00,0.180254659890492,0.6067211212788708,chungthang
2023-10-05 23:00:00,0.19416761586742318,0.7210575307509277,chungthang
2023-10-05 23:10:00,0.14993287795872995,0.331090500247432,chungthang
2023-10-05 23:20:00,0.15926200124910037,0.42033822076548377,chungthang
2023-10-05 23:30:00,0.1376790963812036,0.2066226366687514,chungthang
2023-10-05 23:40:00,0.13953880694968437,0.22609279012464195,chungthang
2023-10-05 23:50:00,0.1646865218571791,0.4702959025100749,chungthang
2023-10-06 00:00:00,0.15156753793843403,0.34705104492807,chungthang
2023-10-06 00:10:00,0.11920292202211755,0.0,chungthang
2023-10-06 00:20:00,0.1588334547569506,0.4163331576712218,chungthang
2023-10-06 00:30:00,0.15876286054364236,0.41567256546234593,chungthang
2023-10-06 00:40:00,0.13663298553092154,0.19557314394918993,chungthang
2023-10-06 00:50:00,0.13624335823161088,0.19143952615252566,chungthang
2023-10-06 01:00:00,0.12605579088796248,0.07963506765770464,chungthang
2023-10-06 01:10:00,0.21758909388570583,0.9002854197301285,chungthang
2023-10-06 01:20:00,0.16387739556147277,0.46292912730300595,chungthang
2023-10-06 01:30:00,0.11920292202211755,0.0,chungthang
2023-10-06 01:40:00,0.13607589129195927,0.18965978312668536,chungthang
2023-10-06 01:50:00,0.13409423623486136,0.16845840431063452,chungthang
2023-10-06 02:00:00,0.16214321847954796,0.44704103574581244,chungthang
2023-10-06 02:10:00,0.18299830185067437,0.6297946248973316,chungthang
2023-10-06 02:20:00,0.11920292202211755,0.0,chungthang
2023-10-06 02:30:00,0.1367721402519665,0.19704705366671102,chungthang
2023-10-06 02:40:00,0.1364666040412186,0.19380919212755737,chungthang
2023-10-06 02:50:00,0.11935115926731506,0.0017638888888888869,chungthang
2023-10-06 03:00:00,0.1412526553979838,0.24384427220291402,chungthang
2023-10-06 03:10:00,0.15060876755279973,0.33770704422693565,chungthang
2023-10-06 03:20:00,0.12183422510823233,0.031032405800272868,chungthang
2023-10-06 03:30:00,0.17303798612721275,0.5446904773190696,chungthang
2023-10-06 03:40:00,0.1247037771129997,0.06422346539786289,chungthang
2023-10-06 03:50:00,0.22342170424194507,0.9427044586942595,chungthang
2023-10-06 04:00:00,0.1845037843236128,0.6423414911924356,chungthang
2023-10-06 04:10:00,0.15550448066173392,0.384918894016278,chungthang
2023-10-06 04:20:00,0.12408041291912568,0.05706944444444446,chungthang
2023-10-06 04:30:00,0.13790468639907322,0.2089961638595315,chungthang
2023-10-06 04:40:00,0.22808156810825603,0.9760305419561988,chungthang
2023-10-06 04:50:00,0.11920292202211755,0.0,chungthang
2023-10-06 05:00:00,0.3444344692601497,1.695506979600686,chungthang
2023-10-06 05:10:00,0.12871173951372603,0.10950306371196283,chungthang
2023-10-06 05:20:00,0.24293843845527688,1.0792043729736902,chungthang
2023-10-06 05:30:00,0.2205438313617533,0.9218749999999999,chungthang
2023-10-06 05:40:00,0.20389308206675685,0.7973278163749532,chungthang
2023-10-06 05:50:00,0.24438755334237572,1.0890333631951088,chungthang
2023-10-06 06:00:00,0.11920292202211755,0.0,chungthang
2023-10-06 06:10:00,0.2720248301423526,1.2695330114262584,chungthang
2023-10-06 06:20:00,0.11920292202211755,0.0,chungthang
2023-10-06 06:30:00,0.20768970938848424,0.8263651099218509,chungthang
2023-10-06 06:40:00,0.11920292202211755,0.0,chungthang
2023-10-06 06:50:00,0.15361991960818844,0.3668912136699807,chungthang
2023-10-06 07:00:00,0.12865415706106378,0.10886111111111112,chungthang
2023-10-06 07:10:00,0.18295015361338135,0.6293920332795657,chungthang
2023-10-06 07:20:00,0.12666258954624482,0.08650599900855706,chungthang
2023-10-06 07:30:00,0.22798614034656906,0.9753529204631968,chungthang
2023-10-06 07:40:00,0.11920292202211755,0.0,chungthang
2023-10-06 07:50:00,0.11920292202211755,0.0,chungthang
2023-10-06 08:00:00,0.2826902392519368,1.3360549582047283,chungthang
2023-10-06 08:10:00,0.14222842125613236,0.2538706584765699,chungthang
2023-10-06 08:20:00,0.1980373978076031,0.7517423932238378,chungthang
2023-10-06 08:30:00,0.19324061804391787,0.713638347271064,chungthang
2023-10-06 08:40:00,0.12953234313043488,0.11862500000000002,chungthang
2023-10-06 08:50:00,0.21768607314005406,0.9009973656160729,chungthang
2023-10-06 09:00:00,0.12750597655762397,0.0960092929141225,chungthang
2023-10-06 09:10:00,0.2546223786785391,1.1573632693041571,chungthang
2023-10-06 09:20:00,0.1455948442496011,0.28802777777777777,chungthang
2023-10-06 09:30:00,0.11995626516138004,0.008944518056741468,chungthang
2023-10-06 09:40:00,0.1445600799763825,0.2775991707087446,chungthang
2023-10-06 09:50:00,0.13860044490729234,0.21629605079169492,chungthang
2023-10-06 10:00:00,0.1729163373110695,0.5436275302341105,chungthang
2023-10-06 10:10:00,0.14804237838534656,0.3124522343933798,chungthang
2023-10-06 10:20:00,0.13424009474901755,0.17002790510322163,chungthang
2023-10-06 10:30:00,0.20755026023321663,0.8253055555555555,chungthang
2023-10-06 10:40:00,0.12130123548090621,0.024793580953879835,chungthang
2023-10-06 10:50:00,0.12617123485567153,0.08094444444444442,chungthang
2023-10-06 11:00:00,0.1579270394788533,0.4078331112336935,chungthang
2023-10-06 11:10:00,0.20537055877256508,0.8086750710381033,chungthang
2023-10-06 11:20:00,0.13805703303466552,0.2105972222222222,chungthang
2023-10-06 11:30:00,0.15630122917832356,0.39248697167622554,chungthang
2023-10-06 11:40:00,0.11920292202211755,0.0,chungthang
2023-10-06 11:50:00,0.2424990274310858,1.0762160980924702,chungthang
2023-10-06 12:00:00,0.141909266381753,0.2505975502453306,chungthang
2023-10-06 12:10:00,0.11920292202211755,0.0,chungthang
2023-10-06 12:20:00,0.14160761073047654,0.24749825352058322,chungthang
2023-10-06 12:30:00,0.11920292202211755,0.0,chungthang
2023-10-06 12:40:00,0.12751095750299501,0.09606525856334444,chungthang
2023-10-06 12:50:00,0.23793864508006304,1.0449822199285501,chungthang
2023-10-06 13:00:00,0.13620432854181255,0.1910249056494765,chungthang
2023-10-06 13:10:00,0.13920515831842584,0.2226157589746224,chungthang
2023-10-06 13:20:00,0.11920292202211755,0.0,chungthang
2023-10-06 13:30:00,0.1457565826705098,0.28965225394307303,chungthang
2023-10-06 13:40:00,0.23893125250370734,1.0518152149727804,chungthang
2023-10-06 13:50:00,0.1772303264394455,0.5809673330881606,chungthang
2023-10-06 14:00:00,0.11920292202211755,0.0,chungthang
2023-10-06 14:10:00,0.12485777668038489,0.0659861111111111,chungthang
2023-10-06 14:20:00,0.1899244441460544,0.6868735106679085,chungthang
2023-10-06 14:30:00,0.12154017968784839,0.027593419058745672,chungthang
2023-10-06 14:40:00,0.1503785959796475,0.33545655524591417,chungthang
2023-10-06 14:50:00,0.13190210814413061,0.14469444444444443,chungthang
2023-10-06 15:00:00,0.12849051831079714,0.10703546189020972,chungthang
2023-10-06 15:10:00,0.2928546842030429,1.3980504303146137,chungthang
2023-10-06 15:20:00,0.12760012206677987,0.09706679142453636,chungthang
2023-10-06 15:30:00,0.12205154335761172,0.03356944444444445,chungthang
2023-10-06 15:40:00,0.22559256904326305,0.9582905609585242,chungthang
2023-10-06 15:50:00,0.14802112523425798,0.3122415875016109,chungthang
2023-10-06 16:00:00,0.15218055716120704,0.3529999999999999,chungthang
2023-10-06 16:10:00,0.2710637314176124,1.2634595742454506,chungthang
2023-10-06 16:20:00,0.13017578798530885,0.12574327028780483,chungthang
2023-10-06 16:30:00,0.11920292202211755,0.0,chungthang
2023-10-06 16:40:00,0.16937548661587423,0.5124252762679883,chungthang
2023-10-06 16:50:00,0.11920292202211755,0.0,chungthang
2023-10-06 17:00:00,0.20456909313239918,0.8025272413960937,chungthang
2023-10-06 17:10:00,0.13810765461158409,0.2111288917375337,chungthang
2023-10-06 17:20:00,0.20875292491992944,0.8344263729437447,chungthang
2023-10-06 17:30:00,0.11952995590618462,0.003888888888888897,chungthang
2023-10-06 17:40:00,0.1244718111583708,0.06156490655251532,chungthang
2023-10-06 17:50:00,0.13152343474750122,0.14055555555555557,chungthang
2023-10-06 18:00:00,0.1703829086383729,0.5213550616412379,chungthang
2023-10-06 18:10:00,0.15009878106734087,0.332716860114849,chungthang
2023-10-06 18:20:00,0.11920292202211755,0.0,chungthang
2023-10-06 18:30:00,0.24658223419899608,1.1038445866644466,chungthang
2023-10-06 18:40:00,0.11920292202211755,0.0,chungthang
2023-10-06 18:50:00,0.11920292202211755,0.0,chungthang
2023-10-06 19:00:00,0.16813307091062776,0.501354084486652,chungthang
2023-10-06 19:10:00,0.11920292202211755,0.0,chungthang
2023-10-06 19:20:00,0.2056072044984891,0.8104869133989522,chungthang
2023-10-06 19:30:00,0.15829973181114307,0.41133287232426946,chungthang
2023-10-06 19:40:00,0.11920292202211755,0.0,chungthang
2023-10-06 19:50:00,0.12210155782797705,0.03415277777777778,chungthang
2023-10-06 20:00:00,0.11920292202211755,0.0,chungthang
2023-10-06 20:10:00,0.1448487936876449,0.28051511672634727,chungthang
2023-10-06 20:20:00,0.13627847707596127,0.1918125154333481,chungthang
2023-10-06 20:30:00,0.15399359028346238,0.3704800549210739,chungthang
2023-10-06 20:40:00,0.11920292202211755,0.0,chungthang
2023-10-06 20:50:00,0.23941974288118478,1.0551707746556902,chungthang
2023-10-06 21:00:00,0.16124416816882517,0.438750184202961,chungthang
2023-10-06 21:10:00,0.12481247148769457,0.06546775130049597,chungthang
2023-10-06 21:20:00,0.1306400850642165,0.1308611111111111,chungthang
2023-10-06 21:30:00,0.11993180340190795,0.008654844559603712,chungthang
2023-10-06 21:40:00,0.2989806799194329,1.4348043853144103,chungthang
2023-10-06 21:50:00,0.11920292202211755,0.0,chungthang
2023-10-06 22:00:00,0.1458147619543601,0.2902362322215114,chungthang
2023-10-06 22:10:00,0.11920292202211755,0.0,chungthang
2023-10-06 22:20:00,0.18315576025196997,0.6311106400956367,chungthang
2023-10-06 22:30:00,0.13181688967685187,0.14376388888888889,chungthang
2023-10-06 22:40:00,0.11920292202211755,0.0,chungthang
2023-10-06 22:50:00,0.14640726232467316,0.2961725178329807,chungthang
2023-10-06 23:00:00,0.12378726258685234,0.05369444444444445,chungthang
2023-10-06 23:10:00,0.34235232382311753,1.683963815023624,chungthang
2023-10-06 23:20:00,0.15248454114766746,0.3559426772047032,chungthang
2023-10-06 23:30:00,0.15097955431533466,0.3413264470776999,chungthang
2023-10-06 23:40:00,0.14203090678455177,0.2518457629809853,chungthang
2023-10-06 23:50:00,0.11920292202211755,0.0,chungthang
2023-10-02 00:00:00,0.11920292202211755,0.0,dikchu
2023-10-02 00:10:00,0.11920292202211755,0.0,dikchu
2023-10-02 00:20:00,0.11920292202211755,0.0,dikchu
2023-10-02 00:30:00,0.11920292202211755,0.0,dikchu
2023-10-02 00:40:00,0.11920292202211755,0.0,dikchu
2023-10-02 00:50:00,0.11920292202211755,0.0,dikchu
2023-10-02 01:00:00,0.11920292202211755,0.0,dikchu
2023-10-02 01:10:00,0.11920292202211755,0.0,dikchu
2023-10-02 01:20:00,0.11920292202211755,0.0,dikchu
2023-10-02 01:30:00,0.11920292202211755,0.0,dikchu
2023-10-02 01:40:00,0.11920292202211755,0.0,dikchu
2023-10-02 01:50:00,0.11920292202211755,0.0,dikchu
2023-10-02 02:00:00,0.1446057917037623,0.27806117147994475,dikchu
2023-10-02 02:10:00,0.2518091855527491,1.1387669444156576,dikchu
2023-10-02 02:20:00,0.17621496552961932,0.5722437867744359,dikchu
2023-10-02 02:30:00,0.11920292202211755,0.0,dikchu
2023-10-02 02:40:00,0.1378860978241588,0.20880070903757697,dikchu
2023-10-02 02:50:00,0.17295150203562323,0.5439348544902463,dikchu
2023-10-02 03:00:00,0.1950500345272218,0.7280949902190719,dikchu
2023-10-02 03:10:00,0.12780815685659092,0.09940120219884462,dikchu
2023-10-02 03:20:00,0.25830443486709664,1.1814999999999998,dikchu
2023-10-02 03:30:00,0.11920292202211755,0.0,dikchu
2023-10-02 03:40:00,0.1262805032695813,0.08218283355243534,dikchu
2023-10-02 03:50:00,0.14663946286271473,0.2984935160049492,dikchu
2023-10-02 04:00:00,0.20181340429612207,0.7812514125778504,dikchu
2023-10-02 04:10:00,0.14317234741590698,0.2635154229642192,dikchu
2023-10-02 04:20:00,0.13936208918717002,0.22425204155986514,dikchu
2023-10-02 04:30:00,0.17468924644350173,0.5590608430497211,dikchu
2023-10-02 04:40:00,0.18776891624967082,0.6692839404041625,dikchu
2023-10-02 04:50:00,0.11920292202211755,0.0,dikchu
2023-10-02 05:00:00,0.15401321454113798,0.3706683349771463,dikchu
2023-10-02 05:10:00,0.13173871791642705,0.14290983206567592,dikchu
2023-10-02 05:20:00,0.11920292202211755,0.0,dikchu
2023-10-02 05:30:00,0.1352696211188791,0.18106527818070173,dikchu
2023-10-02 05:40:00,0.11920292202211755,0.0,dikchu
2023-10-02 05:50:00,0.2022296590422352,0.7844790184982949,dikchu
2023-10-02 06:00:00,0.1329803478324971,0.15642464157829777,dikchu
2023-10-02 06:10:00,0.11920292202211755,0.0,dikchu
2023-10-02 06:20:00,0.1353434780652252,0.18185435699097227,dikchu
2023-10-02 06:30:00,0.11920292202211755,0.0,dikchu
2023-10-02 06:40:00,0.1415419300435453,0.2468227006142199,dikchu
2023-10-02 06:50:00,0.11920292202211755,0.0,dikchu
2023-10-02 07:00:00,0.17471252602315035,0.5592626697690392,dikchu
2023-10-02 07:10:00,0.13643657501838152,0.19349063602702246,dikchu
2023-10-02 07:20:00,0.12289754951599947,0.04340909090909092,dikchu
2023-10-02 07:30:00,0.2776674072827464,1.304922916528664,dikchu
2023-10-02 07:40:00,0.1196988149325127,0.005893259408903891,dikchu
2023-10-02 07:50:00,0.1362010848576832,0.190990442815181,dikchu
2023-10-02 08:00:00,0.11947870802711408,0.0032800883288416245,dikchu
2023-10-02 08:10:00,0.16659060653464888,0.4875179432701786,dikchu
2023-10-02 08:20:00,0.13281950929006844,0.15467999999999998,dikchu
2023-10-02 08:30:00,0.278863458831423,1.3123672128952988,dikchu
2023-10-02 08:40:00,0.11920292202211755,0.0,dikchu
2023-10-02 08:50:00,0.15715645978337045,0.4005756578255384,dikchu
2023-10-02 09:00:00,0.33306420366354184,1.6320518640933055,dikchu
2023-10-02 09:10:00,0.11920292202211755,0.0,dikchu
2023-10-02 09:20:00,0.11920292202211755,0.0,dikchu
2023-10-02 09:30:00,0.1430737718680142,0.26251068882311146,dikchu
2023-10-02 09:40:00,0.14825235163758183,0.3145320060137634,dikchu
2023-10-02 09:50:00,0.15309701019369581,0.3618570247541023,dikchu
2023-10-02 10:00:00,0.11937030890502165,0.0019916140661428343,dikchu
2023-10-02 10:10:00,0.24522167992843413,1.0946731589295782,dikchu
2023-10-02 10:20:00,0.1269712508995762,0.08999025409934178,dikchu
2023-10-02 10:30:00,0.21286700948284698,0.8653379797564308,dikchu
2023-10-02 10:40:00,0.19373351935257602,0.7175866177441511,dikchu
2023-10-02 10:50:00,0.1252120749582367,0.07003426721086248,dikchu
2023-10-02 11:00:00,0.11920292202211755,0.0,dikchu
2023-10-02 11:10:00,0.17249843125772873,0.5399714240768679,dikchu
2023-10-02 11:20:00,0.14137389628747932,0.24509321180701332,dikchu
2023-10-02 11:30:00,0.19987128620635544,0.7661262292902462,dikchu
2023-10-02 11:40:00,0.21112621718614227,0.8523122542332304,dikchu
2023-10-02 11:50:00,0.12353535093913016,0.05078873239436621,dikchu
2023-10-02 12:00:00,0.12271692869035963,0.04131324717677728,dikchu
2023-10-02 12:10:00,0.1375037276612439,0.20477525004080768,dikchu
2023-10-02 12:20:00,0.1434251193164386,0.26608917760730955,dikchu
2023-10-02 12:30:00,0.2367078681129257,1.0364824076294852,dikchu
2023-10-02 12:40:00,0.11920292202211755,0.0,dikchu
2023-10-02 12:50:00,0.14789823981244146,0.3110231398853023,dikchu
2023-10-02 13:00:00,0.1673057647278755,0.49394569318153564,dikchu
2023-10-02 13:10:00,0.18688320616186724,0.6620113733314957,dikchu
2023-10-02 13:20:00,0.11920292202211755,0.0,dikchu
2023-10-02 13:30:00,0.11920986384324118,8.264369591713852e-05,dikchu
2023-10-02 13:40:00,0.18806488455805193,0.671708255045338,dikchu
2023-10-02 13:50:00,0.1951605544393216,0.7289747060914374,dikchu
2023-10-02 14:00:00,0.12019107134029751,0.011722475341972925,dikchu
2023-10-02 14:10:00,0.1968938604728398,0.7427224003349564,dikchu
2023-10-02 14:20:00,0.22042176112806353,0.9209871913230123,dikchu
2023-10-02 14:30:00,0.22918965851365866,0.9838843886087856,dikchu
2023-10-02 14:40:00,0.11934808042554293,0.0017272727272727329,dikchu
2023-10-02 14:50:00,0.13144943708464185,0.1397455826953008,dikchu
2023-10-02 15:00:00,0.11920292202211755,0.0,dikchu
2023-10-02 15:10:00,0.11920292202211755,0.0,dikchu
2023-10-02 15:20:00,0.15323584526582137,0.3631949984578751,dikchu
2023-10-02 15:30:00,0.35027977197121135,1.727737914809925,dikchu
2023-10-02 15:40:00,0.1260400611509343,0.07945658001491727,dikchu
2023-10-02 15:50:00,0.11920292202211755,0.0,dikchu
2023-10-02 16:00:00,0.34172661506438273,1.6804884032185115,dikchu
2023-10-02 16:10:00,0.11920292202211755,0.0,dikchu
2023-10-02 16:20:00,0.11948114381055681,0.0033090293919954827,dikchu
2023-10-02 16:30:00,0.11920292202211755,0.0,dikchu
2023-10-02 16:40:00,0.24393665918130292,1.085979301565211,dikchu
2023-10-02 16:50:00,0.11920292202211755,0.0,dikchu
2023-10-02 17:00:00,0.11920292202211755,0.0,dikchu
2023-10-02 17:10:00,0.21142818749718398,0.8545774059053493,dikchu
2023-10-02 17:20:00,0.12062651614922948,0.01686178118393183,dikchu
2023-10-02 17:30:00,0.12037728774756648,0.013922244559629062,dikchu
2023-10-02 17:40:00,0.14953796448131554,0.32721316326249805,dikchu
2023-10-02 17:50:00,0.11920292202211755,0.0,dikchu
2023-10-02 18:00:00,0.14333776392553968,0.26520014167489014,dikchu
2023-10-02 18:10:00,0.14436064510976335,0.2755820944228565,dikchu
2023-10-02 18:20:00,0.12888274198818878,0.11140802722689974,dikchu
2023-10-02 18:30:00,0.189969923179236,0.6872429771482698,dikchu
2023-10-02 18:40:00,0.11974394737622382,0.006428571428571428,dikchu
2023-10-02 18:50:00,0.1776063919379993,0.584188372724706,dikchu
2023-10-02 19:00:00,0.11920292202211755,0.0,dikchu
2023-10-02 19:10:00,0.11920292202211755,0.0,dikchu
2023-10-02 19:20:00,0.12298272856327115,0.04439655172413792,dikchu
2023-10-02 19:30:00,0.17256927490878657,0.5405917021042418,dikchu
2023-10-02 19:40:00,0.15584028352990545,0.3881124313017192,dikchu
2023-10-02 19:50:00,0.17041842203898316,0.521669085462105,dikchu
2023-10-02 20:00:00,0.11920292202211755,0.0,dikchu
2023-10-02 20:10:00,0.26326764773325095,1.2136831485607775,dikchu
2023-10-02 20:20:00,0.2360080283920864,1.03163567789103,dikchu
2023-10-02 20:30:00,0.12703613217105758,0.09072173100946868,dikchu
2023-10-02 20:40:00,0.11920292202211755,0.0,dikchu
2023-10-02 20:50:00,0.11920292202211755,0.0,dikchu
2023-10-02 21:00:00,0.11920292202211755,0.0,dikchu
2023-10-02 21:10:00,0.1692984212352738,0.5117404305995602,dikchu
2023-10-02 21:20:00,0.12541124438928417,0.07230563758340394,dikchu
2023-10-02 21:30:00,0.18785860551496722,0.6700189067445742,dikchu
2023-10-02 21:40:00,0.11920292202211755,0.0,dikchu
2023-10-02 21:50:00,0.14581994512820917,0.2902882492851747,dikchu
2023-10-02 22:00:00,0.16138107897537474,0.4400151515151515,dikchu
2023-10-02 22:10:00,0.20336406630259174,0.7932500303298167,dikchu
2023-10-02 22:20:00,0.15486946772716564,0.3788644086647843,dikchu
2023-10-02 22:30:00,0.11920292202211755,0.0,dikchu
2023-10-02 22:40:00,0.12097725279705925,0.020989698323822196,dikchu
2023-10-02 22:50:00,0.14716348656615375,0.3037203173377101,dikchu
2023-10-02 23:00:00,0.1595400326672809,0.4229319463926252,dikchu
2023-10-02 23:10:00,0.1455162063859641,0.28723741007194237,dikchu
2023-10-02 23:20:00,0.17380406027863826,0.5513707672459961,dikchu
2023-10-02 23:30:00,0.11920292202211755,0.0,dikchu
2023-10-02 23:40:00,0.13420530088212634,0.16965363895017077,dikchu
2023-10-02 23:50:00,0.12723901515416594,0.09300699300699301,dikchu
2023-10-03 00:00:00,0.14710384447263564,0.30312620322177103,dikchu
2023-10-03 00:10:00,0.11935187873689011,0.0017724453051652016,dikchu
2023-10-03 00:20:00,0.14370256520740968,0.2689098221449091,dikchu
2023-10-03 00:30:00,0.1537008706536848,0.3676692965749776,dikchu
2023-10-03 00:40:00,0.12142809429076805,0.02628064527800227,dikchu
2023-10-03 00:50:00,0.152261063651468,0.3537798016213187,dikchu
2023-10-03 01:00:00,0.15718484402018887,0.4008434982542058,dikchu
2023-10-03 01:10:00,0.20810578142666597,0.8295233681133833,dikchu
2023-10-03 01:20:00,0.1934010760582961,0.7149244981654294,dikchu
2023-10-03 01:30:00,0.11920292202211755,0.0,dikchu
2023-10-03 01:40:00,0.11933111430035939,0.0015254827260307328,dikchu
2023-10-03 01:50:00,0.17277455164345928,0.542387884009456,dikchu
2023-10-03 02:00:00,0.13568824087114867,0.18553296463380312,dikchu
2023-10-03 02:10:00,0.16744619997035745,0.49520532629705744,dikchu
2023-10-03 02:20:00,0.12281367742009343,0.042436206081549806,dikchu
2023-10-03 02:30:00,0.11920292202211755,0.0,dikchu
2023-10-03 02:40:00,0.2943676081375061,1.407168679526254,dikchu
2023-10-03 02:50:00,0.11920292202211755,0.0,dikchu
2023-10-03 03:00:00,0.1473601228878989,0.3056776650179637,dikchu
2023-10-03 03:10:00,0.1699563479401397,0.5175791687548095,dikchu
2023-10-03 03:20:00,0.1283455690044816,0.10541666666666667,dikchu
2023-10-03 03:30:00,0.1556517654849176,0.3863202873078667,dikchu
2023-10-03 03:40:00,0.15283014436123704,0.35928240579387266,dikchu
2023-10-03 03:50:00,0.11920292202211755,0.0,dikchu
2023-10-03 04:00:00,0.1861261568214797,0.6557741701213724,dikchu
2023-10-03 04:10:00,0.11920292202211755,0.0,dikchu
2023-10-03 04:20:00,0.2999049797897067,1.4403120268279677,dikchu
2023-10-03 04:30:00,0.12071134561811472,0.017861111111111126,dikchu
2023-10-03 04:40:00,0.1319014644740851,0.1446874177062583,dikchu
2023-10-03 04:50:00,0.1251554585503685,0.06938803666503791,dikchu
2023-10-03 05:00:00,0.21289502776515673,0.8655469931878593,dikchu
2023-10-03 05:10:00,0.16457135033952464,0.46924908851975256,dikchu
2023-10-03 05:20:00,0.11920292202211755,0.0,dikchu
2023-10-03 05:30:00,0.26399622372788795,1.21837443682846,dikchu
2023-10-03 05:40:00,0.12362104707223624,0.05177777777777779,dikchu
2023-10-03 05:50:00,0.17905038688113417,0.5965069027350361,dikchu
2023-10-03 06:00:00,0.12798957695293905,0.10143431709460468,dikchu
2023-10-03 06:10:00,0.12067832814484637,0.017472222222222222,dikchu
2023-10-03 06:20:00,0.2221759151805824,0.9337113653126263,dikchu
2023-10-03 06:30:00,0.1220262935558403,0.033274870471367894,dikchu
2023-10-03 06:40:00,0.14952090066507864,0.3270454373338145,dikchu
2023-10-03 06:50:00,0.1435944505511973,0.2678112175166066,dikchu
2023-10-03 07:00:00,0.2190633788200427,0.9110838665800264,dikchu
2023-10-03 07:10:00,0.12908623361734564,0.11367211504236988,dikchu
2023-10-03 07:20:00,0.1350884519870169,0.17912814840198477,dikchu
2023-10-03 07:30:00,0.11981908995182117,0.007319444444444434,dikchu
2023-10-03 07:40:00,0.1255082728272359,0.07341105124117414,dikchu
2023-10-03 07:50:00,0.12602381246820643,0.07927218380128037,dikchu
2023-10-03 08:00:00,0.12664960073707726,0.08635921864418693,dikchu
2023-10-03 08:10:00,0.22149588576023133,0.9287871734714785,dikchu
2023-10-03 08:20:00,0.1271887480759505,0.09244107784980472,dikchu
2023-10-03 08:30:00,0.13237372152093982,0.14983509833452466,dikchu
2023-10-03 08:40:00,0.16198011221450312,0.4455396636835609,dikchu
2023-10-03 08:50:00,0.1615641945006336,0.44170566657116156,dikchu
2023-10-03 09:00:00,0.23698733918582218,1.0384151174237664,dikchu
2023-10-03 09:10:00,0.16623145832261305,0.48428163569205795,dikchu
2023-10-03 09:20:00,0.169593875739575,0.5143646565281684,dikchu
2023-10-03 09:30:00,0.28451883650047616,1.3473052352638604,dikchu
2023-10-03 09:40:00,0.24293601377110985,1.079187893655873,dikchu
2023-10-03 09:50:00,0.22694557722877187,0.9679509876466477,dikchu
2023-10-03 10:00:00,0.1510430381218231,0.34194540571892656,dikchu
2023-10-03 10:10:00,0.15856052952370006,0.4137779120264388,dikchu
2023-10-03 10:20:00,0.24607695490527604,1.1004425140505136,dikchu
2023-10-03 10:30:00,0.2314235066746657,0.9996366253565472,dikchu
2023-10-03 10:40:00,0.24186632844747888,1.071906867464843,dikchu
2023-10-03 10:50:00,0.18743357535993876,0.6665335670393435,dikchu
2023-10-03 11:00:00,0.2394818725790122,1.055597222222222,dikchu
2023-10-03 11:10:00,0.21694792730316975,0.8955727006709843,dikchu
2023-10-03 11:20:00,0.2197174505614399,0.9158578854036505,dikchu
2023-10-03 11:30:00,0.3162820466592535,1.5363611056892865,dikchu
2023-10-03 11:40:00,0.2008858979487225,0.7740416666666665,dikchu
2023-10-03 11:50:00,0.20854800042342553,0.8328749999999999,dikchu
2023-10-03 12:00:00,0.3425338116075298,1.6849712932753418,dikchu
2023-10-03 12:10:00,0.22434509847573872,0.9493472222222222,dikchu
2023-10-03 12:20:00,0.2848843169099513,1.3495485851866786,dikchu
2023-10-03 12:30:00,0.23808937617263484,1.0460210950906081,dikchu
2023-10-03 12:40:00,0.3593144128484709,1.777073717604178,dikchu
2023-10-03 12:50:00,0.2392200565858334,1.0537996484690013,dikchu
2023-10-03 13:00:00,0.41904423850262096,2.091627354435984,dikchu
2023-10-03 13:10:00,0.255622496712093,1.1639417886157808,dikchu
2023-10-03 13:20:00,0.3104876770287392,1.5026995545932833,dikchu
2023-10-03 13:30:00,0.3488418217859076,1.7198324959681786,dikchu
2023-10-03 13:40:00,0.27372693990508545,1.2802562248108555,dikchu
2023-10-03 13:50:00,0.3745489432117899,1.8590617544978971,dikchu
2023-10-03 14:00:00,0.32745487361585796,1.6003513043008972,dikchu
2023-10-03 14:10:00,0.283598699146488,1.3416496521398458,dikchu
2023-10-03 14:20:00,0.3437533805432479,1.6917347758143577,dikchu
2023-10-03 14:30:00,0.2492522331143001,1.1217445447365317,dikchu
2023-10-03 14:40:00,0.282966379169059,1.3377566982314282,dikchu
2023-10-03 14:50:00,0.29861337941733407,1.4326130362971456,dikchu
2023-10-03 15:00:00,0.3719585076101659,1.8452200929997737,dikchu
2023-10-03 15:10:00,0.2396976182978886,1.0570774755005585,dikchu
2023-10-03 15:20:00,0.37743463872156363,1.874435987967695,dikchu
2023-10-03 15:30:00,0.23689765313540254,1.0377950560342053,dikchu
2023-10-03 15:40:00,0.327918578547391,1.6029823067162798,dikchu
2023-10-03 15:50:00,0.2798309650253723,1.3183747115993045,dikchu
2023-10-03 16:00:00,0.2837029329004309,1.3422908758725896,dikchu
2023-10-03 16:10:00,0.39164507150827577,1.9494969052581759,dikchu
2023-10-03 16:20:00,0.26049778826358916,1.1957713722578207,dikchu
2023-10-03 16:30:00,0.22949598481178374,0.9860508351014757,dikchu
2023-10-03 16:40:00,0.23020055929073124,0.9910261394523849,dikchu
2023-10-03 16:50:00,0.2590846438284341,1.1865855360923268,dikchu
2023-10-03 17:00:00,0.3175659931982186,1.5437747753423916,dikchu
2023-10-03 17:10:00,0.24180118839676093,1.0714627715900387,dikchu
2023-10-03 17:20:00,0.2242419377332627,0.9486060650173148,dikchu
2023-10-03 17:30:00,0.3364561766213379,1.6510912591119937,dikchu
2023-10-03 17:40:00,0.23732105637531803,1.0407209144227543,dikchu
2023-10-03 17:50:00,0.24469365136494953,1.0911044985184635,dikchu
2023-10-03 18:00:00,0.2760436703415681,1.2947850083260461,dikchu
2023-10-03 18:10:00,0.24547912847554926,1.0964112333492186,dikchu
2023-10-03 18:20:00,0.21391794248938092,0.8731641366596453,dikchu
2023-10-03 18:30:00,0.21247137500892327,0.862384442770342,dikchu
2023-10-03 18:40:00,0.3604295699767759,1.7831247776517527,dikchu
2023-10-03 18:50:00,0.2764323144430429,1.297214877869076,dikchu
2023-10-03 19:00:00,0.3017021506659184,1.45099318080439,dikchu
2023-10-03 19:10:00,0.23691058077288407,1.037884443671812,dikchu
2023-10-03 19:20:00,0.20399827447035318,0.7981377271711704,dikchu
2023-10-03 19:30:00,0.3196976210730512,1.556047800863999,dikchu
2023-10-03 19:40:00,0.3147730464202488,1.527627236390339,dikchu
2023-10-03 19:50:00,0.1993448187186641,0.7620071419016448,dikchu
2023-10-03 20:00:00,0.195414279149178,0.7309928762223451,dikchu
2023-10-03 20:10:00,0.31169395235688613,1.5097352609303127,dikchu
2023-10-03 20:20:00,0.19562527321443213,0.7326696490336576,dikchu
2023-10-03 20:30:00,0.34023954480568536,1.6722163632724305,dikchu
2023-10-03 20:40:00,0.18869463858341204,0.6768569147280247,dikchu
2023-10-03 20:50:00,0.20330819266641714,0.7928188814358451,dikchu
2023-10-03 21:00:00,0.36540507341737016,1.8100245549471357,dikchu
2023-10-03 21:10:00,0.23403211053936582,1.0178976017159167,dikchu
2023-10-03 21:20:00,0.18157279019516118,0.6178401994588302,dikchu
2023-10-03 21:30:00,0.1926121494335712,0.708593022302133,dikchu
2023-10-03 21:40:00,0.18399699656198795,0.638126748502397,dikchu
2023-10-03 21:50:00,0.1751151556391851,0.5627499946749788,dikchu
2023-10-03 22:00:00,0.22566834895933932,0.9588327093170748,dikchu
2023-10-03 22:10:00,0.17753486807803223,0.5835761756987935,dikchu
2023-10-03 22:20:00,0.21546117684865973,0.884605850958003,dikchu
2023-10-03 22:30:00,0.17124698528650295,0.5289808670802159,dikchu
2023-10-03 22:40:00,0.16556304428540802,0.4782435770588597,dikchu
2023-10-03 22:50:00,0.2259186002169918,0.9606221532800137,dikchu
2023-10-03 23:00:00,0.16989885373484584,0.5170696570178203,dikchu
2023-10-03 23:10:00,0.19724915186270775,0.7455290879988523,dikchu
2023-10-03 23:20:00,0.24709246741551524,1.1072752587640076,dikchu
2023-10-03 23:30:00,0.158688792058998,0.4149792061929377,dikchu
2023-10-03 23:40:00,0.17610098685207679,0.571262067346288,dikchu
2023-10-03 23:50:00,0.1537802088623824,0.3684315519120009,dikchu
2023-10-04 00:00:00,0.29618484816583085,1.4180849914954319,dikchu
2023-10-04 00:10:00,0.1488872468827774,0.3208058406276389,dikchu
2023-10-04 00:20:00,0.14707555950297077,0.3028443778391482,dikchu
2023-10-04 00:30:00,0.15528807012200263,0.38285781385373086,dikchu
2023-10-04 00:40:00,0.22572981535274905,0.9592723604325794,dikchu
2023-10-04 00:50:00,0.14264814789057367,0.2581658713602957,dikchu
2023-10-04 01:00:00,0.2908177451191994,1.3857302661995807,dikchu
2023-10-04 01:10:00,0.13817169943220628,0.21180130877561312,dikchu
2023-10-04 01:20:00,0.22821446877981774,0.9769739215409979,dikchu
2023-10-04 01:30:00,0.17069452172521396,0.524108698686992,dikchu
2023-10-04 01:40:00,0.2620659638165811,1.2059272545302255,dikchu
2023-10-04 01:50:00,0.13119466974301924,0.13695395546330852,dikchu
2023-10-04 02:00:00,0.16067403632771154,0.4334731850838318,dikchu
2023-10-04 02:10:00,0.17161207077315482,0.5321937110685054,dikchu
2023-10-04 02:20:00,0.12830383916632604,0.10495033843627327,dikchu
2023-10-04 02:30:00,0.13730430431942908,0.2026720566396244,dikchu
2023-10-04 02:40:00,0.15224947319031212,0.35366755499408764,dikchu
2023-10-04 02:50:00,0.16748270449167055,0.49553261517931746,dikchu
2023-10-04 03:00:00,0.15459232229588538,0.37621562919139456,dikchu
2023-10-04 03:10:00,0.11997268222152031,0.009138898489691995,dikchu
2023-10-04 03:20:00,0.16278996593842146,0.45298230202723716,dikchu
2023-10-04 03:30:00,0.11920292202211755,0.0,dikchu
2023-10-04 03:40:00,0.1374623434486208,0.2043390075601873,dikchu
2023-10-04 03:50:00,0.11920292202211755,0.0,dikchu
2023-10-04 04:00:00,0.11920292202211755,0.0,dikchu
2023-10-04 04:10:00,0.13488554704860278,0.176956006854233,dikchu
2023-10-04 04:20:00,0.1305210380998939,0.12955035923867883,dikchu
2023-10-04 04:30:00,0.12430094359685868,0.059603875975884284,dikchu
2023-10-04 04:40:00,0.17446249400601352,0.5570938598435506,dikchu
2023-10-04 04:50:00,0.11920292202211755,0.0,dikchu
2023-10-04 05:00:00,0.11920292202211755,0.0,dikchu
2023-10-04 05:10:00,0.12477171499227244,0.0650012975953841,dikchu
2023-10-04 05:20:00,0.8035967761604608,4.261159763423645,dikchu
2023-10-04 05:30:00,0.8001114335338452,4.233738707852236,dikchu
2023-10-04 05:40:00,0.42397552362042007,2.116906965934669,dikchu
2023-10-04 05:50:00,0.5720513408993773,2.8627818889434873,dikchu
2023-10-04 06:00:00,0.5245475521873749,2.622836516602521,dikchu
2023-10-04 06:10:00,0.44702889858564593,2.234146875358711,dikchu
2023-10-04 06:20:00,0.16136541686168945,0.43987048762714737,dikchu
2023-10-04 06:30:00,0.11920292202211755,0.0,dikchu
2023-10-04 06:40:00,0.11920292202211755,0.0,dikchu
2023-10-04 06:50:00,0.11920292202211755,0.0,dikchu
2023-10-04 07:00:00,0.13273695574024832,0.15378383346044605,dikchu
2023-10-04 07:10:00,0.11920292202211755,0.0,dikchu
2023-10-04 07:20:00,0.11920292202211755,0.0,dikchu
2023-10-04 07:30:00,0.1242475903708038,0.05899107227179099,dikchu
2023-10-04 07:40:00,0.11920292202211755,0.0,dikchu
2023-10-04 07:50:00,0.16484972258252134,0.4717782563195992,dikchu
2023-10-04 08:00:00,0.1560493127960446,0.3900974994493095,dikchu
2023-10-04 08:10:00,0.1428328628628325,0.2600527876351317,dikchu
2023-10-04 08:20:00,0.17222570617418775,0.5375816706793431,dikchu
2023-10-04 08:30:00,0.11920292202211755,0.0,dikchu
2023-10-04 08:40:00,0.11920292202211755,0.0,dikchu
2023-10-04 08:50:00,0.11920292202211755,0.0,dikchu
2023-10-04 09:00:00,0.11920292202211755,0.0,dikchu
2023-10-04 09:10:00,0.11920292202211755,0.0,dikchu
2023-10-04 09:20:00,0.12335908674925826,0.04875255887551784,dikchu
2023-10-04 09:30:00,0.12328281758375835,0.04787073567011719,dikchu
2023-10-04 09:40:00,0.11920292202211755,0.0,dikchu
2023-10-04 09:50:00,0.1388744314747368,0.21916227504345087,dikchu
2023-10-04 10:00:00,0.15041716967438248,0.33583390489079745,dikchu
2023-10-04 10:10:00,0.11920292202211755,0.0,dikchu
2023-10-04 10:20:00,0.13175768612119992,0.14311710655543677,dikchu
2023-10-04 10:30:00,0.15047558396847407,0.3364051948892244,dikchu
2023-10-04 10:40:00,0.1275438862611657,0.09643519746416454,dikchu
2023-10-04 10:50:00,0.11920292202211755,0.0,dikchu
2023-10-04 11:00:00,0.11920292202211755,0.0,dikchu
2023-10-04 11:10:00,0.11920292202211755,0.0,dikchu
2023-10-04 11:20:00,0.11920292202211755,0.0,dikchu
2023-10-04 11:30:00,0.12795497579502435,0.1010467432506549,dikchu
2023-10-04 11:40:00,0.11920292202211755,0.0,dikchu
2023-10-04 11:50:00,0.12522045232973564,0.07012986687074939,dikchu
2023-10-04 12:00:00,0.11920292202211755,0.0,dikchu
2023-10-04 12:10:00,0.12570857754103126,0.07569074509545269,dikchu
2023-10-04 12:20:00,0.11920292202211755,0.0,dikchu
2023-10-04 12:30:00,0.11920292202211755,0.0,dikchu
2023-10-04 12:40:00,0.15476124994763246,0.377830593242652,dikchu
2023-10-04 12:50:00,0.11920292202211755,0.0,dikchu
2023-10-04 13:00:00,0.16461226904237194,0.4696210730880192,dikchu
2023-10-04 13:10:00,0.13732718125661084,0.2029134557638538,dikchu
2023-10-04 13:20:00,0.15268485325035594,0.3578791436386462,dikchu
2023-10-04 13:30:00,0.11920292202211755,0.0,dikchu
2023-10-04 13:40:00,0.11920292202211755,0.0,dikchu
2023-10-04 13:50:00,0.13586003800796415,0.18736309348811392,dikchu
2023-10-04 14:00:00,0.15634868112606673,0.3929367106693766,dikchu
2023-10-04 14:10:00,0.11920292202211755,0.0,dikchu
2023-10-04 14:20:00,0.18806408575083483,0.671701715859718,dikchu
2023-10-04 14:30:00,0.11920292202211755,0.0,dikchu
2023-10-04 14:40:00,0.13516693754401155,0.1799676149797623,dikchu
2023-10-04 14:50:00,0.11920292202211755,0.0,dikchu
2023-10-04 15:00:00,0.12161423469497858,0.028460198683889517,dikchu
2023-10-04 15:10:00,0.12436570315247167,0.0603473871780511,dikchu
2023-10-04 15:20:00,0.12200785576928752,0.03305973495260939,dikchu
2023-10-04 15:30:00,0.1411804714873525,0.24310025816517822,dikchu
2023-10-04 15:40:00,0.11920292202211755,0.0,dikchu
2023-10-04 15:50:00,0.1521160583225211,0.35237500737007366,dikchu
2023-10-04 16:00:00,0.11920292202211755,0.0,dikchu
2023-10-04 16:10:00,0.15677934806327912,0.3970134007998131,dikchu
2023-10-04 16:20:00,0.11920292202211755,0.0,dikchu
2023-10-04 16:30:00,0.1311567516537122,0.13653807254660838,dikchu
2023-10-04 16:40:00,0.12731622935808481,0.093875911534328,dikchu
2023-10-04 16:50:00,0.1278860909008811,0.10027488474371929,dikchu
2023-10-04 17:00:00,0.11972928958628239,0.006254735763959608,dikchu
2023-10-04 17:10:00,0.11920292202211755,0.0,dikchu
2023-10-04 17:20:00,0.13380511924823874,0.16534311082071343,dikchu
2023-10-04 17:30:00,0.11920292202211755,0.0,dikchu
2023-10-04 17:40:00,0.11920292202211755,0.0,dikchu
2023-10-04 17:50:00,0.11920292202211755,0.0,dikchu
2023-10-04 18:00:00,0.14200788026756261,0.25160954489839144,dikchu
2023-10-04 18:10:00,0.1390473614091074,0.22096888648313706,dikchu
2023-10-04 18:20:00,0.13261305923791553,0.15243797897952185,dikchu
2023-10-04 18:30:00,0.11920292202211755,0.0,dikchu
2023-10-04 18:40:00,0.12789056342567753,0.1003250103644894,dikchu
2023-10-04 18:50:00,0.15525120046315072,0.38250643591131306,dikchu
2023-10-04 19:00:00,0.15167071197622206,0.34805366316309566,dikchu
2023-10-04 19:10:00,0.13709164793692827,0.2004264708567413,dikchu
2023-10-04 19:20:00,0.13371207061136808,0.16433928258608776,dikchu
2023-10-04 19:30:00,0.14345542173567194,0.26639746699034783,dikchu
2023-10-04 19:40:00,0.12619981802880698,0.08126847926129213,dikchu
2023-10-04 19:50:00,0.11920292202211755,0.0,dikchu
2023-10-04 20:00:00,0.13417364968799242,0.16931310626806367,dikchu
2023-10-04 20:10:00,0.11920292202211755,0.0,dikchu
2023-10-04 20:20:00,0.12721089130327148,0.09269039353922857,dikchu
2023-10-04 20:30:00,0.11920292202211755,0.0,dikchu
2023-10-04 20:40:00,0.11920292202211755,0.0,dikchu
2023-10-04 20:50:00,0.14497474951464853,0.2817857309323157,dikchu
2023-10-04 21:00:00,0.14058069774727916,0.23690594230461692,dikchu
2023-10-04 21:10:00,0.11920292202211755,0.0,dikchu
2023-10-04 21:20:00,0.1232648206160447,0.04766258657624961,dikchu
2023-10-04 21:30:00,0.11920292202211755,0.0,dikchu
2023-10-04 21:40:00,0.11920292202211755,0.0,dikchu
2023-10-04 21:50:00,0.12322247146191298,0.047172682224654205,dikchu
2023-10-04 22:00:00,0.14757047659431186,0.30776916729613046,dikchu
2023-10-04 22:10:00,0.15216770410343908,0.3528754714361606,dikchu
2023-10-04 22:20:00,0.1373347583350495,0.2029934021988237,dikchu
2023-10-04 22:30:00,0.11920292202211755,0.0,dikchu
2023-10-04 22:40:00,0.12907394568318006,0.11353548336134661,dikchu
2023-10-04 22:50:00,0.25856603390035265,1.183206260612927,dikchu
2023-10-04 23:00:00,0.12622119618388594,0.08151079292678283,dikchu
2023-10-04 23:10:00,0.11920292202211755,0.0,dikchu
2023-10-04 23:20:00,0.11920292202211755,0.0,dikchu
2023-10-04 23:30:00,0.12153345459810629,0.027514682455700625,dikchu
2023-10-04 23:40:00,0.13872671484928104,0.2176175740188714,dikchu
2023-10-04 23:50:00,0.11920292202211755,0.0,dikchu
2023-10-05 00:00:00,0.12341867784373428,0.04944122445649313,dikchu
2023-10-05 00:10:00,0.11920292202211755,0.0,dikchu
2023-10-05 00:20:00,0.12515069371081053,0.06933363844404733,dikchu
2023-10-05 00:30:00,0.13827070066241595,0.21284022410644676,dikchu
2023-10-05 00:40:00,0.11920292202211755,0.0,dikchu
2023-10-05 00:50:00,0.14079509385167693,0.2391227055496676,dikchu
2023-10-05 01:00:00,0.12529466803679692,0.07097655156264498,dikchu
2023-10-05 01:10:00,0.12560708264777762,0.07453600766421017,dikchu
2023-10-05 01:20:00,0.19566388751211058,0.7329763692064555,dikchu
2023-10-05 01:30:00,0.1519055813452529,0.35033397516219134,dikchu
2023-10-05 01:40:00,0.1464796498408903,0.2968964059204932,dikchu
2023-10-05 01:50:00,0.11920292202211755,0.0,dikchu
2023-10-05 02:00:00,0.16508834563806474,0.4739435532820398,dikchu
2023-10-05 02:10:00,0.1589938660108676,0.4178333366208152,dikchu
2023-10-05 02:20:00,0.11920292202211755,0.0,dikchu
2023-10-05 02:30:00,0.2292014297132257,0.9839676762090629,dikchu
2023-10-05 02:40:00,0.11920292202211755,0.0,dikchu
2023-10-05 02:50:00,0.16886702966673262,0.5079022550411675,dikchu
2023-10-05 03:00:00,0.11920292202211755,0.0,dikchu
2023-10-05 03:10:00,0.1294291247236675,0.11748032118655832,dikchu
2023-10-05 03:20:00,0.16543490323286247,0.47708379566278264,dikchu
2023-10-05 03:30:00,0.12166765868321265,0.02908521945710158,dikchu
2023-10-05 03:40:00,0.16628907392112752,0.4848011902076265,dikchu
2023-10-05 03:50:00,0.13492152867253684,0.1773413990360855,dikchu
2023-10-05 04:00:00,0.1402566009209293,0.23354954640447706,dikchu
2023-10-05 04:10:00,0.14818476273523096,0.31386280797815647,dikchu
2023-10-05 04:20:00,0.11920292202211755,0.0,dikchu
2023-10-05 04:30:00,0.11920292202211755,0.0,dikchu
2023-10-05 04:40:00,0.17504293917499797,0.5621249663062271,dikchu
2023-10-05 04:50:00,0.11920292202211755,0.0,dikchu
2023-10-05 05:00:00,0.12101581007539848,0.02144285968983506,dikchu
2023-10-05 05:10:00,0.18277202429876244,0.6279018892569352,dikchu
2023-10-05 05:20:00,0.11920292202211755,0.0,dikchu
2023-10-05 05:30:00,0.11920292202211755,0.0,dikchu
2023-10-05 05:40:00,0.14360635524790563,0.2679322205439706,dikchu
2023-10-05 05:50:00,0.11920292202211755,0.0,dikchu
2023-10-05 06:00:00,0.18519814723794975,0.6481016997644403,dikchu
2023-10-05 06:10:00,0.13749468279861027,0.2046799150570632,dikchu
2023-10-05 06:20:00,0.1520224418549639,0.3514674784256975,dikchu
2023-10-05 06:30:00,0.11920292202211755,0.0,dikchu
2023-10-05 06:40:00,0.11920292202211755,0.0,dikchu
2023-10-05 06:50:00,0.30528804206677546,1.4721980256511398,dikchu
2023-10-05 07:00:00,0.1216053227682789,0.028355912775520145,dikchu
2023-10-05 07:10:00,0.1357464079832886,0.1861528286480788,dikchu
2023-10-05 07:20:00,0.11920292202211755,0.0,dikchu
2023-10-05 07:30:00,0.25379766018193456,1.1519256745870607,dikchu
2023-10-05 07:40:00,0.158137206566147,0.4098075054750229,dikchu
2023-10-05 07:50:00,0.12131701175830936,0.02497858659261872,dikchu
2023-10-05 08:00:00,0.14679810390162357,0.3000774887040934,dikchu
2023-10-05 08:10:00,0.13670860727989526,0.196374276878372,dikchu
2023-10-05 08:20:00,0.11920292202211755,0.0,dikchu
2023-10-05 08:30:00,0.1649364559818798,0.47256557735933247,dikchu
2023-10-05 08:40:00,0.11920292202211755,0.0,dikchu
2023-10-05 08:50:00,0.22626342082698597,0.9630855258961137,dikchu
2023-10-05 09:00:00,0.11920292202211755,0.0,dikchu
2023-10-05 09:10:00,0.13155074682789736,0.14085441383312491,dikchu
2023-10-05 09:20:00,0.1601226784776806,0.42835553319892783,dikchu
2023-10-05 09:30:00,0.14663686627456088,0.29846757822196823,dikchu
2023-10-05 09:40:00,0.19410478972160192,0.7205555555555555,dikchu
2023-10-05 09:50:00,0.13246068594851737,0.15078132748901854,dikchu
2023-10-05 10:00:00,0.1731878557716843,0.5459992011861685,dikchu
2023-10-05 10:10:00,0.16999635541323427,0.5179336327817159,dikchu
2023-10-05 10:20:00,0.16466317532136365,0.4700837492883294,dikchu
2023-10-05 10:30:00,0.11920292202211755,0.0,dikchu
2023-10-05 10:40:00,0.14284284751125012,0.2601547257239382,dikchu
2023-10-05 10:50:00,0.290518971709173,1.383918905691437,dikchu
2023-10-05 11:00:00,0.11920292202211755,0.0,dikchu
2023-10-05 11:10:00,0.11920292202211755,0.0,dikchu
2023-10-05 11:20:00,0.1310835147430604,0.13573452621420531,dikchu
2023-10-05 11:30:00,0.1325562761684277,0.1518208037529957,dikchu
2023-10-05 11:40:00,0.14315480503706307,0.26333666391305155,dikchu
2023-10-05 11:50:00,0.14784694444940982,0.3105142827081029,dikchu
2023-10-05 12:00:00,0.1684589113572994,0.5042639475602376,dikchu
2023-10-05 12:10:00,0.24209778755724137,1.0734841942053879,dikchu
2023-10-05 12:20:00,0.11920292202211755,0.0,dikchu
2023-10-05 12:30:00,0.22935342401638065,0.9850428482397647,dikchu
2023-10-05 12:40:00,0.1247291397414286,0.06451388888888887,dikchu
2023-10-05 12:50:00,0.21582987267024198,0.8873305935777134,dikchu
2023-10-05 13:00:00,0.12376519539564346,0.05344011022636796,dikchu
2023-10-05 13:10:00,0.11920292202211755,0.0,dikchu
2023-10-05 13:20:00,0.15951145658410626,0.4226655321002944,dikchu
2023-10-05 13:30:00,0.1441346929113009,0.27329402200408276,dikchu
2023-10-05 13:40:00,0.1295637195689224,0.11897280676980554,dikchu
2023-10-05 13:50:00,0.1646614752960014,0.4700682999778738,dikchu
2023-10-05 14:00:00,0.11920292202211755,0.0,dikchu
2023-10-05 14:10:00,0.1668899466359838,0.4902110533448591,dikchu
2023-10-05 14:20:00,0.20639345137071183,0.8164956218891936,dikchu
2023-10-05 14:30:00,0.11920292202211755,0.0,dikchu
2023-10-05 14:40:00,0.1406732813626555,0.23786356355005941,dikchu
2023-10-05 14:50:00,0.14872819375386293,0.31923620399443753,dikchu
2023-10-05 15:00:00,0.14062469748773412,0.23736111111111108,dikchu
2023-10-05 15:10:00,0.2229394649673086,0.9392275263315514,dikchu
2023-10-05 15:20:00,0.18963720166945217,0.684538419184576,dikchu
2023-10-05 15:30:00,0.13235295297359306,0.14960904520124238,dikchu
2023-10-05 15:40:00,0.27749394656433035,1.303841650446001,dikchu
2023-10-05 15:50:00,0.18453289656898178,0.6425833333333333,dikchu
2023-10-05 16:00:00,0.1417495248526756,0.24895700578975521,dikchu
2023-10-05 16:10:00,0.23623277531928677,1.0331932400118984,dikchu
2023-10-05 16:20:00,0.11920292202211755,0.0,dikchu
2023-10-05 16:30:00,0.21235122267543935,0.8614866726638878,dikchu
2023-10-05 16:40:00,0.11920292202211755,0.0,dikchu
2023-10-05 16:50:00,0.11920292202211755,0.0,dikchu
2023-10-05 17:00:00,0.19371038666035123,0.717401489569426,dikchu
2023-10-05 17:10:00,0.11920292202211755,0.0,dikchu
2023-10-05 17:20:00,0.1274903172290882,0.09583333333333333,dikchu
2023-10-05 17:30:00,0.15809360230092018,0.40939804475890484,dikchu
2023-10-05 17:40:00,0.1504888380561046,0.336534794056133,dikchu
2023-10-05 17:50:00,0.11920292202211755,0.0,dikchu
2023-10-05 18:00:00,0.18034578906286458,0.6074918763009011,dikchu
2023-10-05 18:10:00,0.14327647338807883,0.26457610440794244,dikchu
2023-10-05 18:20:00,0.14167118982533167,0.24815194151124909,dikchu
2023-10-05 18:30:00,0.13514502283209404,0.17973326078764262,dikchu
2023-10-05 18:40:00,0.20995244436767993,0.8434848862854216,dikchu
2023-10-05 18:50:00,0.11920292202211755,0.0,dikchu
2023-10-05 19:00:00,0.15495176516744485,0.3796502095632831,dikchu
2023-10-05 19:10:00,0.12123661753243324,0.024035601086564537,dikchu
2023-10-05 19:20:00,0.12594365187298992,0.07836219306085702,dikchu
2023-10-05 19:30:00,0.19225529174954603,0.7057225998762563,dikchu
2023-10-05 19:40:00,0.1449598079301338,0.2816350515096948,dikchu
2023-10-05 19:50:00,0.1688992946864732,0.508189593340021,dikchu
2023-10-05 20:00:00,0.11920292202211755,0.0,dikchu
2023-10-05 20:10:00,0.16765390785509973,0.49706681472711167,dikchu
2023-10-05 20:20:00,0.15289576719001693,0.3599158509797889,dikchu
2023-10-05 20:30:00,0.17166586626846786,0.5326666666666667,dikchu
2023-10-05 20:40:00,0.14829033520006007,0.31490797085031796,dikchu
2023-10-05 20:50:00,0.12465721224149852,0.06369012644571613,dikchu
2023-10-05 21:00:00,0.16781241344319592,0.4984861111111111,dikchu
2023-10-05 21:10:00,0.19042772392930213,0.6909583333333332,dikchu
2023-10-05 21:20:00,0.1575246699060126,0.4040471253918222,dikchu
2023-10-05 21:30:00,0.14183646836558045,0.24985010637355867,dikchu
2023-10-05 21:40:00,0.11920292202211755,0.0,dikchu
2023-10-05 21:50:00,0.1972806561746476,0.7457777777777778,dikchu
2023-10-05 22:00:00,0.15702292883994087,0.399315099647402,dikchu
2023-10-05 22:10:00,0.21101718071339373,0.8514937625456688,dikchu
2023-10-05 22:20:00,0.11920292202211755,0.0,dikchu
2023-10-05 22:30:00,0.13613542774111223,0.1902927137880147,dikchu
2023-10-05 22:40:00,0.13975683122077087,0.2283611111111111,dikchu
2023-10-05 22:50:00,0.21075028741103685,0.8494889966919938,dikchu
2023-10-05 23:00:00,0.11920292202211755,0.0,dikchu
2023-10-05 23:10:00,0.11980941413710162,0.007204757298911201,dikchu
2023-10-05 23:20:00,0.19716572187200998,0.7448703608175528,dikchu
2023-10-05 23:30:00,0.11920292202211755,0.0,dikchu
2023-10-05 23:40:00,0.17757135841628635,0.5838885330639527,dikchu
2023-10-05 23:50:00,0.2335911907877517,1.0148210233858619,dikchu
2023-10-06 00:00:00,0.11920292202211755,0.0,dikchu
2023-10-06 00:10:00,0.11920292202211755,0.0,dikchu
2023-10-06 00:20:00,0.27133756621989535,1.265191383206517,dikchu
2023-10-06 00:30:00,0.11997986346954664,0.009223918311801766,dikchu
2023-10-06 00:40:00,0.2643895447413912,1.2209035724866952,dikchu
2023-10-06 00:50:00,0.12421006349399802,0.058559911334536065,dikchu
2023-10-06 01:00:00,0.12519203496850975,0.06980555555555554,dikchu
2023-10-06 01:10:00,0.18788603672913132,0.670243640304379,dikchu
2023-10-06 01:20:00,0.11920292202211755,0.0,dikchu
2023-10-06 01:30:00,0.12581066267411556,0.07685139290036012,dikchu
2023-10-06 01:40:00,0.1268315354485574,0.08841400517481143,dikchu
2023-10-06 01:50:00,0.15408145509415253,0.3713228992614383,dikchu
2023-10-06 02:00:00,0.14993356334875668,0.3310972222222222,dikchu
2023-10-06 02:10:00,0.11920292202211755,0.0,dikchu
2023-10-06 02:20:00,0.1577834126038178,0.4064825943205223,dikchu
2023-10-06 02:30:00,0.1666993087010625,0.48849636475524005,dikchu
2023-10-06 02:40:00,0.15566757237339432,0.38647062322994824,dikchu
2023-10-06 02:50:00,0.12759541779325753,0.097013966032719,dikchu
2023-10-06 03:00:00,0.17055461713426875,0.5228728956297685,dikchu
2023-10-06 03:10:00,0.11920292202211755,0.0,dikchu
2023-10-06 03:20:00,0.1520197608323534,0.35144148152532567,dikchu
2023-10-06 03:30:00,0.19930434220077412,0.7616901152283025,dikchu
2023-10-06 03:40:00,0.1847884179001532,0.6447047425706747,dikchu
2023-10-06 03:50:00,0.18762793556595075,0.6681281163806859,dikchu
2023-10-06 04:00:00,0.12532108095161462,0.07127777777777777,dikchu
2023-10-06 04:10:00,0.11920292202211755,0.0,dikchu
2023-10-06 04:20:00,0.20227988827063512,0.7848681563946314,dikchu
2023-10-06 04:30:00,0.17092414475352583,0.5261352588692956,dikchu
2023-10-06 04:40:00,0.1561726744458142,0.39126799935700324,dikchu
2023-10-06 04:50:00,0.1284835028169578,0.10695714865392125,dikchu
2023-10-06 05:00:00,0.12724517360806767,0.0930763127761303,dikchu
2023-10-06 05:10:00,0.2800749279324969,1.3198875338848135,dikchu
2023-10-06 05:20:00,0.17859912013181486,0.5926655865670524,dikchu
2023-10-06 05:30:00,0.16489298399104263,0.47217100260528444,dikchu
2023-10-06 05:40:00,0.1303687151175139,0.12787174328716341,dikchu
2023-10-06 05:50:00,0.1617135465143935,0.4430833333333334,dikchu
2023-10-06 06:00:00,0.14980574255371426,0.3298431795090841,dikchu
2023-10-06 06:10:00,0.11920292202211755,0.0,dikchu
2023-10-06 06:20:00,0.18192438116170975,0.6207954208968995,dikchu
2023-10-06 06:30:00,0.13947173056965584,0.2253943312961082,dikchu
2023-10-06 06:40:00,0.11920292202211755,0.0,dikchu
2023-10-06 06:50:00,0.18414110002207046,0.6393261104484833,dikchu
2023-10-06 07:00:00,0.11920292202211755,0.0,dikchu
2023-10-06 07:10:00,0.1307479238385632,0.1320475807732703,dikchu
2023-10-06 07:20:00,0.14660491360543057,0.2981483661566704,dikchu
2023-10-06 07:30:00,0.15840430773141762,0.41231368852056977,dikchu
2023-10-06 07:40:00,0.11920292202211755,0.0,dikchu
2023-10-06 07:50:00,0.1365545804047055,0.19474212987883177,dikchu
2023-10-06 08:00:00,0.11920292202211755,0.0,dikchu
2023-10-06 08:10:00,0.11947974985231456,0.0032924669666194516,dikchu
2023-10-06 08:20:00,0.14670203184633293,0.2991184137827124,dikchu
2023-10-06 08:30:00,0.19692738475364013,0.7429873945887581,dikchu
2023-10-06 08:40:00,0.18088071639745987,0.612010087390704,dikchu
2023-10-06 08:50:00,0.23362279304209888,1.0150416666666666,dikchu
2023-10-06 09:00:00,0.11920292202211755,0.0,dikchu
2023-10-06 09:10:00,0.2381969859038434,1.0467624907787212,dikchu
2023-10-06 09:20:00,0.15822542362807474,0.4106356170767489,dikchu
2023-10-06 09:30:00,0.1436626804017847,0.26850461369707285,dikchu
2023-10-06 09:40:00,0.24219365126402306,1.0741371769895625,dikchu
2023-10-06 09:50:00,0.12979315268142666,0.12151388888888887,dikchu
2023-10-06 10:00:00,0.11920292202211755,0.0,dikchu
2023-10-06 10:10:00,0.13613255769199464,0.19026220771011415,dikchu
2023-10-06 10:20:00,0.1509670926243388,0.3412049221308604,dikchu
2023-10-06 10:30:00,0.16863205290225672,0.505808333077385,dikchu
2023-10-06 10:40:00,0.12222675823861025,0.03561212516374929,dikchu
2023-10-06 10:50:00,0.11920292202211755,0.0,dikchu
2023-10-06 11:00:00,0.1531622746085074,0.3624861111111111,dikchu
2023-10-06 11:10:00,0.21968245911148537,0.9156027443451581,dikchu
2023-10-06 11:20:00,0.11920292202211755,0.0,dikchu
2023-10-06 11:30:00,0.17506378935619477,0.5623054439986731,dikchu
2023-10-06 11:40:00,0.14642800442290851,0.2963799728216354,dikchu
2023-10-06 11:50:00,0.20052031556654587,0.7711930556544386,dikchu
2023-10-06 12:00:00,0.19978868108547948,0.7654804649448974,dikchu
2023-10-06 12:10:00,0.13106306728174025,0.13551011112302214,dikchu
2023-10-06 12:20:00,0.11939986981032619,0.002343086785597021,dikchu
2023-10-06 12:30:00,0.11920292202211755,0.0,dikchu
2023-10-06 12:40:00,0.2019890631569659,0.7826140630939462,dikchu
2023-10-06 12:50:00,0.13185717487068502,0.14420385254119217,dikchu
2023-10-06 13:00:00,0.1366914882515537,0.19619295143785084,dikchu
2023-10-06 13:10:00,0.12894975303955775,0.11215394144331157,dikchu
2023-10-06 13:20:00,0.19415616614042208,0.7209660576609205,dikchu
2023-10-06 13:30:00,0.1437647762656844,0.2695416666666667,dikchu
2023-10-06 13:40:00,0.12358965203733187,0.05141550641882176,dikchu
2023-10-06 13:50:00,0.125160972125436,0.06945098067765375,dikchu
2023-10-06 14:00:00,0.13892823946166025,0.21972461303464366,dikchu
2023-10-06 14:10:00,0.11920292202211755,0.0,dikchu
2023-10-06 14:20:00,0.1195097744089717,0.0036491691810535618,dikchu
2023-10-06 14:30:00,0.23424841569745045,1.0194054289145105,dikchu
2023-10-06 14:40:00,0.12673421342357513,0.08731515538365181,dikchu
2023-10-06 14:50:00,0.34436190744672873,1.6951052654422165,dikchu
2023-10-06 15:00:00,0.14399497400783845,0.2718776857910845,dikchu
2023-10-06 15:10:00,0.26863787354553464,1.2480694444444445,dikchu
2023-10-06 15:20:00,0.1910817489289497,0.6962543484319464,dikchu
2023-10-06 15:30:00,0.21123823160002497,0.8531527777777778,dikchu
2023-10-06 15:40:00,0.2197256712689531,0.9159178226694468,dikchu
2023-10-06 15:50:00,0.12097539832838586,0.020967899726291723,dikchu
2023-10-06 16:00:00,0.11920292202211755,0.0,dikchu
2023-10-06 16:10:00,0.23791584005229707,1.0448250027455204,dikchu
2023-10-06 16:20:00,0.21750580407704664,0.899673788185571,dikchu
2023-10-06 16:30:00,0.11920292202211755,0.0,dikchu
2023-10-06 16:40:00,0.11920292202211755,0.0,dikchu
2023-10-06 16:50:00,0.15024717206974894,0.33417029401593906,dikchu
2023-10-06 17:00:00,0.14511468120540605,0.28319625601161125,dikchu
2023-10-06 17:10:00,0.14639689022334282,0.29606877068227755,dikchu
2023-10-06 17:20:00,0.23483224310741088,1.0234703753329448,dikchu
2023-10-06 17:30:00,0.11920292202211755,0.0,dikchu
2023-10-06 17:40:00,0.19957654995534996,0.7638212144931726,dikchu
2023-10-06 17:50:00,0.11920292202211755,0.0,dikchu
2023-10-06 18:00:00,0.11920292202211755,0.0,dikchu
2023-10-06 18:10:00,0.12943330102924222,0.11752665095908803,dikchu
2023-10-06 18:20:00,0.17121012945702563,0.5286562246889653,dikchu
2023-10-06 18:30:00,0.14346653862538414,0.2665105539073596,dikchu
2023-10-06 18:40:00,0.1386153794297221,0.21645240603607105,dikchu
2023-10-06 18:50:00,0.11920292202211755,0.0,dikchu
2023-10-06 19:00:00,0.21114065173745591,0.8524205852301459,dikchu
2023-10-06 19:10:00,0.13025525362570234,0.12662030141303213,dikchu
2023-10-06 19:20:00,0.11920292202211755,0.0,dikchu
2023-10-06 19:30:00,0.1333120845222539,0.1600174084460117,dikchu
2023-10-06 19:40:00,0.13853254089417114,0.21558495930914748,dikchu
2023-10-06 19:50:00,0.1550542731326961,0.3806285101743493,dikchu
2023-10-06 20:00:00,0.13157048095114243,0.14107031870729592,dikchu
2023-10-06 20:10:00,0.11920292202211755,0.0,dikchu
2023-10-06 20:20:00,0.24423381427027363,1.0879924643223915,dikchu
2023-10-06 20:30:00,0.12922196105221248,0.11518055555555554,dikchu
2023-10-06 20:40:00,0.18371168806239513,0.6357499999999999,dikchu
2023-10-06 20:50:00,0.2473906043904046,1.1092776494394296,dikchu
2023-10-06 21:00:00,0.16515890458037574,0.47458333333333336,dikchu
2023-10-06 21:10:00,0.13416636068823273,0.16923467488282254,dikchu
2023-10-06 21:20:00,0.1486593845567781,0.3185567221151252,dikchu
2023-10-06 21:30:00,0.1331911985043891,0.15870906876044522,dikchu
2023-10-06 21:40:00,0.1996343542611159,0.7642734802263986,dikchu
2023-10-06 21:50:00,0.11920292202211755,0.0,dikchu
2023-10-06 22:00:00,0.20549970825466327,0.8096640763337849,dikchu
2023-10-06 22:10:00,0.12971410562976768,0.12063883667848338,dikchu
2023-10-06 22:20:00,0.1278789137877766,0.10019444444444445,dikchu
2023-10-06 22:30:00,0.11920292202211755,0.0,dikchu
2023-10-06 22:40:00,0.16175194065662435,0.44343732621398646,dikchu
2023-10-06 22:50:00,0.11920292202211755,0.0,dikchu
2023-10-06 23:00:00,0.11920292202211755,0.0,dikchu
2023-10-06 23:10:00,0.12369343974452947,0.05261282506611721,dikchu
2023-10-06 23:20:00,0.21508461697367165,0.8818194979631416,dikchu
2023-10-06 23:30:00,0.11920292202211755,0.0,dikchu
2023-10-06 23:40:00,0.13401048592532142,0.1675565625412569,dikchu
2023-10-06 23:50:00,0.12855625787667757,0.10776912883260555,dikchu
2023-10-02 00:00:00,0.11920292202211755,0.0,gangtok
2023-10-02 00:10:00,0.11920292202211755,0.0,gangtok
2023-10-02 00:20:00,0.11920292202211755,0.0,gangtok
2023-10-02 00:30:00,0.11920292202211755,0.0,gangtok
2023-10-02 00:40:00,0.11920292202211755,0.0,gangtok
2023-10-02 00:50:00,0.11920292202211755,0.0,gangtok
2023-10-02 01:00:00,0.11920292202211755,0.0,gangtok
2023-10-02 01:10:00,0.11920292202211755,0.0,gangtok
2023-10-02 01:20:00,0.11920292202211755,0.0,gangtok
2023-10-02 01:30:00,0.11920292202211755,0.0,gangtok
2023-10-02 01:40:00,0.11920292202211755,0.0,gangtok
2023-10-02 01:50:00,0.11920292202211755,0.0,gangtok
2023-10-02 02:00:00,0.16483743252911187,0.4716666666666666,gangtok
2023-10-02 02:10:00,0.11920292202211755,0.0,gangtok
2023-10-02 02:20:00,0.11920292202211755,0.0,gangtok
2023-10-02 02:30:00,0.16189980520872807,0.44480000000000003,gangtok
2023-10-02 02:40:00,0.11920292202211755,0.0,gangtok
2023-10-02 02:50:00,0.11920292202211755,0.0,gangtok
2023-10-02 03:00:00,0.1784949496289018,0.5917777777777777,gangtok
2023-10-02 03:10:00,0.3485478340667237,1.7182143816955744,gangtok
2023-10-02 03:20:00,0.2549444272934102,1.1594834742380888,gangtok
2023-10-02 03:30:00,0.29474862232361015,1.409460702522063,gangtok
2023-10-02 03:40:00,0.11920292202211755,0.0,gangtok
2023-10-02 03:50:00,0.11920292202211755,0.0,gangtok
2023-10-02 04:00:00,0.13088003783746677,0.1335,gangtok
2023-10-02 04:10:00,0.11920292202211755,0.0,gangtok
2023-10-02 04:20:00,0.11920292202211755,0.0,gangtok
2023-10-02 04:30:00,0.1411364971110963,0.24264684963346717,gangtok
2023-10-02 04:40:00,0.11920292202211755,0.0,gangtok
2023-10-02 04:50:00,0.11920292202211755,0.0,gangtok
2023-10-02 05:00:00,0.11920292202211755,0.0,gangtok
2023-10-02 05:10:00,0.12453788239264263,0.06232258064516127,gangtok
2023-10-02 05:20:00,0.1371194670386198,0.2007203984681791,gangtok
2023-10-02 05:30:00,0.1351132978372603,0.17939393939393938,gangtok
2023-10-02 05:40:00,0.15605143552650227,0.39011764705882357,gangtok
2023-10-02 05:50:00,0.11920292202211755,0.0,gangtok
2023-10-02 06:00:00,0.11920292202211755,0.0,gangtok
2023-10-02 06:10:00,0.12210730732634549,0.03421982266770966,gangtok
2023-10-02 06:20:00,0.1884873161447165,0.6751633741234545,gangtok
2023-10-02 06:30:00,0.13884664337738442,0.21887179487179484,gangtok
2023-10-02 06:40:00,0.1309214179152894,0.13395466327050773,gangtok
2023-10-02 06:50:00,0.11920292202211755,0.0,gangtok
2023-10-02 07:00:00,0.15131262156189418,0.3445714285714286,gangtok
2023-10-02 07:10:00,0.11920292202211755,0.0,gangtok
2023-10-02 07:20:00,0.11920292202211755,0.0,gangtok
2023-10-02 07:30:00,0.11920292202211755,0.0,gangtok
2023-10-02 07:40:00,0.16802050925346554,0.5003478260869565,gangtok
2023-10-02 07:50:00,0.15620269920082,0.3915527710617516,gangtok
2023-10-02 08:00:00,0.1909233371029799,0.6949728699223595,gangtok
2023-10-02 08:10:00,0.1281373806591836,0.10308888736216171,gangtok
2023-10-02 08:20:00,0.11920292202211755,0.0,gangtok
2023-10-02 08:30:00,0.1826411213648753,0.6268060995133602,gangtok
2023-10-02 08:40:00,0.11920292202211755,0.0,gangtok
2023-10-02 08:50:00,0.11920292202211755,0.0,gangtok
2023-10-02 09:00:00,0.11920292202211755,0.0,gangtok
2023-10-02 09:10:00,0.11920292202211755,0.0,gangtok
2023-10-02 09:20:00,0.11920292202211755,0.0,gangtok
2023-10-02 09:30:00,0.11920292202211755,0.0,gangtok
2023-10-02 09:40:00,0.15599581040600127,0.38958961494942806,gangtok
2023-10-02 09:50:00,0.11920292202211755,0.0,gangtok
2023-10-02 10:00:00,0.15584248334075623,0.3881333333333333,gangtok
2023-10-02 10:10:00,0.11920292202211755,0.0,gangtok
2023-10-02 10:20:00,0.13128419741530822,0.13793548387096774,gangtok
2023-10-02 10:30:00,0.11920292202211755,0.0,gangtok
2023-10-02 10:40:00,0.1768583712442959,0.5777762194209584,gangtok
2023-10-02 10:50:00,0.12641795125528518,0.0837392935903068,gangtok
2023-10-02 11:00:00,0.12002494763060909,0.00975757575757581,gangtok
2023-10-02 11:10:00,0.11920292202211755,0.0,gangtok
2023-10-02 11:20:00,0.1571453262321961,0.40047058823529413,gangtok
2023-10-02 11:30:00,0.1461515162124758,0.29361263408310334,gangtok
2023-10-02 11:40:00,0.3058170338053954,1.4753142857142858,gangtok
2023-10-02 11:50:00,0.16786957029924143,0.49899764450726236,gangtok
2023-10-02 12:00:00,0.11920292202211755,0.0,gangtok
2023-10-02 12:10:00,0.5077254125517694,2.538630136986301,gangtok
2023-10-02 12:20:00,0.2127077774795602,0.8641497444483607,gangtok
2023-10-02 12:30:00,0.11920292202211755,0.0,gangtok
2023-10-02 12:40:00,0.1245832037307941,0.0628421052631579,gangtok
2023-10-02 12:50:00,0.11920292202211755,0.0,gangtok
2023-10-02 13:00:00,0.11920292202211755,0.0,gangtok
2023-10-02 13:10:00,0.11920292202211755,0.0,gangtok
2023-10-02 13:20:00,0.11920292202211755,0.0,gangtok
2023-10-02 13:30:00,0.11920292202211755,0.0,gangtok
2023-10-02 13:40:00,0.21741531398462927,0.8990090902745917,gangtok
2023-10-02 13:50:00,0.5873267766351186,2.941156626506024,gangtok
2023-10-02 14:00:00,0.1537391466425779,0.36803707983802847,gangtok
2023-10-02 14:10:00,0.17930222427499454,0.5986473268065854,gangtok
2023-10-02 14:20:00,0.1730654342306208,0.5449302325581395,gangtok
2023-10-02 14:30:00,0.23718753226582018,1.039798606670293,gangtok
2023-10-02 14:40:00,0.11920292202211755,0.0,gangtok
2023-10-02 14:50:00,0.18496797592211772,0.6461941264432098,gangtok
2023-10-02 15:00:00,0.11920292202211755,0.0,gangtok
2023-10-02 15:10:00,0.1408565864973239,0.23975799206870665,gangtok
2023-10-02 15:20:00,0.12526380171969495,0.07062446755441595,gangtok
2023-10-02 15:30:00,0.11920292202211755,0.0,gangtok
2023-10-02 15:40:00,0.1502906320792574,0.33459574468085107,gangtok
2023-10-02 15:50:00,0.11920292202211755,0.0,gangtok
2023-10-02 16:00:00,0.11920292202211755,0.0,gangtok
2023-10-02 16:10:00,0.11920292202211755,0.0,gangtok
2023-10-02 16:20:00,0.1561078548106207,0.3906530612244898,gangtok
2023-10-02 16:30:00,0.2480655536494031,1.113804865904558,gangtok
2023-10-02 16:40:00,0.13004329642211537,0.12428000000000003,gangtok
2023-10-02 16:50:00,0.11920292202211755,0.0,gangtok
2023-10-02 17:00:00,0.11920292202211755,0.0,gangtok
2023-10-02 17:10:00,0.1397221032091314,0.22800000000000004,gangtok
2023-10-02 17:20:00,0.16027897321502654,0.4298076923076923,gangtok
2023-10-02 17:30:00,0.2165362073039013,0.8925411553350507,gangtok
2023-10-02 17:40:00,0.5794346063699226,2.900566037735849,gangtok
2023-10-02 17:50:00,0.139605188438783,0.22678373624091105,gangtok
2023-10-02 18:00:00,0.11920292202211755,0.0,gangtok
2023-10-02 18:10:00,0.12329387935427334,0.04799866079345988,gangtok
2023-10-02 18:20:00,0.23141348761264727,0.9995662129673524,gangtok
2023-10-02 18:30:00,0.14546040412543254,0.286676341794925,gangtok
2023-10-02 18:40:00,0.11920292202211755,0.0,gangtok
2023-10-02 18:50:00,0.16290139898133504,0.4540040463830677,gangtok
2023-10-02 19:00:00,0.12112292870676662,0.0227011654160357,gangtok
2023-10-02 19:10:00,0.1415043970655548,0.2464365409307496,gangtok
2023-10-02 19:20:00,0.11920292202211755,0.0,gangtok
2023-10-02 19:30:00,0.1206825612491111,0.017522086019152817,gangtok
2023-10-02 19:40:00,0.2625518267427013,1.2090658569486936,gangtok
2023-10-02 19:50:00,0.12218406243418822,0.03511460362848238,gangtok
2023-10-02 20:00:00,0.2504920994385442,1.1300131528295234,gangtok
2023-10-02 20:10:00,0.1892342583933276,0.6812581860692922,gangtok
2023-10-02 20:20:00,0.11920292202211755,0.0,gangtok
2023-10-02 20:30:00,0.13804005990868978,0.2104189198162627,gangtok
2023-10-02 20:40:00,0.16099495770873773,0.4364454119791191,gangtok
2023-10-02 20:50:00,0.11920292202211755,0.0,gangtok
2023-10-02 21:00:00,0.11920292202211755,0.0,gangtok
2023-10-02 21:10:00,0.11920292202211755,0.0,gangtok
2023-10-02 21:20:00,0.11920292202211755,0.0,gangtok
2023-10-02 21:30:00,0.13497972978545528,0.17796459624513494,gangtok
2023-10-02 21:40:00,0.1931865464022239,0.7132047531949179,gangtok
2023-10-02 21:50:00,0.11920292202211755,0.0,gangtok
2023-10-02 22:00:00,0.12849507809825214,0.10708636037398406,gangtok
2023-10-02 22:10:00,0.25701926177834045,1.173101138238002,gangtok
2023-10-02 22:20:00,0.15187423965389255,0.35002985074626863,gangtok
2023-10-02 22:30:00,0.13797434929363608,0.20972845721956743,gangtok
2023-10-02 22:40:00,0.11920292202211755,0.0,gangtok
2023-10-02 22:50:00,0.11920292202211755,0.0,gangtok
2023-10-02 23:00:00,0.11920292202211755,0.0,gangtok
2023-10-02 23:10:00,0.12146907004649969,0.026760685199199635,gangtok
2023-10-02 23:20:00,0.11920292202211755,0.0,gangtok
2023-10-02 23:30:00,0.11920292202211755,0.0,gangtok
2023-10-02 23:40:00,0.18138743416236636,0.6162804368870751,gangtok
2023-10-02 23:50:00,0.14778243430617508,0.3098741258741258,gangtok
2023-10-03 00:00:00,0.11920292202211755,0.0,gangtok
2023-10-03 00:10:00,0.11920292202211755,0.0,gangtok
2023-10-03 00:20:00,0.12040311003822494,0.014227050613153306,gangtok
2023-10-03 00:30:00,0.2146965707936815,0.8789444444444445,gangtok
2023-10-03 00:40:00,0.14067977406368845,0.23793069980382942,gangtok
2023-10-03 00:50:00,0.14315008281934538,0.2632885408026104,gangtok
2023-10-03 01:00:00,0.1493299655252435,0.32516759549433744,gangtok
2023-10-03 01:10:00,0.14400198698682187,0.27194880388454706,gangtok
2023-10-03 01:20:00,0.16933930712083534,0.5121037961317144,gangtok
2023-10-03 01:30:00,0.21302598730391756,0.8665236715416198,gangtok
2023-10-03 01:40:00,0.1828657004009033,0.6286856788570526,gangtok
2023-10-03 01:50:00,0.11920292202211755,0.0,gangtok
2023-10-03 02:00:00,0.11920292202211755,0.0,gangtok
2023-10-03 02:10:00,0.3502728773197636,1.7277000458957834,gangtok
2023-10-03 02:20:00,0.11920292202211755,0.0,gangtok
2023-10-03 02:30:00,0.13449079846533657,0.17272222222222217,gangtok
2023-10-03 02:40:00,0.1518225098931495,0.34952777777777777,gangtok
2023-10-03 02:50:00,0.19652889157512193,0.7398352800540393,gangtok
2023-10-03 03:00:00,0.11920292202211755,0.0,gangtok
2023-10-03 03:10:00,0.11920292202211755,0.0,gangtok
2023-10-03 03:20:00,0.13434380080995326,0.17114295099151947,gangtok
2023-10-03 03:30:00,0.11920292202211755,0.0,gangtok
2023-10-03 03:40:00,0.11920292202211755,0.0,gangtok
2023-10-03 03:50:00,0.22590712231812357,0.9605401102674442,gangtok
2023-10-03 04:00:00,0.18942283025923326,0.682793955305065,gangtok
2023-10-03 04:10:00,0.11920292202211755,0.0,gangtok
2023-10-03 04:20:00,0.11920292202211755,0.0,gangtok
2023-10-03 04:30:00,0.1713343281224354,0.5297499999999999,gangtok
2023-10-03 04:40:00,0.11920292202211755,0.0,gangtok
2023-10-03 04:50:00,0.11920292202211755,0.0,gangtok
2023-10-03 05:00:00,0.16543148524124934,0.4770528501813611,gangtok
2023-10-03 05:10:00,0.2462009225180793,1.1012776297019713,gangtok
2023-10-03 05:20:00,0.11920292202211755,0.0,gangtok
2023-10-03 05:30:00,0.11920292202211755,0.0,gangtok
2023-10-03 05:40:00,0.11920292202211755,0.0,gangtok
2023-10-03 05:50:00,0.23501703042885314,1.0247555123101526,gangtok
2023-10-03 06:00:00,0.11920292202211755,0.0,gangtok
2023-10-03 06:10:00,0.17912144862590376,0.5971111111111111,gangtok
2023-10-03 06:20:00,0.1800497032423792,0.604986521483643,gangtok
2023-10-03 06:30:00,0.11920292202211755,0.0,gangtok
2023-10-03 06:40:00,0.12059044802157887,0.016436698425770387,gangtok
2023-10-03 06:50:00,0.21179175622120552,0.8573014828020112,gangtok
2023-10-03 07:00:00,0.24444007890805416,1.0893888888888887,gangtok
2023-10-03 07:10:00,0.11920292202211755,0.0,gangtok
2023-10-03 07:20:00,0.11920292202211755,0.0,gangtok
2023-10-03 07:30:00,0.11920292202211755,0.0,gangtok
2023-10-03 07:40:00,0.12963134802488532,0.11972222222222223,gangtok
2023-10-03 07:50:00,0.13760792677450853,0.20587315328659592,gangtok
2023-10-03 08:00:00,0.15802823926688908,0.40878408904479413,gangtok
2023-10-03 08:10:00,0.18291434450447044,0.629092561995514,gangtok
2023-10-03 08:20:00,0.16468474682726258,0.47027977341422794,gangtok
2023-10-03 08:30:00,0.2947708173910212,1.409594165630987,gangtok
2023-10-03 08:40:00,0.4441790411533606,2.21972687632763,gangtok
2023-10-03 08:50:00,0.16861693192201177,0.5056735075654843,gangtok
2023-10-03 09:00:00,0.19181307822048385,0.7021599703523249,gangtok
2023-10-03 09:10:00,0.13911686305672602,0.22169444444444436,gangtok
2023-10-03 09:20:00,0.16545523426943065,0.477267856240227,gangtok
2023-10-03 09:30:00,0.16332564689527806,0.45788888888888885,gangtok
2023-10-03 09:40:00,0.15297933799273492,0.3607222222222222,gangtok
2023-10-03 09:50:00,0.17619310719080508,0.5720555555555555,gangtok
2023-10-03 10:00:00,0.1893875292935595,0.6825065459342555,gangtok
2023-10-03 10:10:00,0.26313033867201346,1.2127980843405197,gangtok
2023-10-03 10:20:00,0.1751857873926125,0.5633611111111111,gangtok
2023-10-03 10:30:00,0.20988513918392726,0.8429776206059741,gangtok
2023-10-03 10:40:00,0.21443441748647282,0.877,gangtok
2023-10-03 10:50:00,0.27835016129956264,1.3091748260192966,gangtok
2023-10-03 11:00:00,0.20906013549696628,0.83675,gangtok
2023-10-03 11:10:00,0.2228450159334546,0.9385459235676837,gangtok
2023-10-03 11:20:00,0.23812242961672178,1.0462488469656697,gangtok
2023-10-03 11:30:00,0.24289610915353796,1.0789166666666665,gangtok
2023-10-03 11:40:00,0.3526829476241992,1.7409165986418362,gangtok
2023-10-03 11:50:00,0.29151355024297293,1.3899444444444444,gangtok
2023-10-03 12:00:00,0.2940673297587415,1.4053611111111108,gangtok
2023-10-03 12:10:00,0.30384126305897124,1.463659624243203,gangtok
2023-10-03 12:20:00,0.4421561842801192,2.2094801933785915,gangtok
2023-10-03 12:30:00,0.3563334351892168,1.7608575908551327,gangtok
2023-10-03 12:40:00,0.4993393942108349,2.49669696913225,gangtok
2023-10-03 12:50:00,0.3650308538558591,1.8080068401988068,gangtok
2023-10-03 13:00:00,0.37289158310231796,1.8502103450898644,gangtok
2023-10-03 13:10:00,0.4804293437098524,2.402096700773155,gangtok
2023-10-03 13:20:00,0.3856863515436625,1.9181485657087614,gangtok
2023-10-03 13:30:00,0.47306736108152053,2.365206337880098,gangtok
2023-10-03 13:40:00,0.4035923153103871,2.011850975003807,gangtok
2023-10-03 13:50:00,0.4488145892711885,2.243173262273173,gangtok
2023-10-03 14:00:00,0.42248078230039,2.1092528010487293,gangtok
2023-10-03 14:10:00,0.6237227115022508,3.1317244450153296,gangtok
2023-10-03 14:20:00,0.45360954410144233,2.2673786901486634,gangtok
2023-10-03 14:30:00,0.43888754953976633,2.1929023712294713,gangtok
2023-10-03 14:40:00,0.46529876510176854,2.326214441745173,gangtok
2023-10-03 14:50:00,0.4402885619816,2.200011216213545,gangtok
2023-10-03 15:00:00,0.4198434854607363,2.095730085461474,gangtok
2023-10-03 15:10:00,0.42023398830545167,2.097733846413546,gangtok
2023-10-03 15:20:00,0.41982547974695966,2.095637681553971,gangtok
2023-10-03 15:30:00,0.42170235153124985,2.105263797721046,gangtok
2023-10-03 15:40:00,0.416679296638371,2.0794746580824244,gangtok
2023-10-03 15:50:00,0.41514492177580153,2.0715794766989584,gangtok
2023-10-03 16:00:00,0.422851236583057,2.111150468918051,gangtok
2023-10-03 16:10:00,0.537670947073461,2.688712346463052,gangtok
2023-10-03 16:20:00,0.4110665479221822,2.0505524072425976,gangtok
2023-10-03 16:30:00,0.4317275013899438,2.1564919383066017,gangtok
2023-10-03 16:40:00,0.39755862233818723,1.980440048320744,gangtok
2023-10-03 16:50:00,0.3850298024460958,1.9146836660904731,gangtok
2023-10-03 17:00:00,0.4987010713408149,2.4935053420935303,gangtok
2023-10-03 17:10:00,0.46444469039951847,2.3219228841183446,gangtok
2023-10-03 17:20:00,0.3670083646633718,1.818659290067977,gangtok
2023-10-03 17:30:00,0.3825059696357573,1.9013435737582476,gangtok
2023-10-03 17:40:00,0.3627407947102689,1.7956400331920943,gangtok
2023-10-03 17:50:00,0.35826356167526213,1.7713640426711013,gangtok
2023-10-03 18:00:00,0.35880870301919826,1.774326922714532,gangtok
2023-10-03 18:10:00,0.4444431457813287,2.2210639863732933,gangtok
2023-10-03 18:20:00,0.35468705345604223,1.7518755919503823,gangtok
2023-10-03 18:30:00,0.35424077778172164,1.7494376648403545,gangtok
2023-10-03 18:40:00,0.364349790909735,1.8043324298859325,gangtok
2023-10-03 18:50:00,0.38867142784462005,1.9338746903309567,gangtok
2023-10-03 19:00:00,0.3260246924965845,1.59222455982906,gangtok
2023-10-03 19:10:00,0.45774521946905583,2.2882209677369065,gangtok
2023-10-03 19:20:00,0.317322992613234,1.5423728929671283,gangtok
2023-10-03 19:30:00,0.4058917072138708,2.0237809739857706,gangtok
2023-10-03 19:40:00,0.4094709315814847,2.0423088180130002,gangtok
2023-10-03 19:50:00,0.29920482393592845,1.4361408907782351,gangtok
2023-10-03 20:00:00,0.3232011136386251,1.576125761826935,gangtok
2023-10-03 20:10:00,0.3176921388537798,1.5445022896827076,gangtok
2023-10-03 20:20:00,0.30500554106208566,1.4705325888465666,gangtok
2023-10-03 20:30:00,0.29650016072838503,1.4199751405480772,gangtok
2023-10-03 20:40:00,0.2775711849687298,1.304323166844705,gangtok
2023-10-03 20:50:00,0.2992457222170841,1.4363846933973625,gangtok
2023-10-03 21:00:00,0.41811631478508565,2.086861355846105,gangtok
2023-10-03 21:10:00,0.2693451140116705,1.252565341200116,gangtok
2023-10-03 21:20:00,0.4271368355780805,2.1330719215893037,gangtok
2023-10-03 21:30:00,0.2637719125531282,1.2169309874596068,gangtok
2023-10-03 21:40:00,0.2834717974548978,1.3408687878831362,gangtok
2023-10-03 21:50:00,0.5283057277966875,2.6416801233937575,gangtok
2023-10-03 22:00:00,0.2408828358918667,1.0651931565702566,gangtok
2023-10-03 22:10:00,0.2796496288904209,1.31724971753708,gangtok
2023-10-03 22:20:00,0.2316086875184732,1.000937663779439,gangtok
2023-10-03 22:30:00,0.22715821416374452,0.9694655015797916,gangtok
2023-10-03 22:40:00,0.22304134551066657,0.9399625286569853,gangtok
2023-10-03 22:50:00,0.23164566055732505,1.0011973408809398,gangtok
2023-10-03 23:00:00,0.22454478727804617,0.950781196263126,gangtok
2023-10-03 23:10:00,0.23744772218152094,1.0415955186376846,gangtok
2023-10-03 23:20:00,0.21953983674121572,0.914562507491136,gangtok
2023-10-03 23:30:00,0.21075976645558223,0.8495602302784372,gangtok
2023-10-03 23:40:00,0.19742533756109173,0.7469194840225579,gangtok
2023-10-03 23:50:00,0.1907435285644217,0.6935173171447363,gangtok
2023-10-04 00:00:00,0.20414204796049548,0.7992441841925659,gangtok
2023-10-04 00:10:00,0.18294655349190542,0.6293619275502031,gangtok
2023-10-04 00:20:00,0.17860702447602808,0.5927329359867447,gangtok
2023-10-04 00:30:00,0.17780484541787744,0.5858859919577327,gangtok
2023-10-04 00:40:00,0.2523986276477496,1.142674727729522,gangtok
2023-10-04 00:50:00,0.20186890452920805,0.7816820440532459,gangtok
2023-10-04 01:00:00,0.16417794670217223,0.465668931173437,gangtok
2023-10-04 01:10:00,0.2807817074954476,1.3242657605398005,gangtok
2023-10-04 01:20:00,0.15355822695629276,0.3662980126681526,gangtok
2023-10-04 01:30:00,0.16203031770329018,0.44600192856903403,gangtok
2023-10-04 01:40:00,0.14607685217453337,0.29286458633886825,gangtok
2023-10-04 01:50:00,0.1455894093661846,0.2879731646419913,gangtok
2023-10-04 02:00:00,0.13893715492356526,0.21981776934875538,gangtok
2023-10-04 02:10:00,0.13554451947731597,0.1840004211983339,gangtok
2023-10-04 02:20:00,0.1940700258615672,0.7202777424652835,gangtok
2023-10-04 02:30:00,0.17214546194541436,0.5368779601426952,gangtok
2023-10-04 02:40:00,0.1295451897079257,0.11876741254999693,gangtok
2023-10-04 02:50:00,0.1263722491489693,0.08322192395794026,gangtok
2023-10-04 03:00:00,0.11956891843756685,0.004351594397854156,gangtok
2023-10-04 03:10:00,0.13226544593637835,0.14865625348648767,gangtok
2023-10-04 03:20:00,0.11920292202211755,0.0,gangtok
2023-10-04 03:30:00,0.17148131463351207,0.5310436477937924,gangtok
2023-10-04 03:40:00,0.298634105409927,1.4327367306741294,gangtok
2023-10-04 03:50:00,0.11920292202211755,0.0,gangtok
2023-10-04 04:00:00,0.11920292202211755,0.0,gangtok
2023-10-04 04:10:00,0.1314594337915,0.13985502850010628,gangtok
2023-10-04 04:20:00,0.22093643434162127,0.9247279889273332,gangtok
2023-10-04 04:30:00,0.14588415444433925,0.29093251114718777,gangtok
2023-10-04 04:40:00,0.11920292202211755,0.0,gangtok
2023-10-04 04:50:00,0.12348420670581978,0.05019818022128134,gangtok
2023-10-04 05:00:00,0.1347397944248528,0.17539399053042665,gangtok
2023-10-04 05:10:00,0.1352263443614418,0.1806027455789764,gangtok
2023-10-04 05:20:00,0.12721521404028666,0.09273905990444678,gangtok
2023-10-04 05:30:00,0.18176375128022954,0.6194458330564666,gangtok
2023-10-04 05:40:00,0.11920292202211755,0.0,gangtok
2023-10-04 05:50:00,0.11920292202211755,0.0,gangtok
2023-10-04 06:00:00,0.13416679353256677,0.16923933249220988,gangtok
2023-10-04 06:10:00,0.11920292202211755,0.0,gangtok
2023-10-04 06:20:00,0.16493276147232505,0.47253204728412435,gangtok
2023-10-04 06:30:00,0.11920292202211755,0.0,gangtok
2023-10-04 06:40:00,0.11920292202211755,0.0,gangtok
2023-10-04 06:50:00,0.17107979908824889,0.5275077724224004,gangtok
2023-10-04 07:00:00,0.15765819505276066,0.40530436403332876,gangtok
2023-10-04 07:10:00,0.11920292202211755,0.0,gangtok
2023-10-04 07:20:00,0.2786423692861291,1.3109926179289442,gangtok
2023-10-04 07:30:00,0.11920292202211755,0.0,gangtok
2023-10-04 07:40:00,0.13609366158605687,0.1898487231470194,gangtok
2023-10-04 07:50:00,0.11920292202211755,0.0,gangtok
2023-10-04 08:00:00,0.12480787302868472,0.065415128968675,gangtok
2023-10-04 08:10:00,0.11920292202211755,0.0,gangtok
2023-10-04 08:20:00,0.11920292202211755,0.0,gangtok
2023-10-04 08:30:00,0.2354295217032123,1.0276217348750978,gangtok
2023-10-04 08:40:00,0.12811536307405905,0.10284251747309865,gangtok
2023-10-04 08:50:00,0.11920292202211755,0.0,gangtok
2023-10-04 09:00:00,0.11920292202211755,0.0,gangtok
2023-10-04 09:10:00,0.11920292202211755,0.0,gangtok
2023-10-04 09:20:00,0.13228194088828313,0.1488358942212605,gangtok
2023-10-04 09:30:00,0.1251758011426566,0.06962025974595205,gangtok
2023-10-04 09:40:00,0.12357132182144845,0.05120395514089004,gangtok
2023-10-04 09:50:00,0.11920292202211755,0.0,gangtok
2023-10-04 10:00:00,0.17548851278909425,0.5659781404150749,gangtok
2023-10-04 10:10:00,0.16471971750202313,0.47059751438682496,gangtok
2023-10-04 10:20:00,0.11920292202211755,0.0,gangtok
2023-10-04 10:30:00,0.11920292202211755,0.0,gangtok
2023-10-04 10:40:00,0.11920292202211755,0.0,gangtok
2023-10-04 10:50:00,0.11920292202211755,0.0,gangtok
2023-10-04 11:00:00,0.13683981877095208,0.19776344011852418,gangtok
2023-10-04 11:10:00,0.11920292202211755,0.0,gangtok
2023-10-04 11:20:00,0.11920292202211755,0.0,gangtok
2023-10-04 11:30:00,0.17613856804632297,0.5715858163090126,gangtok
2023-10-04 11:40:00,0.11920292202211755,0.0,gangtok
2023-10-04 11:50:00,0.13288391736826344,0.15537885943260102,gangtok
2023-10-04 12:00:00,0.11920292202211755,0.0,gangtok
2023-10-04 12:10:00,0.2659925560080612,1.2311864415206664,gangtok
2023-10-04 12:20:00,0.11920292202211755,0.0,gangtok
2023-10-04 12:30:00,0.15510185195003673,0.3810824065404397,gangtok
2023-10-04 12:40:00,0.11920292202211755,0.0,gangtok
2023-10-04 12:50:00,0.15941765130280972,0.42179071529227974,gangtok
2023-10-04 13:00:00,0.23732139180388073,1.040723230920136,gangtok
2023-10-04 13:10:00,0.11951490010127346,0.0037100564549533734,gangtok
2023-10-04 13:20:00,0.12007992063314418,0.01040805241061294,gangtok
2023-10-04 13:30:00,0.11920292202211755,0.0,gangtok
2023-10-04 13:40:00,0.11920292202211755,0.0,gangtok
2023-10-04 13:50:00,0.19968587568568466,0.7646765053318912,gangtok
2023-10-04 14:00:00,0.11920292202211755,0.0,gangtok
2023-10-04 14:10:00,0.12495200276517285,0.06706368356181588,gangtok
2023-10-04 14:20:00,0.11920292202211755,0.0,gangtok
2023-10-04 14:30:00,0.11920292202211755,0.0,gangtok
2023-10-04 14:40:00,0.14462821561010894,0.2782877617790443,gangtok
2023-10-04 14:50:00,0.18896604311031476,0.679071761502136,gangtok
2023-10-04 15:00:00,0.17139819855375352,0.5303122402438482,gangtok
2023-10-04 15:10:00,0.11920292202211755,0.0,gangtok
2023-10-04 15:20:00,0.11920292202211755,0.0,gangtok
2023-10-04 15:30:00,0.11920292202211755,0.0,gangtok
2023-10-04 15:40:00,0.12674723792175532,0.08746225502594107,gangtok
2023-10-04 15:50:00,0.11920292202211755,0.0,gangtok
2023-10-04 16:00:00,0.1878333072332756,0.6698116251333115,gangtok
2023-10-04 16:10:00,0.13274084621662155,0.1538260774290455,gangtok
2023-10-04 16:20:00,0.1481083632004409,0.3131060721871157,gangtok
2023-10-04 16:30:00,0.13794331461432088,0.2094022603707109,gangtok
2023-10-04 16:40:00,0.11920292202211755,0.0,gangtok
2023-10-04 16:50:00,0.11920292202211755,0.0,gangtok
2023-10-04 17:00:00,0.1447923592118095,0.27994552063717953,gangtok
2023-10-04 17:10:00,0.12412097989291825,0.05753594721595844,gangtok
2023-10-04 17:20:00,0.12261066929074615,0.0400790204864019,gangtok
2023-10-04 17:30:00,0.13230543260039349,0.1490917014466504,gangtok
2023-10-04 17:40:00,0.2554371475974435,1.1627238885734037,gangtok
2023-10-04 17:50:00,0.11920292202211755,0.0,gangtok
2023-10-04 18:00:00,0.11920292202211755,0.0,gangtok
2023-10-04 18:10:00,0.13190225103510703,0.14469600433518098,gangtok
2023-10-04 18:20:00,0.12238115232633132,0.037409986057607654,gangtok
2023-10-04 18:30:00,0.17155139952740578,0.5316601646510842,gangtok
2023-10-04 18:40:00,0.12268070415203389,0.04089259437466434,gangtok
2023-10-04 18:50:00,0.11920292202211755,0.0,gangtok
2023-10-04 19:00:00,0.11920292202211755,0.0,gangtok
2023-10-04 19:10:00,0.11920292202211755,0.0,gangtok
2023-10-04 19:20:00,0.15483180345381764,0.37850466500676916,gangtok
2023-10-04 19:30:00,0.11920292202211755,0.0,gangtok
2023-10-04 19:40:00,0.11920292202211755,0.0,gangtok
2023-10-04 19:50:00,0.12411006297661922,0.057410420239762505,gangtok
2023-10-04 20:00:00,0.11920292202211755,0.0,gangtok
2023-10-04 20:10:00,0.11920292202211755,0.0,gangtok
2023-10-04 20:20:00,0.11920292202211755,0.0,gangtok
2023-10-04 20:30:00,0.2241158102070804,0.9476995737703506,gangtok
2023-10-04 20:40:00,0.11920292202211755,0.0,gangtok
2023-10-04 20:50:00,0.11920292202211755,0.0,gangtok
2023-10-04 21:00:00,0.11920292202211755,0.0,gangtok
2023-10-04 21:10:00,0.18408451672902432,0.6388552587764932,gangtok
2023-10-04 21:20:00,0.11920292202211755,0.0,gangtok
2023-10-04 21:30:00,0.12188805920848013,0.03166124417799435,gangtok
2023-10-04 21:40:00,0.11920292202211755,0.0,gangtok
2023-10-04 21:50:00,0.11920292202211755,0.0,gangtok
2023-10-04 22:00:00,0.11920292202211755,0.0,gangtok
2023-10-04 22:10:00,0.11920292202211755,0.0,gangtok
2023-10-04 22:20:00,0.1582747348541334,0.4110983482909836,gangtok
2023-10-04 22:30:00,0.12172694530991965,0.029778552014419864,gangtok
2023-10-04 22:40:00,0.11920292202211755,0.0,gangtok
2023-10-04 22:50:00,0.12779759790775574,0.0992827957333533,gangtok
2023-10-04 23:00:00,0.11920292202211755,0.0,gangtok
2023-10-04 23:10:00,0.12409074249790715,0.05718824258450585,gangtok
2023-10-04 23:20:00,0.13526526804448138,0.18101875911244392,gangtok
2023-10-04 23:30:00,0.11920292202211755,0.0,gangtok
2023-10-04 23:40:00,0.1628981514110427,0.4539742769455112,gangtok
2023-10-04 23:50:00,0.11920292202211755,0.0,gangtok
2023-10-05 00:00:00,0.14199782847856104,0.25150641835537957,gangtok
2023-10-05 00:10:00,0.11920292202211755,0.0,gangtok
2023-10-05 00:20:00,0.18849608649437086,0.6752350448358606,gangtok
2023-10-05 00:30:00,0.14208073566849874,0.2523568244158166,gangtok
2023-10-05 00:40:00,0.11920292202211755,0.0,gangtok
2023-10-05 00:50:00,0.1248608648457264,0.06602143851454273,gangtok
2023-10-05 01:00:00,0.12707445070390716,0.09115358744388088,gangtok
2023-10-05 01:10:00,0.11920292202211755,0.0,gangtok
2023-10-05 01:20:00,0.17456246462511835,0.5579613117457903,gangtok
2023-10-05 01:30:00,0.11920292202211755,0.0,gangtok
2023-10-05 01:40:00,0.12438586383831755,0.060578786308445584,gangtok
2023-10-05 01:50:00,0.11920292202211755,0.0,gangtok
2023-10-05 02:00:00,0.15101226512304716,0.3416453998027413,gangtok
2023-10-05 02:10:00,0.11920292202211755,0.0,gangtok
2023-10-05 02:20:00,0.1432920701380614,0.264734925750527,gangtok
2023-10-05 02:30:00,0.1391012871107515,0.2215318667902999,gangtok
2023-10-05 02:40:00,0.15301113462614527,0.3610289318384312,gangtok
2023-10-05 02:50:00,0.11920292202211755,0.0,gangtok
2023-10-05 03:00:00,0.11920292202211755,0.0,gangtok
2023-10-05 03:10:00,0.11920292202211755,0.0,gangtok
2023-10-05 03:20:00,0.11920292202211755,0.0,gangtok
2023-10-05 03:30:00,0.1504400982377911,0.3360581672984296,gangtok
2023-10-05 03:40:00,0.11920292202211755,0.0,gangtok
2023-10-05 03:50:00,0.14514085027406043,0.2834599174151458,gangtok
2023-10-05 04:00:00,0.11920292202211755,0.0,gangtok
2023-10-05 04:10:00,0.11920292202211755,0.0,gangtok
2023-10-05 04:20:00,0.11920292202211755,0.0,gangtok
2023-10-05 04:30:00,0.11920292202211755,0.0,gangtok
2023-10-05 04:40:00,0.11920292202211755,0.0,gangtok
2023-10-05 04:50:00,0.12286316609649837,0.04301032522536938,gangtok
2023-10-05 05:00:00,0.14437935736058335,0.27577144781113483,gangtok
2023-10-05 05:10:00,0.11920292202211755,0.0,gangtok
2023-10-05 05:20:00,0.11920292202211755,0.0,gangtok
2023-10-05 05:30:00,0.19144225270737947,0.6991676362668158,gangtok
2023-10-05 05:40:00,0.11920292202211755,0.0,gangtok
2023-10-05 05:50:00,0.1572501747674254,0.40145982530237456,gangtok
2023-10-05 06:00:00,0.11920292202211755,0.0,gangtok
2023-10-05 06:10:00,0.15866056966764303,0.4147149457056958,gangtok
2023-10-05 06:20:00,0.20126900657351166,0.7770226805363992,gangtok
2023-10-05 06:30:00,0.11920292202211755,0.0,gangtok
2023-10-05 06:40:00,0.13360859039166478,0.1632222222222222,gangtok
2023-10-05 06:50:00,0.13445058988590894,0.1722903857478505,gangtok
2023-10-05 07:00:00,0.11920292202211755,0.0,gangtok
2023-10-05 07:10:00,0.11920292202211755,0.0,gangtok
2023-10-05 07:20:00,0.11920292202211755,0.0,gangtok
2023-10-05 07:30:00,0.11920292202211755,0.0,gangtok
2023-10-05 07:40:00,0.12693516969359725,0.08958333333333335,gangtok
2023-10-05 07:50:00,0.11920292202211755,0.0,gangtok
2023-10-05 08:00:00,0.17271286565737023,0.5418483060387117,gangtok
2023-10-05 08:10:00,0.15021642395263643,0.33386922490513843,gangtok
2023-10-05 08:20:00,0.2382798635094588,1.0473333333333332,gangtok
2023-10-05 08:30:00,0.136114362065318,0.1900687917214847,gangtok
2023-10-05 08:40:00,0.11920292202211755,0.0,gangtok
2023-10-05 08:50:00,0.11920292202211755,0.0,gangtok
2023-10-05 09:00:00,0.2603104612466779,1.1945555555555554,gangtok
2023-10-05 09:10:00,0.1351626251122695,0.179921500710205,gangtok
2023-10-05 09:20:00,0.127024487075772,0.09059046673636961,gangtok
2023-10-05 09:30:00,0.2016772294776911,0.7801944444444444,gangtok
2023-10-05 09:40:00,0.11920292202211755,0.0,gangtok
2023-10-05 09:50:00,0.24655631908849757,1.1036702130413496,gangtok
2023-10-05 10:00:00,0.25688925636046844,1.17225,gangtok
2023-10-05 10:10:00,0.21251880586797958,0.8627387408795298,gangtok
2023-10-05 10:20:00,0.2963891065637867,1.4193095563641522,gangtok
2023-10-05 10:30:00,0.11920292202211755,0.0,gangtok
2023-10-05 10:40:00,0.11920292202211755,0.0,gangtok
2023-10-05 10:50:00,0.1467800791000214,0.29989758905149044,gangtok
2023-10-05 11:00:00,0.15030355382186786,0.3347222222222222,gangtok
2023-10-05 11:10:00,0.19601866423373943,0.7357922821134261,gangtok
2023-10-05 11:20:00,0.17208623149498367,0.5363583655480031,gangtok
2023-10-05 11:30:00,0.17127123561690125,0.5291944444444444,gangtok
2023-10-05 11:40:00,0.11920292202211755,0.0,gangtok
2023-10-05 11:50:00,0.13478127273105658,0.17583865454706452,gangtok
2023-10-05 12:00:00,0.11920292202211755,0.0,gangtok
2023-10-05 12:10:00,0.1581616138836974,0.41003665948856166,gangtok
2023-10-05 12:20:00,0.11920292202211755,0.0,gangtok
2023-10-05 12:30:00,0.11920292202211755,0.0,gangtok
2023-10-05 12:40:00,0.15731674527215775,0.40208763395344294,gangtok
2023-10-05 12:50:00,0.11920292202211755,0.0,gangtok
2023-10-05 13:00:00,0.11920292202211755,0.0,gangtok
2023-10-05 13:10:00,0.16197141663513534,0.44545958776674965,gangtok
2023-10-05 13:20:00,0.11920292202211755,0.0,gangtok
2023-10-05 13:30:00,0.12501690964429774,0.0678055555555555,gangtok
2023-10-05 13:40:00,0.15350702703400604,0.3658055555555556,gangtok
2023-10-05 13:50:00,0.11920292202211755,0.0,gangtok
2023-10-05 14:00:00,0.11920292202211755,0.0,gangtok
2023-10-05 14:10:00,0.11920292202211755,0.0,gangtok
2023-10-05 14:20:00,0.11920292202211755,0.0,gangtok
2023-10-05 14:30:00,0.4099916247711199,2.045,gangtok
2023-10-05 14:40:00,0.19342089909099025,0.7150833333333333,gangtok
2023-10-05 14:50:00,0.12090489021180176,0.02013888888888884,gangtok
2023-10-05 15:00:00,0.11920292202211755,0.0,gangtok
2023-10-05 15:10:00,0.16763549431964433,0.49690186613377385,gangtok
2023-10-05 15:20:00,0.11920292202211755,0.0,gangtok
2023-10-05 15:30:00,0.13216186703265922,0.14752777777777779,gangtok
2023-10-05 15:40:00,0.11920292202211755,0.0,gangtok
2023-10-05 15:50:00,0.11920292202211755,0.0,gangtok
2023-10-05 16:00:00,0.11920292202211755,0.0,gangtok
2023-10-05 16:10:00,0.11920292202211755,0.0,gangtok
2023-10-05 16:20:00,0.204761973511944,0.804008406856132,gangtok
2023-10-05 16:30:00,0.11920292202211755,0.0,gangtok
2023-10-05 16:40:00,0.11920292202211755,0.0,gangtok
2023-10-05 16:50:00,0.12843011899708662,0.10636111111111113,gangtok
2023-10-05 17:00:00,0.11920292202211755,0.0,gangtok
2023-10-05 17:10:00,0.14568609241673733,0.28894444444444445,gangtok
2023-10-05 17:20:00,0.11920292202211755,0.0,gangtok
2023-10-05 17:30:00,0.11920292202211755,0.0,gangtok
2023-10-05 17:40:00,0.15665458495553236,0.3958333333333333,gangtok
2023-10-05 17:50:00,0.1257208551390303,0.07583037683053004,gangtok
2023-10-05 18:00:00,0.37930219272058824,1.8843611111111107,gangtok
2023-10-05 18:10:00,0.24036790950399772,1.06167060151619,gangtok
2023-10-05 18:20:00,0.11920292202211755,0.0,gangtok
2023-10-05 18:30:00,0.11920292202211755,0.0,gangtok
2023-10-05 18:40:00,0.24453669269131775,1.090042696132821,gangtok
2023-10-05 18:50:00,0.1320165916332981,0.14594376148301944,gangtok
2023-10-05 19:00:00,0.1281804291591409,0.10357048230255012,gangtok
2023-10-05 19:10:00,0.11920292202211755,0.0,gangtok
2023-10-05 19:20:00,0.11920292202211755,0.0,gangtok
2023-10-05 19:30:00,0.11920292202211755,0.0,gangtok
2023-10-05 19:40:00,0.11920292202211755,0.0,gangtok
2023-10-05 19:50:00,0.11920292202211755,0.0,gangtok
2023-10-05 20:00:00,0.11920292202211755,0.0,gangtok
2023-10-05 20:10:00,0.2017458394286319,0.7807270510370564,gangtok
2023-10-05 20:20:00,0.11920292202211755,0.0,gangtok
2023-10-05 20:30:00,0.14194847627774698,0.25099999999999995,gangtok
2023-10-05 20:40:00,0.11920292202211755,0.0,gangtok
2023-10-05 20:50:00,0.11920292202211755,0.0,gangtok
2023-10-05 21:00:00,0.2558259190493501,1.1652777777777779,gangtok
2023-10-05 21:10:00,0.19677347278530707,0.7417705093404943,gangtok
2023-10-05 21:20:00,0.1874121288838973,0.6663575402336317,gangtok
2023-10-05 21:30:00,0.13719026202601436,0.20146816919482524,gangtok
2023-10-05 21:40:00,0.15685079644261338,0.3976888485574732,gangtok
2023-10-05 21:50:00,0.18351370662409766,0.6340990437273515,gangtok
2023-10-05 22:00:00,0.11920292202211755,0.0,gangtok
2023-10-05 22:10:00,0.13382653200455458,0.1655740325843813,gangtok
2023-10-05 22:20:00,0.11920292202211755,0.0,gangtok
2023-10-05 22:30:00,0.17332989512761532,0.5472387216329033,gangtok
2023-10-05 22:40:00,0.17607460530251687,0.5710347669876336,gangtok
2023-10-05 22:50:00,0.11920292202211755,0.0,gangtok
2023-10-05 23:00:00,0.11920292202211755,0.0,gangtok
2023-10-05 23:10:00,0.3126997167760377,1.5155900856461222,gangtok
2023-10-05 23:20:00,0.11920292202211755,0.0,gangtok
2023-10-05 23:30:00,0.16033302355267998,0.43030961589323935,gangtok
2023-10-05 23:40:00,0.2684785431837091,1.2470555555555556,gangtok
2023-10-05 23:50:00,0.1597202383993824,0.42461111111111105,gangtok
2023-10-06 00:00:00,0.11920292202211755,0.0,gangtok
2023-10-06 00:10:00,0.11920292202211755,0.0,gangtok
2023-10-06 00:20:00,0.29143627182969817,1.389476696594867,gangtok
2023-10-06 00:30:00,0.11920292202211755,0.0,gangtok
2023-10-06 00:40:00,0.11920292202211755,0.0,gangtok
2023-10-06 00:50:00,0.16815341923873137,0.5015359334261994,gangtok
2023-10-06 01:00:00,0.4728600348096594,2.3641666666666667,gangtok
2023-10-06 01:10:00,0.13930024786493697,0.22360742058758568,gangtok
2023-10-06 01:20:00,0.18743625449471546,0.6665555555555557,gangtok
2023-10-06 01:30:00,0.11920292202211755,0.0,gangtok
2023-10-06 01:40:00,0.16346300261778013,0.4591449160123892,gangtok
2023-10-06 01:50:00,0.16439746566049876,0.4676675052216152,gangtok
2023-10-06 02:00:00,0.11920292202211755,0.0,gangtok
2023-10-06 02:10:00,0.14511663541260356,0.28321594661309785,gangtok
2023-10-06 02:20:00,0.12295810104596236,0.04411111111111108,gangtok
2023-10-06 02:30:00,0.11920292202211755,0.0,gangtok
2023-10-06 02:40:00,0.11920292202211755,0.0,gangtok
2023-10-06 02:50:00,0.11920292202211755,0.0,gangtok
2023-10-06 03:00:00,0.14333635006878506,0.26518574881956763,gangtok
2023-10-06 03:10:00,0.1315663240183337,0.1410248412892774,gangtok
2023-10-06 03:20:00,0.11920292202211755,0.0,gangtok
2023-10-06 03:30:00,0.14328077408160927,0.2646198997077977,gangtok
2023-10-06 03:40:00,0.11920292202211755,0.0,gangtok
2023-10-06 03:50:00,0.15530151160534342,0.3829858979330156,gangtok
2023-10-06 04:00:00,0.1398150500714553,0.2289663176566562,gangtok
2023-10-06 04:10:00,0.1990391072551659,0.7596115018138132,gangtok
2023-10-06 04:20:00,0.11920292202211755,0.0,gangtok
2023-10-06 04:30:00,0.4473448310765086,2.235744360869017,gangtok
2023-10-06 04:40:00,0.18485530748495335,0.6452597038090949,gangtok
2023-10-06 04:50:00,0.11920292202211755,0.0,gangtok
2023-10-06 05:00:00,0.11920292202211755,0.0,gangtok
2023-10-06 05:10:00,0.11920292202211755,0.0,gangtok
2023-10-06 05:20:00,0.11920292202211755,0.0,gangtok
2023-10-06 05:30:00,0.12800731314855582,0.10163294878133344,gangtok
2023-10-06 05:40:00,0.11920292202211755,0.0,gangtok
2023-10-06 05:50:00,0.11920292202211755,0.0,gangtok
2023-10-06 06:00:00,0.235024228086108,1.0248055555555555,gangtok
2023-10-06 06:10:00,0.2202479165353293,0.919722222222222,gangtok
2023-10-06 06:20:00,0.1268834836615876,0.08900025041122503,gangtok
2023-10-06 06:30:00,0.11920292202211755,0.0,gangtok
2023-10-06 06:40:00,0.2528043659897073,1.145361111111111,gangtok
2023-10-06 06:50:00,0.15360234250333987,0.3667222222222221,gangtok
2023-10-06 07:00:00,0.11920292202211755,0.0,gangtok
2023-10-06 07:10:00,0.1390750622187009,0.22125810373293506,gangtok
2023-10-06 07:20:00,0.20369523120234914,0.795803655164537,gangtok
2023-10-06 07:30:00,0.13190300843472272,0.14470427257754917,gangtok
2023-10-06 07:40:00,0.18419028884296101,0.6397353388140082,gangtok
2023-10-06 07:50:00,0.13808429824299184,0.21088360424649122,gangtok
2023-10-06 08:00:00,0.5769720458366098,2.8879444444444444,gangtok
2023-10-06 08:10:00,0.26949681220509786,1.2535287083649473,gangtok
2023-10-06 08:20:00,0.16956823537435503,0.5141370631415499,gangtok
2023-10-06 08:30:00,0.11920292202211755,0.0,gangtok
2023-10-06 08:40:00,0.11920292202211755,0.0,gangtok
2023-10-06 08:50:00,0.11920292202211755,0.0,gangtok
2023-10-06 09:00:00,0.2662459300376379,1.2328081409239706,gangtok
2023-10-06 09:10:00,0.11920292202211755,0.0,gangtok
2023-10-06 09:20:00,0.1404923885334646,0.23599204086556702,gangtok
2023-10-06 09:30:00,0.11920292202211755,0.0,gangtok
2023-10-06 09:40:00,0.12458306095765122,0.06284046888988913,gangtok
2023-10-06 09:50:00,0.1354962713655978,0.18348563022116834,gangtok
2023-10-06 10:00:00,0.1305036189709642,0.12935848287449678,gangtok
2023-10-06 10:10:00,0.17483285601462606,0.5603055555555555,gangtok
2023-10-06 10:20:00,0.19544416097613057,0.7312304308008972,gangtok
2023-10-06 10:30:00,0.11920292202211755,0.0,gangtok
2023-10-06 10:40:00,0.16939552899374147,0.5126033432936659,gangtok
2023-10-06 10:50:00,0.23576152978938256,1.02992619114886,gangtok
2023-10-06 11:00:00,0.23103522020023984,0.996906248553119,gangtok
2023-10-06 11:10:00,0.18138905647565495,0.6162940939598119,gangtok
2023-10-06 11:20:00,0.1930031099475068,0.7117331099307155,gangtok
2023-10-06 11:30:00,0.11920292202211755,0.0,gangtok
2023-10-06 11:40:00,0.13304856769047035,0.15716409381774366,gangtok
2023-10-06 11:50:00,0.16334246091712926,0.45804268763218436,gangtok
2023-10-06 12:00:00,0.1683359810115099,0.5031666666666667,gangtok
2023-10-06 12:10:00,0.12280519741753891,0.04233780943358738,gangtok
2023-10-06 12:20:00,0.13744296592088212,0.20413470570701714,gangtok
2023-10-06 12:30:00,0.12570375766772937,0.07563592602913737,gangtok
2023-10-06 12:40:00,0.12833679073062298,0.10531858076649712,gangtok
2023-10-06 12:50:00,0.11920292202211755,0.0,gangtok
2023-10-06 13:00:00,0.11920292202211755,0.0,gangtok
2023-10-06 13:10:00,0.11920292202211755,0.0,gangtok
2023-10-06 13:20:00,0.11920292202211755,0.0,gangtok
2023-10-06 13:30:00,0.15217575355863758,0.3529534606660248,gangtok
2023-10-06 13:40:00,0.11920292202211755,0.0,gangtok
2023-10-06 13:50:00,0.11920292202211755,0.0,gangtok
2023-10-06 14:00:00,0.17209772409838162,0.5364591946075054,gangtok
2023-10-06 14:10:00,0.1440227981744758,0.2721598316187752,gangtok
2023-10-06 14:20:00,0.11920292202211755,0.0,gangtok
2023-10-06 14:30:00,0.12620308888900464,0.0813055555555555,gangtok
2023-10-06 14:40:00,0.11920292202211755,0.0,gangtok
2023-10-06 14:50:00,0.16614381258127633,0.48349100476129214,gangtok
2023-10-06 15:00:00,0.12277284632240751,0.041962373874584624,gangtok
2023-10-06 15:10:00,0.12095354565309335,0.020711007853833327,gangtok
2023-10-06 15:20:00,0.13039798631514882,0.12819444444444444,gangtok
2023-10-06 15:30:00,0.1881497673201439,0.6724029996612574,gangtok
2023-10-06 15:40:00,0.11920292202211755,0.0,gangtok
2023-10-06 15:50:00,0.14574052610753757,0.28949105112785284,gangtok
2023-10-06 16:00:00,0.11920292202211755,0.0,gangtok
2023-10-06 16:10:00,0.13187560571030787,0.14440510187227615,gangtok
2023-10-06 16:20:00,0.11920292202211755,0.0,gangtok
2023-10-06 16:30:00,0.11920292202211755,0.0,gangtok
2023-10-06 16:40:00,0.11920292202211755,0.0,gangtok
2023-10-06 16:50:00,0.11920292202211755,0.0,gangtok
2023-10-06 17:00:00,0.11920292202211755,0.0,gangtok
2023-10-06 17:10:00,0.11920292202211755,0.0,gangtok
2023-10-06 17:20:00,0.11920292202211755,0.0,gangtok
2023-10-06 17:30:00,0.13067684771675175,0.1312656766342975,gangtok
2023-10-06 17:40:00,0.15743607245616742,0.40321243620623665,gangtok
2023-10-06 17:50:00,0.11920292202211755,0.0,gangtok
2023-10-06 18:00:00,0.11920292202211755,0.0,gangtok
2023-10-06 18:10:00,0.12163151099300473,0.028662344345474995,gangtok
2023-10-06 18:20:00,0.15913002600266773,0.4191057530121424,gangtok
2023-10-06 18:30:00,0.30576105938724635,1.474984686464066,gangtok
2023-10-06 18:40:00,0.11920292202211755,0.0,gangtok
2023-10-06 18:50:00,0.11920292202211755,0.0,gangtok
2023-10-06 19:00:00,0.11920292202211755,0.0,gangtok
2023-10-06 19:10:00,0.11920292202211755,0.0,gangtok
2023-10-06 19:20:00,0.12737614116112309,0.09454981001683394,gangtok
2023-10-06 19:30:00,0.11920292202211755,0.0,gangtok
2023-10-06 19:40:00,0.15255653390332619,0.35663888888888884,gangtok
2023-10-06 19:50:00,0.1443300834671773,0.2752727905497118,gangtok
2023-10-06 20:00:00,0.11920292202211755,0.0,gangtok
2023-10-06 20:10:00,0.13175663346728678,0.14310560437470954,gangtok
2023-10-06 20:20:00,0.1236403086070174,0.052,gangtok
2023-10-06 20:30:00,0.15947063439509168,0.42228488050459784,gangtok
2023-10-06 20:40:00,0.1568278789777051,0.39747222222222217,gangtok
2023-10-06 20:50:00,0.13828849089744183,0.21302684798940252,gangtok
2023-10-06 21:00:00,0.13110517524198292,0.1359722222222222,gangtok
2023-10-06 21:10:00,0.11920292202211755,0.0,gangtok
2023-10-06 21:20:00,0.11920292202211755,0.0,gangtok
2023-10-06 21:30:00,0.11920292202211755,0.0,gangtok
2023-10-06 21:40:00,0.11920292202211755,0.0,gangtok
2023-10-06 21:50:00,0.11920292202211755,0.0,gangtok
2023-10-06 22:00:00,0.2182619532059213,0.9052203196608883,gangtok
2023-10-06 22:10:00,0.11920292202211755,0.0,gangtok
2023-10-06 22:20:00,0.19578465089994465,0.7339353185542329,gangtok
2023-10-06 22:30:00,0.16915266089478082,0.5104444444444445,gangtok
2023-10-06 22:40:00,0.3205578510210105,1.56098833767886,gangtok
2023-10-06 22:50:00,0.14821303993263538,0.31414281130916977,gangtok
2023-10-06 23:00:00,0.26672149368681486,1.2358492942842247,gangtok
2023-10-06 23:10:00,0.18444605611747739,0.6418618423224647,gangtok
2023-10-06 23:20:00,0.19190851587664418,0.7029293795365646,gangtok
2023-10-06 23:30:00,0.1467589207795217,0.2996863914319161,gangtok
2023-10-06 23:40:00,0.12384271039090522,0.05433333333333334,gangtok
2023-10-06 23:50:00,0.11920292202211755,0.0,gangtok
2023-10-02 00:00:00,0.11920292202211755,0.0,gyalshing
2023-10-02 00:10:00,0.11920292202211755,0.0,gyalshing
2023-10-02 00:20:00,0.11920292202211755,0.0,gyalshing
2023-10-02 00:30:00,0.11920292202211755,0.0,gyalshing
2023-10-02 00:40:00,0.11920292202211755,0.0,gyalshing
2023-10-02 00:50:00,0.11920292202211755,0.0,gyalshing
2023-10-02 01:00:00,0.11920292202211755,0.0,gyalshing
2023-10-02 01:10:00,0.11920292202211755,0.0,gyalshing
2023-10-02 01:20:00,0.11920292202211755,0.0,gyalshing
2023-10-02 01:30:00,0.11920292202211755,0.0,gyalshing
2023-10-02 01:40:00,0.11920292202211755,0.0,gyalshing
2023-10-02 01:50:00,0.11920292202211755,0.0,gyalshing
2023-10-02 02:00:00,0.11920292202211755,0.0,gyalshing
2023-10-02 02:10:00,0.13213755387482445,0.14726278114539693,gyalshing
2023-10-02 02:20:00,0.11920292202211755,0.0,gyalshing
2023-10-02 02:30:00,0.1294234965737435,0.11741788339097665,gyalshing
2023-10-02 02:40:00,0.13578254755442104,0.18653784107152774,gyalshing
2023-10-02 02:50:00,0.19534606765840307,0.7304505053758211,gyalshing
2023-10-02 03:00:00,0.11920292202211755,0.0,gyalshing
2023-10-02 03:10:00,0.11920292202211755,0.0,gyalshing
2023-10-02 03:20:00,0.11920292202211755,0.0,gyalshing
2023-10-02 03:30:00,0.20910218006629205,0.8370678140583859,gyalshing
2023-10-02 03:40:00,0.14993291964540015,0.3310909090909091,gyalshing
2023-10-02 03:50:00,0.12861802035065886,0.10845811928699751,gyalshing
2023-10-02 04:00:00,0.11920292202211755,0.0,gyalshing
2023-10-02 04:10:00,0.16555257758794323,0.47814887187418464,gyalshing
2023-10-02 04:20:00,0.13155702249479953,0.14092307692307693,gyalshing
2023-10-02 04:30:00,0.12500799684624497,0.06770370370370371,gyalshing
2023-10-02 04:40:00,0.11920292202211755,0.0,gyalshing
2023-10-02 04:50:00,0.19958177106929728,0.7638620689655171,gyalshing
2023-10-02 05:00:00,0.173640763814043,0.5499487495589107,gyalshing
2023-10-02 05:10:00,0.15268835245558948,0.35791295280190105,gyalshing
2023-10-02 05:20:00,0.11920292202211755,0.0,gyalshing
2023-10-02 05:30:00,0.16776200264534172,0.49803483706978885,gyalshing
2023-10-02 05:40:00,0.1840688108712063,0.6387245443307821,gyalshing
2023-10-02 05:50:00,0.6090103766980514,3.0539428571428573,gyalshing
2023-10-02 06:00:00,0.11920292202211755,0.0,gyalshing
2023-10-02 06:10:00,0.11920292202211755,0.0,gyalshing
2023-10-02 06:20:00,0.11920292202211755,0.0,gyalshing
2023-10-02 06:30:00,0.11920292202211755,0.0,gyalshing
2023-10-02 06:40:00,0.13979875207163903,0.22879691517873715,gyalshing
2023-10-02 06:50:00,0.11920292202211755,0.0,gyalshing
2023-10-02 07:00:00,0.12682016979376493,0.08828571428571429,gyalshing
2023-10-02 07:10:00,0.12139323545574385,0.025872156509523826,gyalshing
2023-10-02 07:20:00,0.11920292202211755,0.0,gyalshing
2023-10-02 07:30:00,0.11920292202211755,0.0,gyalshing
2023-10-02 07:40:00,0.12177587644265664,0.030350562281943078,gyalshing
2023-10-02 07:50:00,0.11920292202211755,0.0,gyalshing
2023-10-02 08:00:00,0.12105431428221497,0.021895273078306368,gyalshing
2023-10-02 08:10:00,0.11920292202211755,0.0,gyalshing
2023-10-02 08:20:00,0.13073632433540344,0.13192000000000004,gyalshing
2023-10-02 08:30:00,0.12863782372895352,0.10867897589828718,gyalshing
2023-10-02 08:40:00,0.1195154865799057,0.0037170229963474698,gyalshing
2023-10-02 08:50:00,0.1498154156564998,0.3299381126032794,gyalshing
2023-10-02 09:00:00,0.15049241417001752,0.3365697598773615,gyalshing
2023-10-02 09:10:00,0.11920292202211755,0.0,gyalshing
2023-10-02 09:20:00,0.12805923386292895,0.1022142857142857,gyalshing
2023-10-02 09:30:00,0.14829101363546587,0.3149146853440813,gyalshing
2023-10-02 09:40:00,0.11920292202211755,0.0,gyalshing
2023-10-02 09:50:00,0.1701429854353681,0.5192321999832327,gyalshing
2023-10-02 10:00:00,0.11920292202211755,0.0,gyalshing
2023-10-02 10:10:00,0.2780876836764338,1.3075409836065575,gyalshing
2023-10-02 10:20:00,0.5116881928569191,2.5584516129032253,gyalshing
2023-10-02 10:30:00,0.11920292202211755,0.0,gyalshing
2023-10-02 10:40:00,0.13711317977450463,0.20065397366067242,gyalshing
2023-10-02 10:50:00,0.25793388799685535,1.1790812063466682,gyalshing
2023-10-02 11:00:00,0.11920292202211755,0.0,gyalshing
2023-10-02 11:10:00,0.13418738689513773,0.16946091212433861,gyalshing
2023-10-02 11:20:00,0.11920292202211755,0.0,gyalshing
2023-10-02 11:30:00,0.1304960872194507,0.12927551187648406,gyalshing
2023-10-02 11:40:00,0.20299509658180398,0.7904012410816161,gyalshing
2023-10-02 11:50:00,0.14440751453561332,0.276056338028169,gyalshing
2023-10-02 12:00:00,0.18324527011638736,0.6318583597105877,gyalshing
2023-10-02 12:10:00,0.21727129792463978,0.8979508034771811,gyalshing
2023-10-02 12:20:00,0.14450348702687385,0.27702702702702703,gyalshing
2023-10-02 12:30:00,0.11920292202211755,0.0,gyalshing
2023-10-02 12:40:00,0.12050982943632274,0.01548616717311404,gyalshing
2023-10-02 12:50:00,0.13492062400487256,0.17733171037973294,gyalshing
2023-10-02 13:00:00,0.11920292202211755,0.0,gyalshing
2023-10-02 13:10:00,0.11920292202211755,0.0,gyalshing
2023-10-02 13:20:00,0.16669130414793226,0.4884243336788028,gyalshing
2023-10-02 13:30:00,0.13293663121548807,0.15595061728395065,gyalshing
2023-10-02 13:40:00,0.1359912840173327,0.18875992359799898,gyalshing
2023-10-02 13:50:00,0.11920292202211755,0.0,gyalshing
2023-10-02 14:00:00,0.17412769467699335,0.5541859249774853,gyalshing
2023-10-02 14:10:00,0.11920292202211755,0.0,gyalshing
2023-10-02 14:20:00,0.11920292202211755,0.0,gyalshing
2023-10-02 14:30:00,0.13148947731232133,0.14018390804597702,gyalshing
2023-10-02 14:40:00,0.1324013350092217,0.15013560798739023,gyalshing
2023-10-02 14:50:00,0.11920292202211755,0.0,gyalshing
2023-10-02 15:00:00,0.15703034568629748,0.39938513899849454,gyalshing
2023-10-02 15:10:00,0.17163281902778593,0.5323761380931522,gyalshing
2023-10-02 15:20:00,0.11920292202211755,0.0,gyalshing
2023-10-02 15:30:00,0.13641909618901182,0.19330518863427879,gyalshing
2023-10-02 15:40:00,0.11920292202211755,0.0,gyalshing
2023-10-02 15:50:00,0.1217632110871156,0.030202521889977043,gyalshing
2023-10-02 16:00:00,0.11920292202211755,0.0,gyalshing
2023-10-02 16:10:00,0.11920292202211755,0.0,gyalshing
2023-10-02 16:20:00,0.15575115009717796,0.3872653061224489,gyalshing
2023-10-02 16:30:00,0.11920292202211755,0.0,gyalshing
2023-10-02 16:40:00,0.11920292202211755,0.0,gyalshing
2023-10-02 16:50:00,0.11920292202211755,0.0,gyalshing
2023-10-02 17:00:00,0.1610110635801798,0.4365944509496272,gyalshing
2023-10-02 17:10:00,0.11920292202211755,0.0,gyalshing
2023-10-02 17:20:00,0.14637324768808754,0.29583226298779136,gyalshing
2023-10-02 17:30:00,0.160726050585195,0.4339552430061224,gyalshing
2023-10-02 17:40:00,0.1410152632272999,0.24139622641509434,gyalshing
2023-10-02 17:50:00,0.11920292202211755,0.0,gyalshing
2023-10-02 18:00:00,0.16751831702530656,0.4958518518518519,gyalshing
2023-10-02 18:10:00,0.1826921858323399,0.6272336331920956,gyalshing
2023-10-02 18:20:00,0.11920292202211755,0.0,gyalshing
2023-10-02 18:30:00,0.12974254191444676,0.12095367907685117,gyalshing
2023-10-02 18:40:00,0.11920292202211755,0.0,gyalshing
2023-10-02 18:50:00,0.1602241729328775,0.429298664731228,gyalshing
2023-10-02 19:00:00,0.12240170120663367,0.03764912280701757,gyalshing
2023-10-02 19:10:00,0.16114647231478887,0.437847007173054,gyalshing
2023-10-02 19:20:00,0.11920292202211755,0.0,gyalshing
2023-10-02 19:30:00,0.17160559298236422,0.5321367521367522,gyalshing
2023-10-02 19:40:00,0.25679414285615787,1.1716271186440677,gyalshing
2023-10-02 19:50:00,0.14326728702654762,0.2644825531645061,gyalshing
2023-10-02 20:00:00,0.12131883789173684,0.025000000000000043,gyalshing
2023-10-02 20:10:00,0.11920292202211755,0.0,gyalshing
2023-10-02 20:20:00,0.11920292202211755,0.0,gyalshing
2023-10-02 20:30:00,0.11920292202211755,0.0,gyalshing
2023-10-02 20:40:00,0.22047659330337693,0.9213860256901361,gyalshing
2023-10-02 20:50:00,0.11937127475239849,0.002003098969820312,gyalshing
2023-10-02 21:00:00,0.11920292202211755,0.0,gyalshing
2023-10-02 21:10:00,0.2522046765389302,1.1413895719280924,gyalshing
2023-10-02 21:20:00,0.12362909895770467,0.051870676790133935,gyalshing
2023-10-02 21:30:00,0.11920292202211755,0.0,gyalshing
2023-10-02 21:40:00,0.11920292202211755,0.0,gyalshing
2023-10-02 21:50:00,0.1312277248066213,0.13731641781081802,gyalshing
2023-10-02 22:00:00,0.13852846827955223,0.21554230155282328,gyalshing
2023-10-02 22:10:00,0.12238895624119028,0.037500807864994115,gyalshing
2023-10-02 22:20:00,0.12399005102820647,0.05602985074626867,gyalshing
2023-10-02 22:30:00,0.11920292202211755,0.0,gyalshing
2023-10-02 22:40:00,0.13481050959677265,0.1761520160200816,gyalshing
2023-10-02 22:50:00,0.11920292202211755,0.0,gyalshing
2023-10-02 23:00:00,0.22212553158607154,0.9333469001869088,gyalshing
2023-10-02 23:10:00,0.11920292202211755,0.0,gyalshing
2023-10-02 23:20:00,0.3978739820119574,1.9820857142857142,gyalshing
2023-10-02 23:30:00,0.1627220649608022,0.4523594326774806,gyalshing
2023-10-02 23:40:00,0.11920292202211755,0.0,gyalshing
2023-10-02 23:50:00,0.2512286343379374,1.1349121677074743,gyalshing
2023-10-03 00:00:00,0.3360880852002418,1.6490297521216744,gyalshing
2023-10-03 00:10:00,0.11920292202211755,0.0,gyalshing
2023-10-03 00:20:00,0.11920292202211755,0.0,gyalshing
2023-10-03 00:30:00,0.16396388520780344,0.4637179747032213,gyalshing
2023-10-03 00:40:00,0.11920292202211755,0.0,gyalshing
2023-10-03 00:50:00,0.11920292202211755,0.0,gyalshing
2023-10-03 01:00:00,0.13099124790922684,0.13472164306317067,gyalshing
2023-10-03 01:10:00,0.11920292202211755,0.0,gyalshing
2023-10-03 01:20:00,0.22082135674605088,0.9238921134013421,gyalshing
2023-10-03 01:30:00,0.18238346902605423,0.6246475063085014,gyalshing
2023-10-03 01:40:00,0.11920292202211755,0.0,gyalshing
2023-10-03 01:50:00,0.14191058744332205,0.2506111111111111,gyalshing
2023-10-03 02:00:00,0.11920292202211755,0.0,gyalshing
2023-10-03 02:10:00,0.11920292202211755,0.0,gyalshing
2023-10-03 02:20:00,0.1354827197842443,0.183341011642338,gyalshing
2023-10-03 02:30:00,0.19428143272075127,0.7219666031793689,gyalshing
2023-10-03 02:40:00,0.1291792691694397,0.11470623425318932,gyalshing
2023-10-03 02:50:00,0.11920292202211755,0.0,gyalshing
2023-10-03 03:00:00,0.15799546248748586,0.40847613872926625,gyalshing
2023-10-03 03:10:00,0.12189445359801787,0.031735921416077006,gyalshing
2023-10-03 03:20:00,0.12448068316773503,0.06166666666666662,gyalshing
2023-10-03 03:30:00,0.1302450637230212,0.12650786488400276,gyalshing
2023-10-03 03:40:00,0.11920292202211755,0.0,gyalshing
2023-10-03 03:50:00,0.11920292202211755,0.0,gyalshing
2023-10-03 04:00:00,0.11920292202211755,0.0,gyalshing
2023-10-03 04:10:00,0.13280304189561956,0.15450127457780144,gyalshing
2023-10-03 04:20:00,0.11920292202211755,0.0,gyalshing
2023-10-03 04:30:00,0.11920292202211755,0.0,gyalshing
2023-10-03 04:40:00,0.2909686165316145,1.386644530525393,gyalshing
2023-10-03 04:50:00,0.11920292202211755,0.0,gyalshing
2023-10-03 05:00:00,0.17685531765709536,0.57775,gyalshing
2023-10-03 05:10:00,0.11920292202211755,0.0,gyalshing
2023-10-03 05:20:00,0.22043115922123024,0.9210555555555555,gyalshing
2023-10-03 05:30:00,0.11920292202211755,0.0,gyalshing
2023-10-03 05:40:00,0.13663054094339724,0.19554723988759032,gyalshing
2023-10-03 05:50:00,0.11976180751608456,0.006640360866410873,gyalshing
2023-10-03 06:00:00,0.12675741740470442,0.08757721386051481,gyalshing
2023-10-03 06:10:00,0.11920292202211755,0.0,gyalshing
2023-10-03 06:20:00,0.16633986527228237,0.48525908687530733,gyalshing
2023-10-03 06:30:00,0.11920292202211755,0.0,gyalshing
2023-10-03 06:40:00,0.5015044342822214,2.5075221941113637,gyalshing
2023-10-03 06:50:00,0.20560165529260627,0.8104444444444444,gyalshing
2023-10-03 07:00:00,0.11920292202211755,0.0,gyalshing
2023-10-03 07:10:00,0.11920292202211755,0.0,gyalshing
2023-10-03 07:20:00,0.13112036487017936,0.1361388888888889,gyalshing
2023-10-03 07:30:00,0.13345566309174625,0.1615700441862975,gyalshing
2023-10-03 07:40:00,0.2471157610391944,1.1074317651878256,gyalshing
2023-10-03 07:50:00,0.16583102152067808,0.48066666666666663,gyalshing
2023-10-03 08:00:00,0.11951124738578664,0.0036666666666666627,gyalshing
2023-10-03 08:10:00,0.12354883927071308,0.05094444444444446,gyalshing
2023-10-03 08:20:00,0.13758855684556012,0.20566911318861641,gyalshing
2023-10-03 08:30:00,0.12268516872649737,0.04094444444444445,gyalshing
2023-10-03 08:40:00,0.1557144787755348,0.38691666666666674,gyalshing
2023-10-03 08:50:00,0.1291907077030305,0.11483333333333334,gyalshing
2023-10-03 09:00:00,0.22806564516873207,0.9759174888919788,gyalshing
2023-10-03 09:10:00,0.15316659811156694,0.3625277777777778,gyalshing
2023-10-03 09:20:00,0.3558602110980952,1.7582777777777778,gyalshing
2023-10-03 09:30:00,0.2510864780069242,1.1339673684843405,gyalshing
2023-10-03 09:40:00,0.1409338185523505,0.24055555555555558,gyalshing
2023-10-03 09:50:00,0.142615615555043,0.2578333333333334,gyalshing
2023-10-03 10:00:00,0.192445994229808,0.7072570397996766,gyalshing
2023-10-03 10:10:00,0.19160030096305483,0.7004435288615506,gyalshing
2023-10-03 10:20:00,0.1558664571986229,0.3883611111111111,gyalshing
2023-10-03 10:30:00,0.16342284376489222,0.4587777777777778,gyalshing
2023-10-03 10:40:00,0.22859655652742916,0.979683972809299,gyalshing
2023-10-03 10:50:00,0.18297303105640664,0.6295833333333333,gyalshing
2023-10-03 11:00:00,0.18605591208273378,0.6551944444444444,gyalshing
2023-10-03 11:10:00,0.188178594573033,0.6726388888888887,gyalshing
2023-10-03 11:20:00,0.19329265714871066,0.7140555555555556,gyalshing
2023-10-03 11:30:00,0.2010304145217768,0.7751666666666667,gyalshing
2023-10-03 11:40:00,0.2364404832231098,1.0346318069027631,gyalshing
2023-10-03 11:50:00,0.22594425987072914,0.9608055555555555,gyalshing
2023-10-03 12:00:00,0.24708870816722256,1.10725,gyalshing
2023-10-03 12:10:00,0.2409886916233285,1.0659166666666666,gyalshing
2023-10-03 12:20:00,0.26489323505165535,1.2241388888888887,gyalshing
2023-10-03 12:30:00,0.28403716470240437,1.3443460395290212,gyalshing
2023-10-03 12:40:00,0.48718900550486893,2.4359310049294964,gyalshing
2023-10-03 12:50:00,0.2865952932932796,1.3600277777777778,gyalshing
2023-10-03 13:00:00,0.5599486424165464,2.801192034589624,gyalshing
2023-10-03 13:10:00,0.330335802922225,1.6166666666666667,gyalshing
2023-10-03 13:20:00,0.41324116658976956,2.061771839475904,gyalshing
2023-10-03 13:30:00,0.35344940378661704,1.7451111111111108,gyalshing
2023-10-03 13:40:00,0.36797726385249296,1.823869731042544,gyalshing
2023-10-03 13:50:00,0.41471031815088455,2.0693416757822565,gyalshing
2023-10-03 14:00:00,0.38955994018079654,1.9385470461511474,gyalshing
2023-10-03 14:10:00,0.5782792567999014,2.8946419327931334,gyalshing
2023-10-03 14:20:00,0.44521955531968704,2.224993878658062,gyalshing
2023-10-03 14:30:00,0.39191910731253776,1.950934424124309,gyalshing
2023-10-03 14:40:00,0.4304575096885381,2.1500190364109684,gyalshing
2023-10-03 14:50:00,0.40452950587561376,2.0167160480107444,gyalshing
2023-10-03 15:00:00,0.4191224323753309,2.092028838683487,gyalshing
2023-10-03 15:10:00,0.5452928347793687,2.727086678813051,gyalshing
2023-10-03 15:20:00,0.47114731026121365,2.355576102476077,gyalshing
2023-10-03 15:30:00,0.4044226280562927,2.016161415209856,gyalshing
2023-10-03 15:40:00,0.7092460104807172,3.614656169886139,gyalshing
2023-10-03 15:50:00,0.39486428938693224,1.9663617334447498,gyalshing
2023-10-03 16:00:00,0.3927374195115713,1.9552249500113925,gyalshing
2023-10-03 16:10:00,0.398378542669722,1.984717782993557,gyalshing
2023-10-03 16:20:00,0.38783969442363364,1.9294973876483472,gyalshing
2023-10-03 16:30:00,0.3862382760858265,1.921059616935826,gyalshing
2023-10-03 16:40:00,0.49123922797604375,2.45619165639351,gyalshing
2023-10-03 16:50:00,0.40672882785754927,2.028118887109736,gyalshing
2023-10-03 17:00:00,0.39083271077045273,1.945233367241605,gyalshing
2023-10-03 17:10:00,0.4812463433206916,2.4061877084225536,gyalshing
2023-10-03 17:20:00,0.5892887259231675,2.9512822361139333,gyalshing
2023-10-03 17:30:00,0.6079986772690384,3.048634365401261,gyalshing
2023-10-03 17:40:00,0.35780277384895554,1.7688580765029551,gyalshing
2023-10-03 17:50:00,0.3490130786954061,1.7207748055341971,gyalshing
2023-10-03 18:00:00,0.34567519835688915,1.702369667910282,gyalshing
2023-10-03 18:10:00,0.34178662741463434,1.6808218658802796,gyalshing
2023-10-03 18:20:00,0.3770740645257259,1.8725174971616632,gyalshing
2023-10-03 18:30:00,0.5511266561249866,2.7565298570317713,gyalshing
2023-10-03 18:40:00,0.4315038462877752,2.1553523459431667,gyalshing
2023-10-03 18:50:00,0.37949744862272355,1.885397696714295,gyalshing
2023-10-03 19:00:00,0.5437391425398312,2.7192561408427136,gyalshing
2023-10-03 19:10:00,0.3312287799898692,1.621709107846826,gyalshing
2023-10-03 19:20:00,0.37073153285364424,1.8386502351054475,gyalshing
2023-10-03 19:30:00,0.3032069600003813,1.4599089646027639,gyalshing
2023-10-03 19:40:00,0.3133465718970774,1.5193501787135666,gyalshing
2023-10-03 19:50:00,0.42469367900599275,2.1205819033324977,gyalshing
2023-10-03 20:00:00,0.2982309794335165,1.4303299571129484,gyalshing
2023-10-03 20:10:00,0.2875084063357105,1.3656049819140061,gyalshing
2023-10-03 20:20:00,0.2860364017897602,1.356608879455821,gyalshing
2023-10-03 20:30:00,0.360132936091665,1.7815159850924562,gyalshing
2023-10-03 20:40:00,0.2750821316856492,1.288764187997071,gyalshing
2023-10-03 20:50:00,0.31886811249463487,1.5512770275399064,gyalshing
2023-10-03 21:00:00,0.26599734580003936,1.231217107315447,gyalshing
2023-10-03 21:10:00,0.2613736115189787,1.201448270042308,gyalshing
2023-10-03 21:20:00,0.4967779186609946,2.4838893702925473,gyalshing
2023-10-03 21:30:00,0.27194022674573537,1.2689989207381116,gyalshing
2023-10-03 21:40:00,0.2530078968823831,1.1467076094995914,gyalshing
2023-10-03 21:50:00,0.2628295291347541,1.210858093287289,gyalshing
2023-10-03 22:00:00,0.42036583876453354,2.098410285970354,gyalshing
2023-10-03 22:10:00,0.2345386671255531,1.0214272056403102,gyalshing
2023-10-03 22:20:00,0.23005095385011382,0.9899706050488725,gyalshing
2023-10-03 22:30:00,0.34771244162213916,1.7136128948184353,gyalshing
2023-10-03 22:40:00,0.2669360512347986,1.237220225788799,gyalshing
2023-10-03 22:50:00,0.2265756816365275,0.9653140028063237,gyalshing
2023-10-03 23:00:00,0.2100081288288987,0.843904478657566,gyalshing
2023-10-03 23:10:00,0.2404291694095825,1.0620899438637026,gyalshing
2023-10-03 23:20:00,0.20344659892668923,0.793886731931113,gyalshing
2023-10-03 23:30:00,0.20580976016436126,0.8120365230493277,gyalshing
2023-10-03 23:40:00,0.25338071635140647,1.1491722132298707,gyalshing
2023-10-03 23:50:00,0.3063399887686437,1.4783920205832966,gyalshing
2023-10-04 00:00:00,0.2343761907772361,1.0202956736628837,gyalshing
2023-10-04 00:10:00,0.4144570226295842,2.0680371264407467,gyalshing
2023-10-04 00:20:00,0.21082727014927227,0.8500674424389705,gyalshing
2023-10-04 00:30:00,0.17056033364195888,0.5229234063718228,gyalshing
2023-10-04 00:40:00,0.18213671157010403,0.6225779674903019,gyalshing
2023-10-04 00:50:00,0.16271752410850635,0.45231777105518073,gyalshing
2023-10-04 01:00:00,0.17849525424929705,0.5917803745420663,gyalshing
2023-10-04 01:10:00,0.16168720901200695,0.442840463096211,gyalshing
2023-10-04 01:20:00,0.1515661051667935,0.34703711768347256,gyalshing
2023-10-04 01:30:00,0.14867017237973165,0.31866326762057745,gyalshing
2023-10-04 01:40:00,0.14503112297944515,0.28235411687165013,gyalshing
2023-10-04 01:50:00,0.22963534472822958,0.987035765039751,gyalshing
2023-10-04 02:00:00,0.20028782098076872,0.7693794377823093,gyalshing
2023-10-04 02:10:00,0.13434456524123126,0.17115116744391365,gyalshing
2023-10-04 02:20:00,0.1344419011926892,0.17219705564312576,gyalshing
2023-10-04 02:30:00,0.13470976225009718,0.17507196147957776,gyalshing
2023-10-04 02:40:00,0.12401824720730374,0.056354311377888586,gyalshing
2023-10-04 02:50:00,0.12093925374994531,0.020542975939193096,gyalshing
2023-10-04 03:00:00,0.16973375584628098,0.5156058023065713,gyalshing
2023-10-04 03:10:00,0.11920292202211755,0.0,gyalshing
2023-10-04 03:20:00,0.2900477219698455,1.381059642780751,gyalshing
2023-10-04 03:30:00,0.11920292202211755,0.0,gyalshing
2023-10-04 03:40:00,0.11920292202211755,0.0,gyalshing
2023-10-04 03:50:00,0.11920292202211755,0.0,gyalshing
2023-10-04 04:00:00,0.11920292202211755,0.0,gyalshing
2023-10-04 04:10:00,0.1548154789855705,0.3783487225258764,gyalshing
2023-10-04 04:20:00,0.14381332630698246,0.2700346054909736,gyalshing
2023-10-04 04:30:00,0.18663966601191384,0.6600070145494953,gyalshing
2023-10-04 04:40:00,0.11920292202211755,0.0,gyalshing
2023-10-04 04:50:00,0.12380868460244286,0.05394130548531793,gyalshing
2023-10-04 05:00:00,0.11920292202211755,0.0,gyalshing
2023-10-04 05:10:00,0.11920292202211755,0.0,gyalshing
2023-10-04 05:20:00,0.11920292202211755,0.0,gyalshing
2023-10-04 05:30:00,0.16286212790391347,0.4536440289213444,gyalshing
2023-10-04 05:40:00,0.11920292202211755,0.0,gyalshing
2023-10-04 05:50:00,0.15154210845116758,0.34680384173844575,gyalshing
2023-10-04 06:00:00,0.11920292202211755,0.0,gyalshing
2023-10-04 06:10:00,0.15113161582733575,0.34280866925155196,gyalshing
2023-10-04 06:20:00,0.11920292202211755,0.0,gyalshing
2023-10-04 06:30:00,0.11920292202211755,0.0,gyalshing
2023-10-04 06:40:00,0.1842551884697914,0.6402751444148216,gyalshing
2023-10-04 06:50:00,0.196155648098358,0.736878510946348,gyalshing
2023-10-04 07:00:00,0.11920292202211755,0.0,gyalshing
2023-10-04 07:10:00,0.1277891950704343,0.09918856161200762,gyalshing
2023-10-04 07:20:00,0.11920292202211755,0.0,gyalshing
2023-10-04 07:30:00,0.11920292202211755,0.0,gyalshing
2023-10-04 07:40:00,0.11920292202211755,0.0,gyalshing
2023-10-04 07:50:00,0.11920292202211755,0.0,gyalshing
2023-10-04 08:00:00,0.14023138436832494,0.2332881279511368,gyalshing
2023-10-04 08:10:00,0.11920292202211755,0.0,gyalshing
2023-10-04 08:20:00,0.1520573160342942,0.3518056063728054,gyalshing
2023-10-04 08:30:00,0.1576633654036166,0.4053530293254243,gyalshing
2023-10-04 08:40:00,0.1218492164192528,0.031207543968800773,gyalshing
2023-10-04 08:50:00,0.11920292202211755,0.0,gyalshing
2023-10-04 09:00:00,0.11920292202211755,0.0,gyalshing
2023-10-04 09:10:00,0.1303582420848327,0.1277562680770342,gyalshing
2023-10-04 09:20:00,0.2029461475838805,0.7900230194987086,gyalshing
2023-10-04 09:30:00,0.11920292202211755,0.0,gyalshing
2023-10-04 09:40:00,0.11920292202211755,0.0,gyalshing
2023-10-04 09:50:00,0.13399428372239566,0.16738203866225534,gyalshing
2023-10-04 10:00:00,0.11920292202211755,0.0,gyalshing
2023-10-04 10:10:00,0.134617534295688,0.17408264036159318,gyalshing
2023-10-04 10:20:00,0.11920292202211755,0.0,gyalshing
2023-10-04 10:30:00,0.11920292202211755,0.0,gyalshing
2023-10-04 10:40:00,0.11920292202211755,0.0,gyalshing
2023-10-04 10:50:00,0.12442324029440098,0.061007698478835505,gyalshing
2023-10-04 11:00:00,0.11920292202211755,0.0,gyalshing
2023-10-04 11:10:00,0.12774881713298417,0.09873566703987989,gyalshing
2023-10-04 11:20:00,0.11920292202211755,0.0,gyalshing
2023-10-04 11:30:00,0.17026625988382618,0.5203232401382822,gyalshing
2023-10-04 11:40:00,0.11920292202211755,0.0,gyalshing
2023-10-04 11:50:00,0.11920292202211755,0.0,gyalshing
2023-10-04 12:00:00,0.11920292202211755,0.0,gyalshing
2023-10-04 12:10:00,0.17110539284403936,0.5277333556471306,gyalshing
2023-10-04 12:20:00,0.11920292202211755,0.0,gyalshing
2023-10-04 12:30:00,0.11920292202211755,0.0,gyalshing
2023-10-04 12:40:00,0.11920292202211755,0.0,gyalshing
2023-10-04 12:50:00,0.18649076390030173,0.6587805430079857,gyalshing
2023-10-04 13:00:00,0.14337560250077785,0.26558528893710415,gyalshing
2023-10-04 13:10:00,0.11920292202211755,0.0,gyalshing
2023-10-04 13:20:00,0.15213176985061608,0.3525272718355649,gyalshing
2023-10-04 13:30:00,0.11920292202211755,0.0,gyalshing
2023-10-04 13:40:00,0.11920292202211755,0.0,gyalshing
2023-10-04 13:50:00,0.1258806603405306,0.07764675926160092,gyalshing
2023-10-04 14:00:00,0.135664867372118,0.18528381936382365,gyalshing
2023-10-04 14:10:00,0.11920292202211755,0.0,gyalshing
2023-10-04 14:20:00,0.11920292202211755,0.0,gyalshing
2023-10-04 14:30:00,0.11920292202211755,0.0,gyalshing
2023-10-04 14:40:00,0.1762102589930055,0.5722032583867728,gyalshing
2023-10-04 14:50:00,0.11920292202211755,0.0,gyalshing
2023-10-04 15:00:00,0.11920292202211755,0.0,gyalshing
2023-10-04 15:10:00,0.17418032879103065,0.5546433761933797,gyalshing
2023-10-04 15:20:00,0.11920292202211755,0.0,gyalshing
2023-10-04 15:30:00,0.15842510348504774,0.4125086689598246,gyalshing
2023-10-04 15:40:00,0.1319007264142535,0.14467936050944616,gyalshing
2023-10-04 15:50:00,0.12187008007704112,0.0314512557986049,gyalshing
2023-10-04 16:00:00,0.1583184959833737,0.41150889997030904,gyalshing
2023-10-04 16:10:00,0.11920292202211755,0.0,gyalshing
2023-10-04 16:20:00,0.11920292202211755,0.0,gyalshing
2023-10-04 16:30:00,0.16739181306642203,0.4947176034504073,gyalshing
2023-10-04 16:40:00,0.11920292202211755,0.0,gyalshing
2023-10-04 16:50:00,0.11920292202211755,0.0,gyalshing
2023-10-04 17:00:00,0.18088245729308275,0.6120247746816599,gyalshing
2023-10-04 17:10:00,0.11920292202211755,0.0,gyalshing
2023-10-04 17:20:00,0.11920292202211755,0.0,gyalshing
2023-10-04 17:30:00,0.1502534693491952,0.3342319473492545,gyalshing
2023-10-04 17:40:00,0.12873809793448815,0.10979683644334451,gyalshing
2023-10-04 17:50:00,0.11920292202211755,0.0,gyalshing
2023-10-04 18:00:00,0.11920292202211755,0.0,gyalshing
2023-10-04 18:10:00,0.13703029134092332,0.19977801955796726,gyalshing
2023-10-04 18:20:00,0.11920292202211755,0.0,gyalshing
2023-10-04 18:30:00,0.11920292202211755,0.0,gyalshing
2023-10-04 18:40:00,0.11920292202211755,0.0,gyalshing
2023-10-04 18:50:00,0.11920292202211755,0.0,gyalshing
2023-10-04 19:00:00,0.12079324965079315,0.018825403342455027,gyalshing
2023-10-04 19:10:00,0.11920292202211755,0.0,gyalshing
2023-10-04 19:20:00,0.11920292202211755,0.0,gyalshing
2023-10-04 19:30:00,0.14792729573010877,0.31131131394772515,gyalshing
2023-10-04 19:40:00,0.11920292202211755,0.0,gyalshing
2023-10-04 19:50:00,0.11920292202211755,0.0,gyalshing
2023-10-04 20:00:00,0.11920292202211755,0.0,gyalshing
2023-10-04 20:10:00,0.11920292202211755,0.0,gyalshing
2023-10-04 20:20:00,0.1929526503250111,0.7113281043176886,gyalshing
2023-10-04 20:30:00,0.11920292202211755,0.0,gyalshing
2023-10-04 20:40:00,0.1768029856760483,0.5773005997127445,gyalshing
2023-10-04 20:50:00,0.11920292202211755,0.0,gyalshing
2023-10-04 21:00:00,0.11920292202211755,0.0,gyalshing
2023-10-04 21:10:00,0.11920292202211755,0.0,gyalshing
2023-10-04 21:20:00,0.11920292202211755,0.0,gyalshing
2023-10-04 21:30:00,0.11920292202211755,0.0,gyalshing
2023-10-04 21:40:00,0.15467627499486689,0.3770184049183529,gyalshing
2023-10-04 21:50:00,0.12514720225941153,0.06929377684720177,gyalshing
2023-10-04 22:00:00,0.11920292202211755,0.0,gyalshing
2023-10-04 22:10:00,0.11920292202211755,0.0,gyalshing
2023-10-04 22:20:00,0.19776617626719073,0.7496066109291403,gyalshing
2023-10-04 22:30:00,0.11920292202211755,0.0,gyalshing
2023-10-04 22:40:00,0.11920292202211755,0.0,gyalshing
2023-10-04 22:50:00,0.21922908415481074,0.9122943052859963,gyalshing
2023-10-04 23:00:00,0.12737559952963662,0.09454371886347858,gyalshing
2023-10-04 23:10:00,0.11920292202211755,0.0,gyalshing
2023-10-04 23:20:00,0.11920292202211755,0.0,gyalshing
2023-10-04 23:30:00,0.11920292202211755,0.0,gyalshing
2023-10-04 23:40:00,0.11920292202211755,0.0,gyalshing
2023-10-04 23:50:00,0.19687179946231398,0.7425479994593305,gyalshing
2023-10-05 00:00:00,0.2794784594667906,1.3161873873619356,gyalshing
2023-10-05 00:10:00,0.1413319053388845,0.24466075148341498,gyalshing
2023-10-05 00:20:00,0.1721060117863301,0.5365319023929165,gyalshing
2023-10-05 00:30:00,0.18842961869847177,0.6746918106030895,gyalshing
2023-10-05 00:40:00,0.22625409868897967,0.963018964197925,gyalshing
2023-10-05 00:50:00,0.11920292202211755,0.0,gyalshing
2023-10-05 01:00:00,0.12402880485911606,0.05647578467831354,gyalshing
2023-10-05 01:10:00,0.19023384190798096,0.6893856875295263,gyalshing
2023-10-05 01:20:00,0.12830454277151668,0.10495820225053504,gyalshing
2023-10-05 01:30:00,0.13196524172795668,0.14538351214741696,gyalshing
2023-10-05 01:40:00,0.13017271757082816,0.125709374192945,gyalshing
2023-10-05 01:50:00,0.11920292202211755,0.0,gyalshing
2023-10-05 02:00:00,0.20174604948749122,0.7807286814779858,gyalshing
2023-10-05 02:10:00,0.1582919261652901,0.4112596421773611,gyalshing
2023-10-05 02:20:00,0.11920292202211755,0.0,gyalshing
2023-10-05 02:30:00,0.1414742351794795,0.24612615705058394,gyalshing
2023-10-05 02:40:00,0.13258459287844754,0.15212860608617737,gyalshing
2023-10-05 02:50:00,0.11920292202211755,0.0,gyalshing
2023-10-05 03:00:00,0.11920292202211755,0.0,gyalshing
2023-10-05 03:10:00,0.11920292202211755,0.0,gyalshing
2023-10-05 03:20:00,0.11920292202211755,0.0,gyalshing
2023-10-05 03:30:00,0.12974610964517969,0.12099317632561582,gyalshing
2023-10-05 03:40:00,0.11920292202211755,0.0,gyalshing
2023-10-05 03:50:00,0.11920292202211755,0.0,gyalshing
2023-10-05 04:00:00,0.1787589562992607,0.5940270268023414,gyalshing
2023-10-05 04:10:00,0.11920292202211755,0.0,gyalshing
2023-10-05 04:20:00,0.146777366282453,0.2998705117225363,gyalshing
2023-10-05 04:30:00,0.11920292202211755,0.0,gyalshing
2023-10-05 04:40:00,0.11920292202211755,0.0,gyalshing
2023-10-05 04:50:00,0.15469786836160157,0.3772248282794021,gyalshing
2023-10-05 05:00:00,0.11920292202211755,0.0,gyalshing
2023-10-05 05:10:00,0.11920292202211755,0.0,gyalshing
2023-10-05 05:20:00,0.11920292202211755,0.0,gyalshing
2023-10-05 05:30:00,0.11920292202211755,0.0,gyalshing
2023-10-05 05:40:00,0.11920292202211755,0.0,gyalshing
2023-10-05 05:50:00,0.11920292202211755,0.0,gyalshing
2023-10-05 06:00:00,0.11920292202211755,0.0,gyalshing
2023-10-05 06:10:00,0.13598752314238166,0.18871991302522811,gyalshing
2023-10-05 06:20:00,0.11920292202211755,0.0,gyalshing
2023-10-05 06:30:00,0.12721543119191264,0.09274150461001507,gyalshing
2023-10-05 06:40:00,0.11920292202211755,0.0,gyalshing
2023-10-05 06:50:00,0.11920292202211755,0.0,gyalshing
2023-10-05 07:00:00,0.2936224580468441,1.4026811615848,gyalshing
2023-10-05 07:10:00,0.1653518728085464,0.47633191777383965,gyalshing
2023-10-05 07:20:00,0.204158532831301,0.7993710120036034,gyalshing
2023-10-05 07:30:00,0.11920292202211755,0.0,gyalshing
2023-10-05 07:40:00,0.2159234582310159,0.8880216743123877,gyalshing
2023-10-05 07:50:00,0.11920292202211755,0.0,gyalshing
2023-10-05 08:00:00,0.11920292202211755,0.0,gyalshing
2023-10-05 08:10:00,0.2735625225018695,1.279222222222222,gyalshing
2023-10-05 08:20:00,0.11920292202211755,0.0,gyalshing
2023-10-05 08:30:00,0.31877131473060427,1.550719882712492,gyalshing
2023-10-05 08:40:00,0.12109686828398074,0.02239512607497454,gyalshing
2023-10-05 08:50:00,0.1282569484838401,0.10442618375053783,gyalshing
2023-10-05 09:00:00,0.11920292202211755,0.0,gyalshing
2023-10-05 09:10:00,0.18051401808843823,0.6089139311496039,gyalshing
2023-10-05 09:20:00,0.11920292202211755,0.0,gyalshing
2023-10-05 09:30:00,0.166934449867021,0.490611111111111,gyalshing
2023-10-05 09:40:00,0.13451587131085374,0.1729914470995285,gyalshing
2023-10-05 09:50:00,0.12124068584121887,0.02408333333333332,gyalshing
2023-10-05 10:00:00,0.1312362470842091,0.137409855516311,gyalshing
2023-10-05 10:10:00,0.22460076637246346,0.9511830219820829,gyalshing
2023-10-05 10:20:00,0.11920292202211755,0.0,gyalshing
2023-10-05 10:30:00,0.17458613763061162,0.5581666666666666,gyalshing
2023-10-05 10:40:00,0.340634789147697,1.6744166666666664,gyalshing
2023-10-05 10:50:00,0.13509205239324526,0.1791666666666667,gyalshing
2023-10-05 11:00:00,0.31525682462803695,1.5304297267748836,gyalshing
2023-10-05 11:10:00,0.11920292202211755,0.0,gyalshing
2023-10-05 11:20:00,0.11920292202211755,0.0,gyalshing
2023-10-05 11:30:00,0.1607552490062613,0.43422579296554287,gyalshing
2023-10-05 11:40:00,0.11920292202211755,0.0,gyalshing
2023-10-05 11:50:00,0.11920292202211755,0.0,gyalshing
2023-10-05 12:00:00,0.11920292202211755,0.0,gyalshing
2023-10-05 12:10:00,0.11920292202211755,0.0,gyalshing
2023-10-05 12:20:00,0.15564085002263722,0.3862164654211808,gyalshing
2023-10-05 12:30:00,0.206890521989241,0.8202856330940412,gyalshing
2023-10-05 12:40:00,0.11920292202211755,0.0,gyalshing
2023-10-05 12:50:00,0.1252369931068854,0.07031860839515258,gyalshing
2023-10-05 13:00:00,0.6036427663319616,3.025833333333333,gyalshing
2023-10-05 13:10:00,0.11920292202211755,0.0,gyalshing
2023-10-05 13:20:00,0.11920292202211755,0.0,gyalshing
2023-10-05 13:30:00,0.11920292202211755,0.0,gyalshing
2023-10-05 13:40:00,0.11920292202211755,0.0,gyalshing
2023-10-05 13:50:00,0.15771764640439187,0.40586386429601035,gyalshing
2023-10-05 14:00:00,0.16013071211289234,0.42843020293262096,gyalshing
2023-10-05 14:10:00,0.11920292202211755,0.0,gyalshing
2023-10-05 14:20:00,0.13351088928687105,0.16216687513445513,gyalshing
2023-10-05 14:30:00,0.11920292202211755,0.0,gyalshing
2023-10-05 14:40:00,0.14400840680487975,0.27201390425198213,gyalshing
2023-10-05 14:50:00,0.14428941466168568,0.27486111111111106,gyalshing
2023-10-05 15:00:00,0.11920292202211755,0.0,gyalshing
2023-10-05 15:10:00,0.15626451102945635,0.3921388888888889,gyalshing
2023-10-05 15:20:00,0.27498681961876964,1.288166666666667,gyalshing
2023-10-05 15:30:00,0.11920292202211755,0.0,gyalshing
2023-10-05 15:40:00,0.11920292202211755,0.0,gyalshing
2023-10-05 15:50:00,0.13854118728443582,0.21567552064012838,gyalshing
2023-10-05 16:00:00,0.12085057632243056,0.019499999999999983,gyalshing
2023-10-05 16:10:00,0.23302055498182792,1.0108333333333333,gyalshing
2023-10-05 16:20:00,0.21533200884843004,0.8836504714094171,gyalshing
2023-10-05 16:30:00,0.19734554286145395,0.7462898880897555,gyalshing
2023-10-05 16:40:00,0.2122081219417576,0.8604169494383744,gyalshing
2023-10-05 16:50:00,0.11920292202211755,0.0,gyalshing
2023-10-05 17:00:00,0.11920292202211755,0.0,gyalshing
2023-10-05 17:10:00,0.11920292202211755,0.0,gyalshing
2023-10-05 17:20:00,0.11920292202211755,0.0,gyalshing
2023-10-05 17:30:00,0.11920292202211755,0.0,gyalshing
2023-10-05 17:40:00,0.11920292202211755,0.0,gyalshing
2023-10-05 17:50:00,0.11920292202211755,0.0,gyalshing
2023-10-05 18:00:00,0.14239415822007653,0.2555679654133262,gyalshing
2023-10-05 18:10:00,0.1366820502832645,0.19609297592248048,gyalshing
2023-10-05 18:20:00,0.1896428289181732,0.6845841910017874,gyalshing
2023-10-05 18:30:00,0.11920292202211755,0.0,gyalshing
2023-10-05 18:40:00,0.13958003124588012,0.22652191454294193,gyalshing
2023-10-05 18:50:00,0.11920292202211755,0.0,gyalshing
2023-10-05 19:00:00,0.11920292202211755,0.0,gyalshing
2023-10-05 19:10:00,0.19899606639331996,0.7592739996691534,gyalshing
2023-10-05 19:20:00,0.161319298198271,0.43944444444444436,gyalshing
2023-10-05 19:30:00,0.20823892239327554,0.8305330115347824,gyalshing
2023-10-05 19:40:00,0.11920292202211755,0.0,gyalshing
2023-10-05 19:50:00,0.6321042100697759,3.176568189220517,gyalshing
2023-10-05 20:00:00,0.11920292202211755,0.0,gyalshing
2023-10-05 20:10:00,0.11920292202211755,0.0,gyalshing
2023-10-05 20:20:00,0.11920292202211755,0.0,gyalshing
2023-10-05 20:30:00,0.11920292202211755,0.0,gyalshing
2023-10-05 20:40:00,0.14182247619721638,0.24970640697409313,gyalshing
2023-10-05 20:50:00,0.12098815562172242,0.021117851192750694,gyalshing
2023-10-05 21:00:00,0.17721910991422454,0.5808711800923472,gyalshing
2023-10-05 21:10:00,0.14775080736548707,0.3095601962380432,gyalshing
2023-10-05 21:20:00,0.11920292202211755,0.0,gyalshing
2023-10-05 21:30:00,0.16159007178627774,0.4419444398486633,gyalshing
2023-10-05 21:40:00,0.22477268965726543,0.9524166666666667,gyalshing
2023-10-05 21:50:00,0.19094147937139544,0.6951196736710739,gyalshing
2023-10-05 22:00:00,0.12463400175848192,0.06342421728457265,gyalshing
2023-10-05 22:10:00,0.1827185457934285,0.6274542938093196,gyalshing
2023-10-05 22:20:00,0.11920292202211755,0.0,gyalshing
2023-10-05 22:30:00,0.14084577848898458,0.23964635027893016,gyalshing
2023-10-05 22:40:00,0.11920292202211755,0.0,gyalshing
2023-10-05 22:50:00,0.13609129902505518,0.18982360476504648,gyalshing
2023-10-05 23:00:00,0.11920292202211755,0.0,gyalshing
2023-10-05 23:10:00,0.11920292202211755,0.0,gyalshing
2023-10-05 23:20:00,0.15386254000597982,0.3692222222222222,gyalshing
2023-10-05 23:30:00,0.13050133596440966,0.12933333333333336,gyalshing
2023-10-05 23:40:00,0.11920292202211755,0.0,gyalshing
2023-10-05 23:50:00,0.11920292202211755,0.0,gyalshing
2023-10-06 00:00:00,0.11920292202211755,0.0,gyalshing
2023-10-06 00:10:00,0.15604210536568927,0.390029089430317,gyalshing
2023-10-06 00:20:00,0.11920292202211755,0.0,gyalshing
2023-10-06 00:30:00,0.11920292202211755,0.0,gyalshing
2023-10-06 00:40:00,0.33796462120640014,1.6595277777777777,gyalshing
2023-10-06 00:50:00,0.1978501059640175,0.7502677658897038,gyalshing
2023-10-06 01:00:00,0.11920292202211755,0.0,gyalshing
2023-10-06 01:10:00,0.17014964476941788,0.5192911544531966,gyalshing
2023-10-06 01:20:00,0.13226901160240864,0.14869508751298913,gyalshing
2023-10-06 01:30:00,0.282492107925005,1.3348333333333333,gyalshing
2023-10-06 01:40:00,0.11920292202211755,0.0,gyalshing
2023-10-06 01:50:00,0.18854429950538582,0.6756289926336272,gyalshing
2023-10-06 02:00:00,0.13614989330859392,0.19044646170059842,gyalshing
2023-10-06 02:10:00,0.11920292202211755,0.0,gyalshing
2023-10-06 02:20:00,0.11920292202211755,0.0,gyalshing
2023-10-06 02:30:00,0.17681272563414172,0.5773842494010554,gyalshing
2023-10-06 02:40:00,0.20264857062416913,0.7877222222222222,gyalshing
2023-10-06 02:50:00,0.23464821270193623,1.022189805674459,gyalshing
2023-10-06 03:00:00,0.19345901625559053,0.7153887183395984,gyalshing
2023-10-06 03:10:00,0.1720726796307628,0.5362394629423167,gyalshing
2023-10-06 03:20:00,0.11920292202211755,0.0,gyalshing
2023-10-06 03:30:00,0.22213434671368035,0.9334106713683017,gyalshing
2023-10-06 03:40:00,0.2035596891859839,0.7947588595351801,gyalshing
2023-10-06 03:50:00,0.11920292202211755,0.0,gyalshing
2023-10-06 04:00:00,0.11920292202211755,0.0,gyalshing
2023-10-06 04:10:00,0.16362175204276236,0.4605955169465057,gyalshing
2023-10-06 04:20:00,0.11920292202211755,0.0,gyalshing
2023-10-06 04:30:00,0.11920292202211755,0.0,gyalshing
2023-10-06 04:40:00,0.11920292202211755,0.0,gyalshing
2023-10-06 04:50:00,0.25430988151499867,1.155304257807775,gyalshing
2023-10-06 05:00:00,0.11920292202211755,0.0,gyalshing
2023-10-06 05:10:00,0.11920292202211755,0.0,gyalshing
2023-10-06 05:20:00,0.11920292202211755,0.0,gyalshing
2023-10-06 05:30:00,0.11920292202211755,0.0,gyalshing
2023-10-06 05:40:00,0.12408205130286837,0.057088287690264194,gyalshing
2023-10-06 05:50:00,0.13618715614489643,0.1908424480065969,gyalshing
2023-10-06 06:00:00,0.1951038055008311,0.7285230433174821,gyalshing
2023-10-06 06:10:00,0.11920292202211755,0.0,gyalshing
2023-10-06 06:20:00,0.13419101995561267,0.1695,gyalshing
2023-10-06 06:30:00,0.11920292202211755,0.0,gyalshing
2023-10-06 06:40:00,0.11920292202211755,0.0,gyalshing
2023-10-06 06:50:00,0.13930454645594048,0.22365223595436023,gyalshing
2023-10-06 07:00:00,0.1298142738849813,0.12174762420331281,gyalshing
2023-10-06 07:10:00,0.12333243322828902,0.048444444444444464,gyalshing
2023-10-06 07:20:00,0.11920292202211755,0.0,gyalshing
2023-10-06 07:30:00,0.11920292202211755,0.0,gyalshing
2023-10-06 07:40:00,0.15220470420513232,0.3532339285208273,gyalshing
2023-10-06 07:50:00,0.24548553430146797,1.0964544643701684,gyalshing
2023-10-06 08:00:00,0.11920292202211755,0.0,gyalshing
2023-10-06 08:10:00,0.11920292202211755,0.0,gyalshing
2023-10-06 08:20:00,0.11920292202211755,0.0,gyalshing
2023-10-06 08:30:00,0.11920292202211755,0.0,gyalshing
2023-10-06 08:40:00,0.11920292202211755,0.0,gyalshing
2023-10-06 08:50:00,0.16639323008661533,0.4857400634005849,gyalshing
2023-10-06 09:00:00,0.11920292202211755,0.0,gyalshing
2023-10-06 09:10:00,0.11920292202211755,0.0,gyalshing
2023-10-06 09:20:00,0.11920292202211755,0.0,gyalshing
2023-10-06 09:30:00,0.11920292202211755,0.0,gyalshing
2023-10-06 09:40:00,0.11920292202211755,0.0,gyalshing
2023-10-06 09:50:00,0.17765864458637162,0.5846354987211028,gyalshing
2023-10-06 10:00:00,0.12436242008800893,0.06030970196732596,gyalshing
2023-10-06 10:10:00,0.11937256613270636,0.0020184546642968643,gyalshing
2023-10-06 10:20:00,0.12261821248140277,0.040166666666666684,gyalshing
2023-10-06 10:30:00,0.12375209231882268,0.053289072996403265,gyalshing
2023-10-06 10:40:00,0.15578168508995693,0.38755555555555554,gyalshing
2023-10-06 10:50:00,0.6485597612493527,3.265893091922747,gyalshing
2023-10-06 11:00:00,0.1782755427742634,0.5899065222832611,gyalshing
2023-10-06 11:10:00,0.24545765782739457,1.0962663287560845,gyalshing
2023-10-06 11:20:00,0.23930072963130739,1.0543536763600945,gyalshing
2023-10-06 11:30:00,0.14729481073705972,0.30502777777777773,gyalshing
2023-10-06 11:40:00,0.1228267758148401,0.042588180183170045,gyalshing
2023-10-06 11:50:00,0.1765702361884142,0.5753005997840733,gyalshing
2023-10-06 12:00:00,0.11920292202211755,0.0,gyalshing
2023-10-06 12:10:00,0.11920292202211755,0.0,gyalshing
2023-10-06 12:20:00,0.1374168994884473,0.20385984295351942,gyalshing
2023-10-06 12:30:00,0.2780015624805941,1.3070046991483695,gyalshing
2023-10-06 12:40:00,0.11920292202211755,0.0,gyalshing
2023-10-06 12:50:00,0.11920292202211755,0.0,gyalshing
2023-10-06 13:00:00,0.15271289548941616,0.35815006863887017,gyalshing
2023-10-06 13:10:00,0.11920292202211755,0.0,gyalshing
2023-10-06 13:20:00,0.17802945374078505,0.5878055555555555,gyalshing
2023-10-06 13:30:00,0.11920292202211755,0.0,gyalshing
2023-10-06 13:40:00,0.1590382222347661,0.41824794294918854,gyalshing
2023-10-06 13:50:00,0.16478237348999097,0.47116666666666657,gyalshing
2023-10-06 14:00:00,0.12337598307652398,0.04894785062199408,gyalshing
2023-10-06 14:10:00,0.11920292202211755,0.0,gyalshing
2023-10-06 14:20:00,0.11920292202211755,0.0,gyalshing
2023-10-06 14:30:00,0.13910355655014242,0.2215555555555556,gyalshing
2023-10-06 14:40:00,0.11920292202211755,0.0,gyalshing
2023-10-06 14:50:00,0.11920292202211755,0.0,gyalshing
2023-10-06 15:00:00,0.1314417700052878,0.13966163729903866,gyalshing
2023-10-06 15:10:00,0.18289154607221866,0.6289018751857595,gyalshing
2023-10-06 15:20:00,0.11920292202211755,0.0,gyalshing
2023-10-06 15:30:00,0.12452881892640917,0.06221866545071386,gyalshing
2023-10-06 15:40:00,0.11920292202211755,0.0,gyalshing
2023-10-06 15:50:00,0.14967459234447206,0.32855555555555555,gyalshing
2023-10-06 16:00:00,0.11920292202211755,0.0,gyalshing
2023-10-06 16:10:00,0.11920292202211755,0.0,gyalshing
2023-10-06 16:20:00,0.1260821403857113,0.07993401658840882,gyalshing
2023-10-06 16:30:00,0.39064542883674425,1.9442499999999998,gyalshing
2023-10-06 16:40:00,0.11920292202211755,0.0,gyalshing
2023-10-06 16:50:00,0.11920292202211755,0.0,gyalshing
2023-10-06 17:00:00,0.11920292202211755,0.0,gyalshing
2023-10-06 17:10:00,0.1725009741882128,0.5399936924244567,gyalshing
2023-10-06 17:20:00,0.14258029490810653,0.25747222222222216,gyalshing
2023-10-06 17:30:00,0.12179579308706177,0.030583333333333317,gyalshing
2023-10-06 17:40:00,0.1417461738756945,0.24892257475467724,gyalshing
2023-10-06 17:50:00,0.11920292202211755,0.0,gyalshing
2023-10-06 18:00:00,0.11948239846713275,0.00332393655076922,gyalshing
2023-10-06 18:10:00,0.11920292202211755,0.0,gyalshing
2023-10-06 18:20:00,0.21574728848715763,0.8867205718920543,gyalshing
2023-10-06 18:30:00,0.11920292202211755,0.0,gyalshing
2023-10-06 18:40:00,0.11920292202211755,0.0,gyalshing
2023-10-06 18:50:00,0.11920292202211755,0.0,gyalshing
2023-10-06 19:00:00,0.1337449856509619,0.16469444444444448,gyalshing
2023-10-06 19:10:00,0.14108724551768528,0.24213888888888885,gyalshing
2023-10-06 19:20:00,0.11920292202211755,0.0,gyalshing
2023-10-06 19:30:00,0.13843322900613642,0.21454443733686734,gyalshing
2023-10-06 19:40:00,0.23402533362818714,1.0178503453674268,gyalshing
2023-10-06 19:50:00,0.22967352834741606,0.9873055555555555,gyalshing
2023-10-06 20:00:00,0.11920292202211755,0.0,gyalshing
2023-10-06 20:10:00,0.13273889286306573,0.15380486745669075,gyalshing
2023-10-06 20:20:00,0.22960686514281484,0.986834518928395,gyalshing
2023-10-06 20:30:00,0.11920292202211755,0.0,gyalshing
2023-10-06 20:40:00,0.2011675815840035,0.7762338941268674,gyalshing
2023-10-06 20:50:00,0.11920292202211755,0.0,gyalshing
2023-10-06 21:00:00,0.11920292202211755,0.0,gyalshing
2023-10-06 21:10:00,0.44376668711127926,2.2176388888888887,gyalshing
2023-10-06 21:20:00,0.11920292202211755,0.0,gyalshing
2023-10-06 21:30:00,0.26824293129299204,1.2455555555555555,gyalshing
2023-10-06 21:40:00,0.12909524646023024,0.11377232337011814,gyalshing
2023-10-06 21:50:00,0.11920292202211755,0.0,gyalshing
2023-10-06 22:00:00,0.18730911979687925,0.6655118537815428,gyalshing
2023-10-06 22:10:00,0.1197245414059304,0.006198420256396913,gyalshing
2023-10-06 22:20:00,0.11920292202211755,0.0,gyalshing
2023-10-06 22:30:00,0.1284574835726219,0.10666666666666669,gyalshing
2023-10-06 22:40:00,0.11920292202211755,0.0,gyalshing
2023-10-06 22:50:00,0.15479145741025868,0.3781192275904925,gyalshing
2023-10-06 23:00:00,0.15605952703224976,0.39019444444444445,gyalshing
2023-10-06 23:10:00,0.11920292202211755,0.0,gyalshing
2023-10-06 23:20:00,0.11920292202211755,0.0,gyalshing
2023-10-06 23:30:00,0.11920292202211755,0.0,gyalshing
2023-10-06 23:40:00,0.22579135995339186,0.9597124859727251,gyalshing
2023-10-06 23:50:00,0.1466097681720556,0.2981968677336388,gyalshing
2023-10-02 00:00:00,0.11920292202211755,0.0,lachen
2023-10-02 00:10:00,0.11920292202211755,0.0,lachen
2023-10-02 00:20:00,0.11920292202211755,0.0,lachen
2023-10-02 00:30:00,0.11920292202211755,0.0,lachen
2023-10-02 00:40:00,0.11920292202211755,0.0,lachen
2023-10-02 00:50:00,0.11920292202211755,0.0,lachen
2023-10-02 01:00:00,0.11920292202211755,0.0,lachen
2023-10-02 01:10:00,0.11920292202211755,0.0,lachen
2023-10-02 01:20:00,0.11920292202211755,0.0,lachen
2023-10-02 01:30:00,0.11920292202211755,0.0,lachen
2023-10-02 01:40:00,0.11920292202211755,0.0,lachen
2023-10-02 01:50:00,0.11920292202211755,0.0,lachen
2023-10-02 02:00:00,0.11920292202211755,0.0,lachen
2023-10-02 02:10:00,0.20983005183365241,0.8425623493838788,lachen
2023-10-02 02:20:00,0.16149316477857834,0.44105010682443413,lachen
2023-10-02 02:30:00,0.1824141732172768,0.6249048681408301,lachen
2023-10-02 02:40:00,0.11920292202211755,0.0,lachen
2023-10-02 02:50:00,0.11920292202211755,0.0,lachen
2023-10-02 03:00:00,0.12137420736986529,0.025649135681893236,lachen
2023-10-02 03:10:00,0.1327665603741116,0.15410526315789475,lachen
2023-10-02 03:20:00,0.18361904904455328,0.6349776601081725,lachen
2023-10-02 03:30:00,0.13435265293785276,0.17123809523809524,lachen
2023-10-02 03:40:00,0.13885987222129648,0.21901008738489888,lachen
2023-10-02 03:50:00,0.13143199002724196,0.13955455214475662,lachen
2023-10-02 04:00:00,0.11920292202211755,0.0,lachen
2023-10-02 04:10:00,0.17265326407338097,0.5413268158333563,lachen
2023-10-02 04:20:00,0.27344044570800696,1.2784542443364264,lachen
2023-10-02 04:30:00,0.11920292202211755,0.0,lachen
2023-10-02 04:40:00,0.1950165330899806,0.7278282510485488,lachen
2023-10-02 04:50:00,0.12166921710472733,0.0291034482758621,lachen
2023-10-02 05:00:00,0.16212779433110872,0.446899110619151,lachen
2023-10-02 05:10:00,0.14047446093354815,0.23580645161290323,lachen
2023-10-02 05:20:00,0.14074804397847013,0.2386364720419466,lachen
2023-10-02 05:30:00,0.21305077138159753,0.8667084585236844,lachen
2023-10-02 05:40:00,0.11920292202211755,0.0,lachen
2023-10-02 05:50:00,0.148622965603149,0.3181969846198804,lachen
2023-10-02 06:00:00,0.11920292202211755,0.0,lachen
2023-10-02 06:10:00,0.2892641260638147,1.376299157855964,lachen
2023-10-02 06:20:00,0.11920292202211755,0.0,lachen
2023-10-02 06:30:00,0.20383217004374396,0.7968586926328223,lachen
2023-10-02 06:40:00,0.1258348984029012,0.07712682042233622,lachen
2023-10-02 06:50:00,0.1375885792432086,0.2056693491362258,lachen
2023-10-02 07:00:00,0.14700239471150037,0.30211517138989086,lachen
2023-10-02 07:10:00,0.15203852350508457,0.3516234084360097,lachen
2023-10-02 07:20:00,0.1304479977282481,0.12874565425192946,lachen
2023-10-02 07:30:00,0.16657007659286896,0.48733309719113305,lachen
2023-10-02 07:40:00,0.12501753348753744,0.06781268435075555,lachen
2023-10-02 07:50:00,0.35578207383778854,1.757851659682192,lachen
2023-10-02 08:00:00,0.15661918013250586,0.39549831867693064,lachen
2023-10-02 08:10:00,0.2676849318178003,1.2419997737531128,lachen
2023-10-02 08:20:00,0.13039779403223478,0.12819232481687887,lachen
2023-10-02 08:30:00,0.18299911148331247,0.6298013939400645,lachen
2023-10-02 08:40:00,0.15976423273978757,0.4250208191957756,lachen
2023-10-02 08:50:00,0.2243772241256655,0.9495779791293572,lachen
2023-10-02 09:00:00,0.11920292202211755,0.0,lachen
2023-10-02 09:10:00,0.18061322722320197,0.6097520704108081,lachen
2023-10-02 09:20:00,0.12080590638788559,0.018974366362070838,lachen
2023-10-02 09:30:00,0.17564096086988548,0.5672946928111531,lachen
2023-10-02 09:40:00,0.12593795406442804,0.07829749212511661,lachen
2023-10-02 09:50:00,0.11920292202211755,0.0,lachen
2023-10-02 10:00:00,0.13367994347493833,0.16399255110127592,lachen
2023-10-02 10:10:00,0.19837905797821045,0.7544297243352057,lachen
2023-10-02 10:20:00,0.1596373248341556,0.4238387096774194,lachen
2023-10-02 10:30:00,0.12686489960269826,0.08879054942500943,lachen
2023-10-02 10:40:00,0.12583618676384983,0.07714146076005038,lachen
2023-10-02 10:50:00,0.1610835986051285,0.43726551935460806,lachen
2023-10-02 11:00:00,0.20188621823884126,0.7818163646374887,lachen
2023-10-02 11:10:00,0.1397604069341507,0.22839828806320528,lachen
2023-10-02 11:20:00,0.204061220604314,0.7986222215559382,lachen
2023-10-02 11:30:00,0.1668809874473378,0.490130505214278,lachen
2023-10-02 11:40:00,0.19187520421467869,0.7026608572845994,lachen
2023-10-02 11:50:00,0.12756659817192068,0.09669030743772969,lachen
2023-10-02 12:00:00,0.1773630320012403,0.5821045814059841,lachen
2023-10-02 12:10:00,0.17728559284100565,0.5814410313256217,lachen
2023-10-02 12:20:00,0.129064846187597,0.11343429734401256,lachen
2023-10-02 12:30:00,0.11920292202211755,0.0,lachen
2023-10-02 12:40:00,0.14784727140316326,0.31051752659709914,lachen
2023-10-02 12:50:00,0.15510797749063415,0.38114083522278985,lachen
2023-10-02 13:00:00,0.12578848886344232,0.07659935830407645,lachen
2023-10-02 13:10:00,0.13827816214117342,0.21291849928364864,lachen
2023-10-02 13:20:00,0.14509810255489836,0.28302920058936337,lachen
2023-10-02 13:30:00,0.19235419172467588,0.7065185185185183,lachen
2023-10-02 13:40:00,0.19482975739850514,0.726340502136488,lachen
2023-10-02 13:50:00,0.22302270133938254,0.9398280408990253,lachen
2023-10-02 14:00:00,0.12006212565106834,0.010197518655041324,lachen
2023-10-02 14:10:00,0.11920292202211755,0.0,lachen
2023-10-02 14:20:00,0.2430091992790485,1.0796852483248536,lachen
2023-10-02 14:30:00,0.11920292202211755,0.0,lachen
2023-10-02 14:40:00,0.11920292202211755,0.0,lachen
2023-10-02 14:50:00,0.13495322052531114,0.1776807724673595,lachen
2023-10-02 15:00:00,0.13678586376155347,0.1971923430153194,lachen
2023-10-02 15:10:00,0.13228391457793756,0.14885738771113446,lachen
2023-10-02 15:20:00,0.14266943705129062,0.2583834500276109,lachen
2023-10-02 15:30:00,0.17535652313761105,0.5648375411142643,lachen
2023-10-02 15:40:00,0.13689032604620766,0.19829787234042554,lachen
2023-10-02 15:50:00,0.15741024060228712,0.4029689987206165,lachen
2023-10-02 16:00:00,0.24627106150624198,1.10175,lachen
2023-10-02 16:10:00,0.14122925369512526,0.24360310096870832,lachen
2023-10-02 16:20:00,0.11920292202211755,0.0,lachen
2023-10-02 16:30:00,0.1491419182213845,0.3233162195853331,lachen
2023-10-02 16:40:00,0.11920292202211755,0.0,lachen
2023-10-02 16:50:00,0.12380174904265079,0.05386138613861386,lachen
2023-10-02 17:00:00,0.12484317987980363,0.06581911928338793,lachen
2023-10-02 17:10:00,0.14412915203125592,0.27323787562499324,lachen
2023-10-02 17:20:00,0.11920292202211755,0.0,lachen
2023-10-02 17:30:00,0.17240013067106558,0.5391104102528991,lachen
2023-10-02 17:40:00,0.21862872120825919,0.9079056603773585,lachen
2023-10-02 17:50:00,0.2547671437028065,1.1583165471135826,lachen
2023-10-02 18:00:00,0.13154374274813785,0.14077777777777775,lachen
2023-10-02 18:10:00,0.18140300152054542,0.6164114832042197,lachen
2023-10-02 18:20:00,0.16822163707739152,0.5021454545454546,lachen
2023-10-02 18:30:00,0.14241159415357818,0.2557464304479562,lachen
2023-10-02 18:40:00,0.24796991151497763,1.1131638497943757,lachen
2023-10-02 18:50:00,0.12312420861146268,0.0460353982300885,lachen
2023-10-02 19:00:00,0.20679591342500428,0.8195647909935883,lachen
2023-10-02 19:10:00,0.19114522210191853,0.6967675893780654,lachen
2023-10-02 19:20:00,0.11920292202211755,0.0,lachen
2023-10-02 19:30:00,0.14357175951442233,0.2675805556584198,lachen
2023-10-02 19:40:00,0.15843918633443876,0.41264069758698896,lachen
2023-10-02 19:50:00,0.15580585962403273,0.387785312941453,lachen
2023-10-02 20:00:00,0.11920292202211755,0.0,lachen
2023-10-02 20:10:00,0.11920292202211755,0.0,lachen
2023-10-02 20:20:00,0.24313965896988204,1.0805715751928082,lachen
2023-10-02 20:30:00,0.11920292202211755,0.0,lachen
2023-10-02 20:40:00,0.11920292202211755,0.0,lachen
2023-10-02 20:50:00,0.152681706470782,0.35784873905375975,lachen
2023-10-02 21:00:00,0.1210051290508384,0.02131733872220647,lachen
2023-10-02 21:10:00,0.1967886344380021,0.741890414903236,lachen
2023-10-02 21:20:00,0.15289913546321662,0.3599483582939346,lachen
2023-10-02 21:30:00,0.14254796802037126,0.257141653324283,lachen
2023-10-02 21:40:00,0.1985604152880744,0.7558547769018467,lachen
2023-10-02 21:50:00,0.1318678675626869,0.1443206106870229,lachen
2023-10-02 22:00:00,0.14009553628077465,0.23187912188286045,lachen
2023-10-02 22:10:00,0.20722453263537385,0.8228285823528066,lachen
2023-10-02 22:20:00,0.11920292202211755,0.0,lachen
2023-10-02 22:30:00,0.11920292202211755,0.0,lachen
2023-10-02 22:40:00,0.11920292202211755,0.0,lachen
2023-10-02 22:50:00,0.13522520698896837,0.18059058790456542,lachen
2023-10-02 23:00:00,0.16804618938923543,0.5005774440855459,lachen
2023-10-02 23:10:00,0.13134279810342642,0.13857763949714852,lachen
2023-10-02 23:20:00,0.13416062661782904,0.16917297237978404,lachen
2023-10-02 23:30:00,0.13157652633671627,0.14113645388322568,lachen
2023-10-02 23:40:00,0.11920292202211755,0.0,lachen
2023-10-02 23:50:00,0.1269413139246746,0.08965263443033306,lachen
2023-10-03 00:00:00,0.14707548104311516,0.3028435960195643,lachen
2023-10-03 00:10:00,0.16443019128135528,0.4679652665700089,lachen
2023-10-03 00:20:00,0.1546612078700339,0.37687435569550237,lachen
2023-10-03 00:30:00,0.1594285109306943,0.4218920122257076,lachen
2023-10-03 00:40:00,0.11920292202211755,0.0,lachen
2023-10-03 00:50:00,0.14704270674172393,0.30251698364975416,lachen
2023-10-03 01:00:00,0.18853531124488282,0.6755555555555555,lachen
2023-10-03 01:10:00,0.19045329740644745,0.6911656774372092,lachen
2023-10-03 01:20:00,0.14449421551691613,0.2769332761173112,lachen
2023-10-03 01:30:00,0.11920292202211755,0.0,lachen
2023-10-03 01:40:00,0.18329693062517524,0.6322897762430957,lachen
2023-10-03 01:50:00,0.11920292202211755,0.0,lachen
2023-10-03 02:00:00,0.14639330584048657,0.29603291640529084,lachen
2023-10-03 02:10:00,0.1746613778922726,0.558819203486785,lachen
2023-10-03 02:20:00,0.17386039670271652,0.5518611111111111,lachen
2023-10-03 02:30:00,0.2752537327563406,1.2898396493233857,lachen
2023-10-03 02:40:00,0.13898824511410424,0.22035150637354134,lachen
2023-10-03 02:50:00,0.15429077632529117,0.37332923344431634,lachen
2023-10-03 03:00:00,0.12059504047243111,0.016490829083923863,lachen
2023-10-03 03:10:00,0.12202173634530813,0.03322169869640604,lachen
2023-10-03 03:20:00,0.18990556333680225,0.6867201052306111,lachen
2023-10-03 03:30:00,0.11920292202211755,0.0,lachen
2023-10-03 03:40:00,0.1623282175698106,0.4487424549479989,lachen
2023-10-03 03:50:00,0.1668025394378093,0.48942506585862805,lachen
2023-10-03 04:00:00,0.11920292202211755,0.0,lachen
2023-10-03 04:10:00,0.1615818715543777,0.4418687785211529,lachen
2023-10-03 04:20:00,0.11920292202211755,0.0,lachen
2023-10-03 04:30:00,0.13113000052751447,0.1362446066711144,lachen
2023-10-03 04:40:00,0.17511849162365106,0.5627788624768113,lachen
2023-10-03 04:50:00,0.11920292202211755,0.0,lachen
2023-10-03 05:00:00,0.12983672440615143,0.12199603478247383,lachen
2023-10-03 05:10:00,0.14815462534703433,0.3135643362808117,lachen
2023-10-03 05:20:00,0.11996095087959341,0.009000000000000008,lachen
2023-10-03 05:30:00,0.20756183811468762,0.8253935459292997,lachen
2023-10-03 05:40:00,0.1881395571234308,0.6723194444444445,lachen
2023-10-03 05:50:00,0.28998599122167096,1.380684893958944,lachen
2023-10-03 06:00:00,0.2131271430782568,0.8672777777777776,lachen
2023-10-03 06:10:00,0.16895851256028457,0.5087168483136569,lachen
2023-10-03 06:20:00,0.12527358852330056,0.07073611111111108,lachen
2023-10-03 06:30:00,0.2481134636855124,1.1141259079906343,lachen
2023-10-03 06:40:00,0.13969623858240343,0.22773100387698592,lachen
2023-10-03 06:50:00,0.14374209195608967,0.2693113005991685,lachen
2023-10-03 07:00:00,0.19218796010062672,0.7051805555555556,lachen
2023-10-03 07:10:00,0.2198309080822349,0.9166849631285018,lachen
2023-10-03 07:20:00,0.2088914465378541,0.8354744104945995,lachen
2023-10-03 07:30:00,0.34275008038475246,1.6861715145823921,lachen
2023-10-03 07:40:00,0.17637903406410113,0.5736560633911805,lachen
2023-10-03 07:50:00,0.24347073838792435,1.0828194395947677,lachen
2023-10-03 08:00:00,0.1563172566464181,0.39263888888888887,lachen
2023-10-03 08:10:00,0.2696662299616018,1.2546042001041968,lachen
2023-10-03 08:20:00,0.34027635408733103,1.6724213307275624,lachen
2023-10-03 08:30:00,0.2319617305010479,1.003416051674954,lachen
2023-10-03 08:40:00,0.20720872923037875,0.8227083333333333,lachen
2023-10-03 08:50:00,0.21906695661459047,0.9111100084884092,lachen
2023-10-03 09:00:00,0.33604502829511623,1.6487885378598257,lachen
2023-10-03 09:10:00,0.23552269308926413,1.0282686609608633,lachen
2023-10-03 09:20:00,0.2532423645843527,1.1482578888151578,lachen
2023-10-03 09:30:00,0.31696865463312407,1.5403276694140342,lachen
2023-10-03 09:40:00,0.27973647094327414,1.3177885339506952,lachen
2023-10-03 09:50:00,0.24840369671433818,1.1160698537298992,lachen
2023-10-03 10:00:00,0.2595841645205885,1.1898362690346405,lachen
2023-10-03 10:10:00,0.3812103902133389,1.8944826254387763,lachen
2023-10-03 10:20:00,0.24568995580897204,1.097833645140103,lachen
2023-10-03 10:30:00,0.2800434097756546,1.3196921340352543,lachen
2023-10-03 10:40:00,0.2589614496560074,1.1857831986196816,lachen
2023-10-03 10:50:00,0.28393206479820465,1.3436999463285577,lachen
2023-10-03 11:00:00,0.3069966677179935,1.4822526069042734,lachen
2023-10-03 11:10:00,0.31370811547054245,1.5214499501779468,lachen
2023-10-03 11:20:00,0.2846286255897387,1.347979312264171,lachen
2023-10-03 11:30:00,0.27303166145327895,1.2758810484053293,lachen
2023-10-03 11:40:00,0.2987429147196571,1.4333860324655943,lachen
2023-10-03 11:50:00,0.2729180277204617,1.2751653249897916,lachen
2023-10-03 12:00:00,0.42882683459207704,2.1417009473454742,lachen
2023-10-03 12:10:00,0.2802878030183548,1.3212069218919977,lachen
2023-10-03 12:20:00,0.3135968919115349,1.5208041264579326,lachen
2023-10-03 12:30:00,0.3360032324094312,1.6485543735062527,lachen
2023-10-03 12:40:00,0.2739873998131688,1.281893436179899,lachen
2023-10-03 12:50:00,0.29733773286098225,1.4249903507923731,lachen
2023-10-03 13:00:00,0.41144680717026433,2.052515545404657,lachen
2023-10-03 13:10:00,0.3108584745421117,1.5048638573165405,lachen
2023-10-03 13:20:00,0.29283213104747985,1.3979142964158628,lachen
2023-10-03 13:30:00,0.27115118114555187,1.2640127504737309,lachen
2023-10-03 13:40:00,0.33207301600355477,1.6264700128620628,lachen
2023-10-03 13:50:00,0.2934963317287861,1.4019209331698015,lachen
2023-10-03 14:00:00,0.3195214137220738,1.5550349252617037,lachen
2023-10-03 14:10:00,0.2740360221275878,1.2821989612846314,lachen
2023-10-03 14:20:00,0.2663371919296765,1.2333920141580885,lachen
2023-10-03 14:30:00,0.43309760384275847,2.1634699594236197,lachen
2023-10-03 14:40:00,0.3084964008073637,1.4910522756613402,lachen
2023-10-03 14:50:00,0.2528720615650013,1.1458090439814685,lachen
2023-10-03 15:00:00,0.3028306629632012,1.4576818108139769,lachen
2023-10-03 15:10:00,0.3423539537560254,1.6839728642754792,lachen
2023-10-03 15:20:00,0.257867203725051,1.178645675364742,lachen
2023-10-03 15:30:00,0.41971482045318986,2.0950697626966983,lachen
2023-10-03 15:40:00,0.24490229669889296,1.092515241001024,lachen
2023-10-03 15:50:00,0.27628747522762587,1.2963095653263235,lachen
2023-10-03 16:00:00,0.2983461041917032,1.4310174743782034,lachen
2023-10-03 16:10:00,0.25577341271992216,1.164933005895687,lachen
2023-10-03 16:20:00,0.23786669976584374,1.044486195837446,lachen
2023-10-03 16:30:00,0.3246034120163635,1.5841301379762074,lachen
2023-10-03 16:40:00,0.24288510779344216,1.0788418863952625,lachen
2023-10-03 16:50:00,0.2954024057334953,1.41338957809257,lachen
2023-10-03 17:00:00,0.2548550757703934,1.1588954058211047,lachen
2023-10-03 17:10:00,0.23742779017657498,1.0414579130968984,lachen
2023-10-03 17:20:00,0.4142662878865415,2.0670546305017776,lachen
2023-10-03 17:30:00,0.22491428089957588,0.9534321591348843,lachen
2023-10-03 17:40:00,0.2383693370731366,1.0479494542457912,lachen
2023-10-03 17:50:00,0.30349593353853577,1.4616182252864074,lachen
2023-10-03 18:00:00,0.26373425629067765,1.2166885910458027,lachen
2023-10-03 18:10:00,0.2185887734592822,0.9076133351841964,lachen
2023-10-03 18:20:00,0.25232001179695845,1.1421538834933163,lachen
2023-10-03 18:30:00,0.2139240481403745,0.8732095227090384,lachen
2023-10-03 18:40:00,0.3390995051852439,1.6658628734449001,lachen
2023-10-03 18:50:00,0.24253577679040478,1.0764661580876185,lachen
2023-10-03 19:00:00,0.2611868107899676,1.200238501345981,lachen
2023-10-03 19:10:00,0.2611155191677869,1.1997766513422201,lachen
2023-10-03 19:20:00,0.21623438944434262,0.8903161826782413,lachen
2023-10-03 19:30:00,0.2459781923039937,1.099776990710729,lachen
2023-10-03 19:40:00,0.20088156867560647,0.7740079557737943,lachen
2023-10-03 19:50:00,0.2481018128925615,1.1140478405952872,lachen
2023-10-03 20:00:00,0.1970505927058611,0.743961005231737,lachen
2023-10-03 20:10:00,0.19510263240288286,0.7285137056229429,lachen
2023-10-03 20:20:00,0.21805278846538745,0.9036874357052793,lachen
2023-10-03 20:30:00,0.252054383778414,1.1403932539092554,lachen
2023-10-03 20:40:00,0.19005518116069273,0.6879354208751104,lachen
2023-10-03 20:50:00,0.18809955201742873,0.6719920288075945,lachen
2023-10-03 21:00:00,0.2962131613296422,1.4182547630570035,lachen
2023-10-03 21:10:00,0.1845890204721774,0.6430494842524889,lachen
2023-10-03 21:20:00,0.4083488216580145,2.0365056609172765,lachen
2023-10-03 21:30:00,0.1868468110742677,0.6617119661950852,lachen
2023-10-03 21:40:00,0.18692186846222825,0.6623293826906868,lachen
2023-10-03 21:50:00,0.30522874182162363,1.4718485027945074,lachen
2023-10-03 22:00:00,0.17505251327806293,0.56220784116735,lachen
2023-10-03 22:10:00,0.21160480401015744,0.855901151368192,lachen
2023-10-03 22:20:00,0.17045795313627882,0.5220185742319611,lachen
2023-10-03 22:30:00,0.20513915731799598,0.8069018829386214,lachen
2023-10-03 22:40:00,0.19463146074602863,0.7247598001002243,lachen
2023-10-03 22:50:00,0.16492568547143802,0.47246782629476813,lachen
2023-10-03 23:00:00,0.16294055936516497,0.45436297946291443,lachen
2023-10-03 23:10:00,0.16210328783164504,0.4466735919453575,lachen
2023-10-03 23:20:00,0.16494660906537564,0.47265772008634704,lachen
2023-10-03 23:30:00,0.16870253358261528,0.506436643643911,lachen
2023-10-03 23:40:00,0.2880401530822854,1.3688479697489802,lachen
2023-10-03 23:50:00,0.2001910850317249,0.7686243659137345,lachen
2023-10-04 00:00:00,0.1520893922549117,0.35211655009875575,lachen
2023-10-04 00:10:00,0.1628245059322912,0.45329906404546744,lachen
2023-10-04 00:20:00,0.2572168349278312,1.1743940997053148,lachen
2023-10-04 00:30:00,0.21127965336599322,0.8534635119918575,lachen
2023-10-04 00:40:00,0.14570023793075795,0.2890865057126775,lachen
2023-10-04 00:50:00,0.16389533113500165,0.46309274005784395,lachen
2023-10-04 01:00:00,0.14108591937915285,0.24212520959102343,lachen
2023-10-04 01:10:00,0.30002817084478006,1.4410453536174028,lachen
2023-10-04 01:20:00,0.806085098594511,4.280962385047432,lachen
2023-10-04 01:30:00,0.9882277776164285,8.037713117798518,lachen
2023-10-04 01:40:00,0.999999999982486,33.460028099792154,lachen
2023-10-04 01:50:00,0.9669508464629338,6.7201896360242985,lachen
2023-10-04 02:00:00,0.8116757210919495,4.32616942175949,lachen
2023-10-04 02:10:00,0.1286272636142894,0.10856120812777985,lachen
2023-10-04 02:20:00,0.1269684619643443,0.08995880424965617,lachen
2023-10-04 02:30:00,0.12668621426725377,0.08677293777560707,lachen
2023-10-04 02:40:00,0.12410776735531348,0.057384023081610405,lachen
2023-10-04 02:50:00,0.12225276641629405,0.03591511742593453,lachen
2023-10-04 03:00:00,0.12123894206099124,0.02406287425201085,lachen
2023-10-04 03:10:00,0.11920292202211755,0.0,lachen
2023-10-04 03:20:00,0.11920292202211755,0.0,lachen
2023-10-04 03:30:00,0.11920292202211755,0.0,lachen
2023-10-04 03:40:00,0.11963015535903831,0.005078559579436946,lachen
2023-10-04 03:50:00,0.11920292202211755,0.0,lachen
2023-10-04 04:00:00,0.11920292202211755,0.0,lachen
2023-10-04 04:10:00,0.11983107960524676,0.007461546352955025,lachen
2023-10-04 04:20:00,0.11920292202211755,0.0,lachen
2023-10-04 04:30:00,0.11920292202211755,0.0,lachen
2023-10-04 04:40:00,0.11920292202211755,0.0,lachen
2023-10-04 04:50:00,0.11920292202211755,0.0,lachen
2023-10-04 05:00:00,0.11920292202211755,0.0,lachen
2023-10-04 05:10:00,0.11920292202211755,0.0,lachen
2023-10-04 05:20:00,0.11920292202211755,0.0,lachen
2023-10-04 05:30:00,0.11920292202211755,0.0,lachen
2023-10-04 05:40:00,0.11920292202211755,0.0,lachen
2023-10-04 05:50:00,0.11920292202211755,0.0,lachen
2023-10-04 06:00:00,0.11961583345076,0.004908567948250865,lachen
2023-10-04 06:10:00,0.11920292202211755,0.0,lachen
2023-10-04 06:20:00,0.1233304887892924,0.0484219645101298,lachen
2023-10-04 06:30:00,0.11920292202211755,0.0,lachen
2023-10-04 06:40:00,0.11920292202211755,0.0,lachen
2023-10-04 06:50:00,0.11920292202211755,0.0,lachen
2023-10-04 07:00:00,0.11920292202211755,0.0,lachen
2023-10-04 07:10:00,0.11920292202211755,0.0,lachen
2023-10-04 07:20:00,0.12176447342944555,0.030217277511303126,lachen
2023-10-04 07:30:00,0.11920292202211755,0.0,lachen
2023-10-04 07:40:00,0.11920292202211755,0.0,lachen
2023-10-04 07:50:00,0.11920292202211755,0.0,lachen
2023-10-04 08:00:00,0.11920292202211755,0.0,lachen
2023-10-04 08:10:00,0.11920292202211755,0.0,lachen
2023-10-04 08:20:00,0.11920292202211755,0.0,lachen
2023-10-04 08:30:00,0.11920292202211755,0.0,lachen
2023-10-04 08:40:00,0.11920292202211755,0.0,lachen
2023-10-04 08:50:00,0.11920292202211755,0.0,lachen
2023-10-04 09:00:00,0.11939147700444207,0.0022433058004632136,lachen
2023-10-04 09:10:00,0.11920292202211755,0.0,lachen
2023-10-04 09:20:00,0.11920292202211755,0.0,lachen
2023-10-04 09:30:00,0.11920292202211755,0.0,lachen
2023-10-04 09:40:00,0.11920292202211755,0.0,lachen
2023-10-04 09:50:00,0.11920292202211755,0.0,lachen
2023-10-04 10:00:00,0.11920292202211755,0.0,lachen
2023-10-04 10:10:00,0.11920292202211755,0.0,lachen
2023-10-04 10:20:00,0.11920292202211755,0.0,lachen
2023-10-04 10:30:00,0.11920292202211755,0.0,lachen
2023-10-04 10:40:00,0.11920292202211755,0.0,lachen
2023-10-04 10:50:00,0.12061865100107719,0.016769095430123462,lachen
2023-10-04 11:00:00,0.11920292202211755,0.0,lachen
2023-10-04 11:10:00,0.11920292202211755,0.0,lachen
2023-10-04 11:20:00,0.11920292202211755,0.0,lachen
2023-10-04 11:30:00,0.11920292202211755,0.0,lachen
2023-10-04 11:40:00,0.11920292202211755,0.0,lachen
2023-10-04 11:50:00,0.12073767573740904,0.018171168739327403,lachen
2023-10-04 12:00:00,0.11920292202211755,0.0,lachen
2023-10-04 12:10:00,0.11920292202211755,0.0,lachen
2023-10-04 12:20:00,0.12007522695017478,0.010352523714663829,lachen
2023-10-04 12:30:00,0.11920292202211755,0.0,lachen
2023-10-04 12:40:00,0.11920292202211755,0.0,lachen
2023-10-04 12:50:00,0.11920292202211755,0.0,lachen
2023-10-04 13:00:00,0.11920292202211755,0.0,lachen
2023-10-04 13:10:00,0.11920292202211755,0.0,lachen
2023-10-04 13:20:00,0.11920292202211755,0.0,lachen
2023-10-04 13:30:00,0.12053926194633464,0.01583325396654273,lachen
2023-10-04 13:40:00,0.11920292202211755,0.0,lachen
2023-10-04 13:50:00,0.11920292202211755,0.0,lachen
2023-10-04 14:00:00,0.11920292202211755,0.0,lachen
2023-10-04 14:10:00,0.11920292202211755,0.0,lachen
2023-10-04 14:20:00,0.11920292202211755,0.0,lachen
2023-10-04 14:30:00,0.11933310903805544,0.00154920882409458,lachen
2023-10-04 14:40:00,0.11920292202211755,0.0,lachen
2023-10-04 14:50:00,0.11920292202211755,0.0,lachen
2023-10-04 15:00:00,0.1198157073743888,0.007279351763856724,lachen
2023-10-04 15:10:00,0.11920292202211755,0.0,lachen
2023-10-04 15:20:00,0.11920292202211755,0.0,lachen
2023-10-04 15:30:00,0.12162801492358748,0.028621439704194784,lachen
2023-10-04 15:40:00,0.12103716341458247,0.02169377063004704,lachen
2023-10-04 15:50:00,0.11920292202211755,0.0,lachen
2023-10-04 16:00:00,0.11920292202211755,0.0,lachen
2023-10-04 16:10:00,0.12050450305569647,0.015423347303295564,lachen
2023-10-04 16:20:00,0.11920292202211755,0.0,lachen
2023-10-04 16:30:00,0.12063363360100694,0.01694565131865663,lachen
2023-10-04 16:40:00,0.11920292202211755,0.0,lachen
2023-10-04 16:50:00,0.11920292202211755,0.0,lachen
2023-10-04 17:00:00,0.11920292202211755,0.0,lachen
2023-10-04 17:10:00,0.11920292202211755,0.0,lachen
2023-10-04 17:20:00,0.11920292202211755,0.0,lachen
2023-10-04 17:30:00,0.11920292202211755,0.0,lachen
2023-10-04 17:40:00,0.11920292202211755,0.0,lachen
2023-10-04 17:50:00,0.12385472098732725,0.054471691238606935,lachen
2023-10-04 18:00:00,0.11920292202211755,0.0,lachen
2023-10-04 18:10:00,0.11920292202211755,0.0,lachen
2023-10-04 18:20:00,0.11920292202211755,0.0,lachen
2023-10-04 18:30:00,0.12059447230878137,0.016484132304687347,lachen
2023-10-04 18:40:00,0.1203616306564459,0.01373740093178771,lachen
2023-10-04 18:50:00,0.11964881172771158,0.005299972032218539,lachen
2023-10-04 19:00:00,0.11920292202211755,0.0,lachen
2023-10-04 19:10:00,0.11920292202211755,0.0,lachen
2023-10-04 19:20:00,0.11920292202211755,0.0,lachen
2023-10-04 19:30:00,0.11920292202211755,0.0,lachen
2023-10-04 19:40:00,0.11920292202211755,0.0,lachen
2023-10-04 19:50:00,0.11920292202211755,0.0,lachen
2023-10-04 20:00:00,0.11920292202211755,0.0,lachen
2023-10-04 20:10:00,0.1241784186516549,0.058196244499558035,lachen
2023-10-04 20:20:00,0.12073692952920367,0.018162382360673964,lachen
2023-10-04 20:30:00,0.12089500298074297,0.02002260480353229,lachen
2023-10-04 20:40:00,0.11920292202211755,0.0,lachen
2023-10-04 20:50:00,0.11920292202211755,0.0,lachen
2023-10-04 21:00:00,0.11920292202211755,0.0,lachen
2023-10-04 21:10:00,0.12375908810496669,0.05336971409803909,lachen
2023-10-04 21:20:00,0.11920292202211755,0.0,lachen
2023-10-04 21:30:00,0.11920292202211755,0.0,lachen
2023-10-04 21:40:00,0.1231519868015623,0.04635697918376766,lachen
2023-10-04 21:50:00,0.11920292202211755,0.0,lachen
2023-10-04 22:00:00,0.11920292202211755,0.0,lachen
2023-10-04 22:10:00,0.12614118076570854,0.0806036667458015,lachen
2023-10-04 22:20:00,0.11920292202211755,0.0,lachen
2023-10-04 22:30:00,0.12081125428206743,0.01903730416766276,lachen
2023-10-04 22:40:00,0.12113387817269407,0.022829733013303582,lachen
2023-10-04 22:50:00,0.11920292202211755,0.0,lachen
2023-10-04 23:00:00,0.11920292202211755,0.0,lachen
2023-10-04 23:10:00,0.11920292202211755,0.0,lachen
2023-10-04 23:20:00,0.12020519453451685,0.011889415316896001,lachen
2023-10-04 23:30:00,0.11920292202211755,0.0,lachen
2023-10-04 23:40:00,0.11920292202211755,0.0,lachen
2023-10-04 23:50:00,0.11920292202211755,0.0,lachen
2023-10-05 00:00:00,0.11936662572453444,0.0019478165819593488,lachen
2023-10-05 00:10:00,0.11920292202211755,0.0,lachen
2023-10-05 00:20:00,0.11920292202211755,0.0,lachen
2023-10-05 00:30:00,0.11920292202211755,0.0,lachen
2023-10-05 00:40:00,0.12513631084566468,0.06916942440048765,lachen
2023-10-05 00:50:00,0.11920292202211755,0.0,lachen
2023-10-05 01:00:00,0.12716372977356344,0.09215934641059666,lachen
2023-10-05 01:10:00,0.11920292202211755,0.0,lachen
2023-10-05 01:20:00,0.12244892691056304,0.03819857908981368,lachen
2023-10-05 01:30:00,0.11958507600150226,0.004543437802174421,lachen
2023-10-05 01:40:00,0.12041331437828515,0.014347486984529331,lachen
2023-10-05 01:50:00,0.12236989062869964,0.0372789138565439,lachen
2023-10-05 02:00:00,0.1246325188060485,0.06340722650768972,lachen
2023-10-05 02:10:00,0.18614939295898167,0.655965899445712,lachen
2023-10-05 02:20:00,0.11920292202211755,0.0,lachen
2023-10-05 02:30:00,0.2537439768758262,1.1515713222024058,lachen
2023-10-05 02:40:00,0.11920292202211755,0.0,lachen
2023-10-05 02:50:00,0.20266717733784403,0.7878661589070737,lachen
2023-10-05 03:00:00,0.16577052533892747,0.48011992566150646,lachen
2023-10-05 03:10:00,0.13811436415467354,0.2111993486044189,lachen
2023-10-05 03:20:00,0.18925846444693886,0.6814553909047784,lachen
2023-10-05 03:30:00,0.12345629952742833,0.049875853028875164,lachen
2023-10-05 03:40:00,0.1425497718053444,0.2571601001490331,lachen
2023-10-05 03:50:00,0.1583956896717145,0.41223287972936296,lachen
2023-10-05 04:00:00,0.21145418464837193,0.8547723060209373,lachen
2023-10-05 04:10:00,0.14005860031307674,0.23149582708702587,lachen
2023-10-05 04:20:00,0.13216257817085772,0.14753552807102727,lachen
2023-10-05 04:30:00,0.11920292202211755,0.0,lachen
2023-10-05 04:40:00,0.20962732230193426,0.84103340037369,lachen
2023-10-05 04:50:00,0.1306078946000369,0.1305067821448209,lachen
2023-10-05 05:00:00,0.23475186264472525,1.0229111360717789,lachen
2023-10-05 05:10:00,0.1978895696799436,0.7505785677040417,lachen
2023-10-05 05:20:00,0.11920292202211755,0.0,lachen
2023-10-05 05:30:00,0.16900182330456354,0.5091023786315187,lachen
2023-10-05 05:40:00,0.13118780447010248,0.13687866520283573,lachen
2023-10-05 05:50:00,0.12443354422301149,0.06112592140227216,lachen
2023-10-05 06:00:00,0.19189088958492545,0.7027873000437038,lachen
2023-10-05 06:10:00,0.12696287719211388,0.0898958249467329,lachen
2023-10-05 06:20:00,0.1309391212569307,0.13414914131467567,lachen
2023-10-05 06:30:00,0.27217545595362935,1.2704836359557121,lachen
2023-10-05 06:40:00,0.13428686491321273,0.17053086721897862,lachen
2023-10-05 06:50:00,0.14372819900558167,0.2691701985209542,lachen
2023-10-05 07:00:00,0.13099279303974573,0.13473861012249846,lachen
2023-10-05 07:10:00,0.1451232556319801,0.283282650340495,lachen
2023-10-05 07:20:00,0.24011840343265095,1.0599619027115006,lachen
2023-10-05 07:30:00,0.21576849836579645,0.8868772583083004,lachen
2023-10-05 07:40:00,0.15845067476758604,0.41274839615418796,lachen
2023-10-05 07:50:00,0.11920292202211755,0.0,lachen
2023-10-05 08:00:00,0.14171392102440866,0.24859114439528335,lachen
2023-10-05 08:10:00,0.11920292202211755,0.0,lachen
2023-10-05 08:20:00,0.13982779999539569,0.2290988296729145,lachen
2023-10-05 08:30:00,0.20511069237485233,0.8066836586832525,lachen
2023-10-05 08:40:00,0.16940601880668213,0.5126965336225986,lachen
2023-10-05 08:50:00,0.11920292202211755,0.0,lachen
2023-10-05 09:00:00,0.1847766207745869,0.6446068495234559,lachen
2023-10-05 09:10:00,0.14031859218746906,0.2341920389027542,lachen
2023-10-05 09:20:00,0.11920292202211755,0.0,lachen
2023-10-05 09:30:00,0.18425081428147985,0.6402387665308672,lachen
2023-10-05 09:40:00,0.18846874502703767,0.6750116037374734,lachen
2023-10-05 09:50:00,0.13608350214806983,0.18974070697197254,lachen
2023-10-05 10:00:00,0.11920292202211755,0.0,lachen
2023-10-05 10:10:00,0.20015061498518244,0.7683083960545518,lachen
2023-10-05 10:20:00,0.19871395544629447,0.7570604852710527,lachen
2023-10-05 10:30:00,0.13131509600995225,0.1382741058830968,lachen
2023-10-05 10:40:00,0.14226279950650617,0.25422286059396143,lachen
2023-10-05 10:50:00,0.12436037148021409,0.060286186243771224,lachen
2023-10-05 11:00:00,0.1468714137782871,0.30080898222163555,lachen
2023-10-05 11:10:00,0.20598790454427152,0.8133984456983516,lachen
2023-10-05 11:20:00,0.12634269767160966,0.08288730194103812,lachen
2023-10-05 11:30:00,0.19257252462268537,0.7082744959656012,lachen
2023-10-05 11:40:00,0.11965179899564839,0.0053354219442052694,lachen
2023-10-05 11:50:00,0.18077625270062156,0.6111285642267805,lachen
2023-10-05 12:00:00,0.11920292202211755,0.0,lachen
2023-10-05 12:10:00,0.16133505326929606,0.4395900004996566,lachen
2023-10-05 12:20:00,0.15426346326468027,0.3730675653449742,lachen
2023-10-05 12:30:00,0.12266742413817458,0.040738355154844495,lachen
2023-10-05 12:40:00,0.11920292202211755,0.0,lachen
2023-10-05 12:50:00,0.29837193859788075,1.431171734751155,lachen
2023-10-05 13:00:00,0.11920292202211755,0.0,lachen
2023-10-05 13:10:00,0.13006069460520203,0.12447222222222223,lachen
2023-10-05 13:20:00,0.17135519509855654,0.5299337066259564,lachen
2023-10-05 13:30:00,0.207150882274265,0.8222681147199593,lachen
2023-10-05 13:40:00,0.12957619811513044,0.1191111111111111,lachen
2023-10-05 13:50:00,0.12577312176611438,0.07642466866537596,lachen
2023-10-05 14:00:00,0.2100851016833487,0.844484348412469,lachen
2023-10-05 14:10:00,0.14388586225146535,0.2707708203576929,lachen
2023-10-05 14:20:00,0.1486109823821415,0.3180786013911426,lachen
2023-10-05 14:30:00,0.16911374365327525,0.5100982725634136,lachen
2023-10-05 14:40:00,0.1375164259568674,0.2049090841745834,lachen
2023-10-05 14:50:00,0.13490523236424024,0.17716686319373226,lachen
2023-10-05 15:00:00,0.15979209774473677,0.42528027162743304,lachen
2023-10-05 15:10:00,0.12627264918263478,0.08209385016374052,lachen
2023-10-05 15:20:00,0.17379681381006593,0.5513076859509134,lachen
2023-10-05 15:30:00,0.27966318270210355,1.3173338196661302,lachen
2023-10-05 15:40:00,0.14188349648579016,0.2503329978942556,lachen
2023-10-05 15:50:00,0.1313272126769602,0.13840687566712256,lachen
2023-10-05 16:00:00,0.1374023489728651,0.20370639304442098,lachen
2023-10-05 16:10:00,0.15007815807721894,0.33251477208175506,lachen
2023-10-05 16:20:00,0.12445418418095344,0.06136271030103807,lachen
2023-10-05 16:30:00,0.11920292202211755,0.0,lachen
2023-10-05 16:40:00,0.11920292202211755,0.0,lachen
2023-10-05 16:50:00,0.20026900856195926,0.7692326189761102,lachen
2023-10-05 17:00:00,0.1259069121384776,0.07794495440414673,lachen
2023-10-05 17:10:00,0.15978970655373928,0.4252580085677032,lachen
2023-10-05 17:20:00,0.2625555266081282,1.2090897431683647,lachen
2023-10-05 17:30:00,0.11920292202211755,0.0,lachen
2023-10-05 17:40:00,0.18036483035023504,0.6076528858961852,lachen
2023-10-05 17:50:00,0.1520813103956127,0.3520382104220754,lachen
2023-10-05 18:00:00,0.14789658510195347,0.3110067272026361,lachen
2023-10-05 18:10:00,0.22717533097531978,0.969587373117025,lachen
2023-10-05 18:20:00,0.11920292202211755,0.0,lachen
2023-10-05 18:30:00,0.15315699704040497,0.36243524857818893,lachen
2023-10-05 18:40:00,0.11920292202211755,0.0,lachen
2023-10-05 18:50:00,0.14442435100845383,0.2762266649623535,lachen
2023-10-05 19:00:00,0.19694238597928232,0.7431059614550671,lachen
2023-10-05 19:10:00,0.14864411538597197,0.31840590584610656,lachen
2023-10-05 19:20:00,0.11920292202211755,0.0,lachen
2023-10-05 19:30:00,0.1626226916664744,0.45144748383245176,lachen
2023-10-05 19:40:00,0.13798187585479324,0.20980755751672647,lachen
2023-10-05 19:50:00,0.11930411624860617,0.0012043248584621589,lachen
2023-10-05 20:00:00,0.440492539794811,2.2010458101288273,lachen
2023-10-05 20:10:00,0.11920292202211755,0.0,lachen
2023-10-05 20:20:00,0.1356499695461795,0.18512499999999998,lachen
2023-10-05 20:30:00,0.1397532245570898,0.22832361155945083,lachen
2023-10-05 20:40:00,0.1647325396004902,0.4707140014598915,lachen
2023-10-05 20:50:00,0.320162990482017,1.5587214172795854,lachen
2023-10-05 21:00:00,0.12749896921035409,0.09593055555555556,lachen
2023-10-05 21:10:00,0.14411226380892309,0.27306673423863204,lachen
2023-10-05 21:20:00,0.12018322960771728,0.011629776629538579,lachen
2023-10-05 21:30:00,0.15543535947215387,0.38426084275634975,lachen
2023-10-05 21:40:00,0.1377032436321208,0.20687685612493045,lachen
2023-10-05 21:50:00,0.15421925193968283,0.37264392602444096,lachen
2023-10-05 22:00:00,0.17671164018252034,0.5765159209921382,lachen
2023-10-05 22:10:00,0.1395469807948603,0.22617788422861837,lachen
2023-10-05 22:20:00,0.25274807389842313,1.14498857318038,lachen
2023-10-05 22:30:00,0.11920292202211755,0.0,lachen
2023-10-05 22:40:00,0.18662943859973535,0.6599227978914483,lachen
2023-10-05 22:50:00,0.15232695700633625,0.35441780585935245,lachen
2023-10-05 23:00:00,0.1549625965326872,0.3797536053380296,lachen
2023-10-05 23:10:00,0.12448055844269956,0.06166523613939967,lachen
2023-10-05 23:20:00,0.31563414497233727,1.5326139042259166,lachen
2023-10-05 23:30:00,0.1371405096351298,0.20094269440604653,lachen
2023-10-05 23:40:00,0.14545489023280228,0.28662089222685333,lachen
2023-10-05 23:50:00,0.14873921838148674,0.31934504664396773,lachen
2023-10-06 00:00:00,0.2516402391106801,1.137645773508083,lachen
2023-10-06 00:10:00,0.2211931683303188,0.9265916738533702,lachen
2023-10-06 00:20:00,0.24613115211798037,1.100807651847636,lachen
2023-10-06 00:30:00,0.1292850074760827,0.11588077871964948,lachen
2023-10-06 00:40:00,0.11920292202211755,0.0,lachen
2023-10-06 00:50:00,0.11920292202211755,0.0,lachen
2023-10-06 01:00:00,0.1705619615698378,0.5229377904054473,lachen
2023-10-06 01:10:00,0.12459819258819434,0.06301388888888887,lachen
2023-10-06 01:20:00,0.21686283468227366,0.894946494487232,lachen
2023-10-06 01:30:00,0.1549155761625134,0.37930470797508803,lachen
2023-10-06 01:40:00,0.1422822064240207,0.2544216513880899,lachen
2023-10-06 01:50:00,0.13843053242257197,0.21451617564502357,lachen
2023-10-06 02:00:00,0.23879405487397498,1.0508719247213438,lachen
2023-10-06 02:10:00,0.13396526767802994,0.16706944444444446,lachen
2023-10-06 02:20:00,0.23751375255393237,1.0420513188823382,lachen
2023-10-06 02:30:00,0.11920292202211755,0.0,lachen
2023-10-06 02:40:00,0.12656867669278513,0.08544444444444448,lachen
2023-10-06 02:50:00,0.16039769936039963,0.43091003010708456,lachen
2023-10-06 03:00:00,0.12776361021147234,0.09890160611246913,lachen
2023-10-06 03:10:00,0.19547409222750953,0.7314683507299391,lachen
2023-10-06 03:20:00,0.17785756655682358,0.5863367316843611,lachen
2023-10-06 03:30:00,0.11920292202211755,0.0,lachen
2023-10-06 03:40:00,0.2433392310215166,1.0819268184749258,lachen
2023-10-06 03:50:00,0.1331460447694704,0.15822011570183403,lachen
2023-10-06 04:00:00,0.1295964502564316,0.11933554895385583,lachen
2023-10-06 04:10:00,0.11920292202211755,0.0,lachen
2023-10-06 04:20:00,0.13526458504609626,0.18101146014520028,lachen
2023-10-06 04:30:00,0.16200778114887965,0.4457944385045671,lachen
2023-10-06 04:40:00,0.12819815505857482,0.10376874652288755,lachen
2023-10-06 04:50:00,0.11920292202211755,0.0,lachen
2023-10-06 05:00:00,0.3168731385816206,1.53977614530603,lachen
2023-10-06 05:10:00,0.1378774418310204,0.20870968559881503,lachen
2023-10-06 05:20:00,0.1366437284022905,0.19568697611726818,lachen
2023-10-06 05:30:00,0.13805703303466552,0.2105972222222222,lachen
2023-10-06 05:40:00,0.15307512216769664,0.36164599598383085,lachen
2023-10-06 05:50:00,0.16316657105000648,0.45643318278681383,lachen
2023-10-06 06:00:00,0.16365453917686584,0.4608949741089573,lachen
2023-10-06 06:10:00,0.14178018139554294,0.2492719679091371,lachen
2023-10-06 06:20:00,0.14012110719592452,0.23214442882140407,lachen
2023-10-06 06:30:00,0.13133697947206788,0.13851388888888888,lachen
2023-10-06 06:40:00,0.14061601394546533,0.2372712909807545,lachen
2023-10-06 06:50:00,0.18258114613140775,0.626303842519661,lachen
2023-10-06 07:00:00,0.1688746563887239,0.5079701792735782,lachen
2023-10-06 07:10:00,0.13677554461545674,0.19708309644808797,lachen
2023-10-06 07:20:00,0.17408061908681502,0.5537766912984557,lachen
2023-10-06 07:30:00,0.15021173101704574,0.33382326972853593,lachen
2023-10-06 07:40:00,0.1336590734265539,0.1637672737565982,lachen
2023-10-06 07:50:00,0.14184090157443804,0.24989563290629718,lachen
2023-10-06 08:00:00,0.12037916829643906,0.013944444444444426,lachen
2023-10-06 08:10:00,0.23366227082411486,1.0153172668236676,lachen
2023-10-06 08:20:00,0.12958823598439442,0.11924452052443557,lachen
2023-10-06 08:30:00,0.11920292202211755,0.0,lachen
2023-10-06 08:40:00,0.1561548655438497,0.3910990686094564,lachen
2023-10-06 08:50:00,0.12223060280216096,0.035656917379590584,lachen
2023-10-06 09:00:00,0.19112567498011432,0.6966095461871344,lachen
2023-10-06 09:10:00,0.11920292202211755,0.0,lachen
2023-10-06 09:20:00,0.1548821240249781,0.37898527701872786,lachen
2023-10-06 09:30:00,0.11920292202211755,0.0,lachen
2023-10-06 09:40:00,0.11920292202211755,0.0,lachen
2023-10-06 09:50:00,0.1786653781424165,0.5932300696038085,lachen
2023-10-06 10:00:00,0.1442024715756639,0.27398068583673574,lachen
2023-10-06 10:10:00,0.1379493579974652,0.2094657855163617,lachen
2023-10-06 10:20:00,0.2042307303578536,0.7999263803858779,lachen
2023-10-06 10:30:00,0.14881258426665422,0.3200691952215928,lachen
2023-10-06 10:40:00,0.13038184649318418,0.12801651813142959,lachen
2023-10-06 10:50:00,0.18951298464557945,0.6835277777777778,lachen
2023-10-06 11:00:00,0.11920292202211755,0.0,lachen
2023-10-06 11:10:00,0.26277828732139885,1.2105274804895623,lachen
2023-10-06 11:20:00,0.15653009431038198,0.3946550799490052,lachen
2023-10-06 11:30:00,0.1361712521897732,0.1906734503400649,lachen
2023-10-06 11:40:00,0.2084195419571259,0.8319019376286488,lachen
2023-10-06 11:50:00,0.12709067321095696,0.09133638435558486,lachen
2023-10-06 12:00:00,0.11920292202211755,0.0,lachen
2023-10-06 12:10:00,0.14345183235830605,0.2663609523759137,lachen
2023-10-06 12:20:00,0.18403513095027751,0.6384442088247155,lachen
2023-10-06 12:30:00,0.11920292202211755,0.0,lachen
2023-10-06 12:40:00,0.11920292202211755,0.0,lachen
2023-10-06 12:50:00,0.22589787183929674,0.9604739865093447,lachen
2023-10-06 13:00:00,0.11920292202211755,0.0,lachen
2023-10-06 13:10:00,0.12657554611300062,0.08552211653908429,lachen
2023-10-06 13:20:00,0.11920292202211755,0.0,lachen
2023-10-06 13:30:00,0.168074847032512,0.500833652301637,lachen
2023-10-06 13:40:00,0.14769572838295866,0.3090133485404856,lachen
2023-10-06 13:50:00,0.27125770494029366,1.2646864312114308,lachen
2023-10-06 14:00:00,0.14122971664762637,0.2436078723480608,lachen
2023-10-06 14:10:00,0.15885189499647545,0.4165056747708621,lachen
2023-10-06 14:20:00,0.1497962338037526,0.3297498544729943,lachen
2023-10-06 14:30:00,0.15393354802193657,0.3699038724725354,lachen
2023-10-06 14:40:00,0.4854233412071213,2.427096047275558,lachen
2023-10-06 14:50:00,0.1321551510924013,0.14745458279766685,lachen
2023-10-06 15:00:00,0.18107339707453052,0.613634994811166,lachen
2023-10-06 15:10:00,0.11920292202211755,0.0,lachen
2023-10-06 15:20:00,0.15177442562348015,0.34906096084610777,lachen
2023-10-06 15:30:00,0.12855993150266434,0.10781011781005462,lachen
2023-10-06 15:40:00,0.13072763648404345,0.13182443764303114,lachen
2023-10-06 15:50:00,0.1825982765825757,0.6264473129538364,lachen
2023-10-06 16:00:00,0.15583099856736524,0.3880242053473163,lachen
2023-10-06 16:10:00,0.12358373518313981,0.05134722222222218,lachen
2023-10-06 16:20:00,0.1446489261607118,0.2784970129389068,lachen
2023-10-06 16:30:00,0.13012246243848172,0.12515448184331024,lachen
2023-10-06 16:40:00,0.11920292202211755,0.0,lachen
2023-10-06 16:50:00,0.11920292202211755,0.0,lachen
2023-10-06 17:00:00,0.11920292202211755,0.0,lachen
2023-10-06 17:10:00,0.17721084968708134,0.580800366733066,lachen
2023-10-06 17:20:00,0.1504202005058005,0.33586355081906194,lachen
2023-10-06 17:30:00,0.11920292202211755,0.0,lachen
2023-10-06 17:40:00,0.18788744315541359,0.670255161943123,lachen
2023-10-06 17:50:00,0.12874702432575966,0.109896312208624,lachen
2023-10-06 18:00:00,0.12296888539321178,0.044236111111111115,lachen
2023-10-06 18:10:00,0.11920292202211755,0.0,lachen
2023-10-06 18:20:00,0.19396518575134014,0.7194396907983438,lachen
2023-10-06 18:30:00,0.2645464693770015,1.2219119576367896,lachen
2023-10-06 18:40:00,0.12401521694771779,0.05631944444444443,lachen
2023-10-06 18:50:00,0.11920292202211755,0.0,lachen
2023-10-06 19:00:00,0.29567937394245736,1.4150524798535504,lachen
2023-10-06 19:10:00,0.1534752659727929,0.3655,lachen
2023-10-06 19:20:00,0.1587642961962771,0.4156860020948448,lachen
2023-10-06 19:30:00,0.12329437144118593,0.048004351360274714,lachen
2023-10-06 19:40:00,0.12958712574737252,0.11923221678935604,lachen
2023-10-06 19:50:00,0.11920292202211755,0.0,lachen
2023-10-06 20:00:00,0.16565101760998688,0.4790393911398989,lachen
2023-10-06 20:10:00,0.17895695323360206,0.5957121899978672,lachen
2023-10-06 20:20:00,0.1342168406745219,0.16977777777777778,lachen
2023-10-06 20:30:00,0.11920292202211755,0.0,lachen
2023-10-06 20:40:00,0.19727284880945783,0.7457161505323636,lachen
2023-10-06 20:50:00,0.20935667383905435,0.8389905247930155,lachen
2023-10-06 21:00:00,0.1215622209840593,0.027851449793724344,lachen
2023-10-06 21:10:00,0.1924817776451866,0.7075448330472974,lachen
2023-10-06 21:20:00,0.177644898627323,0.5845178845221579,lachen
2023-10-06 21:30:00,0.11920292202211755,0.0,lachen
2023-10-06 21:40:00,0.1799432784327641,0.6040852136282474,lachen
2023-10-06 21:50:00,0.11920292202211755,0.0,lachen
2023-10-06 22:00:00,0.16322333001225553,0.4569527161641983,lachen
2023-10-06 22:10:00,0.12673127911125157,0.08728201326028802,lachen
2023-10-06 22:20:00,0.11920292202211755,0.0,lachen
2023-10-06 22:30:00,0.15180769841332192,0.3493839962981907,lachen
2023-10-06 22:40:00,0.11920292202211755,0.0,lachen
2023-10-06 22:50:00,0.2558030168836553,1.1651274011850836,lachen
2023-10-06 23:00:00,0.1462660437289651,0.29475945270849324,lachen
2023-10-06 23:10:00,0.1901387205799092,0.6886136763146962,lachen
2023-10-06 23:20:00,0.22861758222574197,0.9798330101631733,lachen
2023-10-06 23:30:00,0.14671467554382875,0.29924466389479404,lachen
2023-10-06 23:40:00,0.16788356716351643,0.4991228902375402,lachen
2023-10-06 23:50:00,0.11920292202211755,0.0,lachen
2023-10-02 00:00:00,0.11920292202211755,0.0,mangan
2023-10-02 00:10:00,0.11920292202211755,0.0,mangan
2023-10-02 00:20:00,0.11920292202211755,0.0,mangan
2023-10-02 00:30:00,0.11920292202211755,0.0,mangan
2023-10-02 00:40:00,0.11920292202211755,0.0,mangan
2023-10-02 00:50:00,0.11920292202211755,0.0,mangan
2023-10-02 01:00:00,0.11920292202211755,0.0,mangan
2023-10-02 01:10:00,0.11920292202211755,0.0,mangan
2023-10-02 01:20:00,0.11920292202211755,0.0,mangan
2023-10-02 01:30:00,0.11920292202211755,0.0,mangan
2023-10-02 01:40:00,0.11920292202211755,0.0,mangan
2023-10-02 01:50:00,0.11920292202211755,0.0,mangan
2023-10-02 02:00:00,0.17388092666522748,0.552039769666223,mangan
2023-10-02 02:10:00,0.1321815344660708,0.1477421089877375,mangan
2023-10-02 02:20:00,0.11920292202211755,0.0,mangan
2023-10-02 02:30:00,0.13831228715453828,0.2132764449932245,mangan
2023-10-02 02:40:00,0.12816003003450713,0.10334228910805587,mangan
2023-10-02 02:50:00,0.15422636952112487,0.37271213442666895,mangan
2023-10-02 03:00:00,0.11920292202211755,0.0,mangan
2023-10-02 03:10:00,0.1710303484626182,0.527071838999281,mangan
2023-10-02 03:20:00,0.11920292202211755,0.0,mangan
2023-10-02 03:30:00,0.14118712096548328,0.24316880895925402,mangan
2023-10-02 03:40:00,0.11920292202211755,0.0,mangan
2023-10-02 03:50:00,0.11920292202211755,0.0,mangan
2023-10-02 04:00:00,0.22307499008909373,0.9402051999859689,mangan
2023-10-02 04:10:00,0.13081219213278109,0.13275428157940403,mangan
2023-10-02 04:20:00,0.11920292202211755,0.0,mangan
2023-10-02 04:30:00,0.26144843400654083,1.2019326826521746,mangan
2023-10-02 04:40:00,0.16838493114777617,0.5036036739705396,mangan
2023-10-02 04:50:00,0.13701026371303526,0.1995663033565568,mangan
2023-10-02 05:00:00,0.13191177766646045,0.1448,mangan
2023-10-02 05:10:00,0.11980025062189006,0.007096135046902336,mangan
2023-10-02 05:20:00,0.18428590959212957,0.6405306174216417,mangan
2023-10-02 05:30:00,0.16137341679608289,0.4399443808336748,mangan
2023-10-02 05:40:00,0.11920292202211755,0.0,mangan
2023-10-02 05:50:00,0.15443434522496122,0.3747040483576829,mangan
2023-10-02 06:00:00,0.18261783570138537,0.626611111111111,mangan
2023-10-02 06:10:00,0.19817996170937413,0.7528641548639388,mangan
2023-10-02 06:20:00,0.11920292202211755,0.0,mangan
2023-10-02 06:30:00,0.11920292202211755,0.0,mangan
2023-10-02 06:40:00,0.11920292202211755,0.0,mangan
2023-10-02 06:50:00,0.2865532216657926,1.3597705526602462,mangan
2023-10-02 07:00:00,0.11920292202211755,0.0,mangan
2023-10-02 07:10:00,0.22548697978716772,0.9575349339207566,mangan
2023-10-02 07:20:00,0.1194780885011358,0.0032727272727272713,mangan
2023-10-02 07:30:00,0.20507688414346928,0.8064244413322765,mangan
2023-10-02 07:40:00,0.13399234168775645,0.16736111861722336,mangan
2023-10-02 07:50:00,0.2255876436702204,0.9582553191489361,mangan
2023-10-02 08:00:00,0.21383831329693165,0.8725721307054943,mangan
2023-10-02 08:10:00,0.11920292202211755,0.0,mangan
2023-10-02 08:20:00,0.12283597033629781,0.042694851276646045,mangan
2023-10-02 08:30:00,0.1436360396831763,0.26823390598569463,mangan
2023-10-02 08:40:00,0.20696268234218948,0.8208352738854863,mangan
2023-10-02 08:50:00,0.13914614112773036,0.22200000000000003,mangan
2023-10-02 09:00:00,0.11920292202211755,0.0,mangan
2023-10-02 09:10:00,0.1596380417962387,0.42384539010430466,mangan
2023-10-02 09:20:00,0.16925967612072593,0.5113960262795869,mangan
2023-10-02 09:30:00,0.13938151522849557,0.22445448505873739,mangan
2023-10-02 09:40:00,0.24343003130211524,1.0825431706007036,mangan
2023-10-02 09:50:00,0.11920292202211755,0.0,mangan
2023-10-02 10:00:00,0.11920292202211755,0.0,mangan
2023-10-02 10:10:00,0.18517153764034303,0.6478812631232335,mangan
2023-10-02 10:20:00,0.12447532447318135,0.06160520429149874,mangan
2023-10-02 10:30:00,0.2046442287986746,0.8031043458700188,mangan
2023-10-02 10:40:00,0.11920292202211755,0.0,mangan
2023-10-02 10:50:00,0.16045551747475567,0.4314466155326639,mangan
2023-10-02 11:00:00,0.171750172920388,0.5334076318930825,mangan
2023-10-02 11:10:00,0.147362760764941,0.3057039081539302,mangan
2023-10-02 11:20:00,0.12487653993054365,0.06620074380279244,mangan
2023-10-02 11:30:00,0.14455672100811628,0.2775652173913043,mangan
2023-10-02 11:40:00,0.21287836418304956,0.8654226870411659,mangan
2023-10-02 11:50:00,0.12499618347661784,0.06756869570002118,mangan
2023-10-02 12:00:00,0.13216169157973853,0.1475258656101343,mangan
2023-10-02 12:10:00,0.17513270428966826,0.5629018463329569,mangan
2023-10-02 12:20:00,0.12820181974257577,0.10380973310385883,mangan
2023-10-02 12:30:00,0.11920292202211755,0.0,mangan
2023-10-02 12:40:00,0.1691618177130265,0.5105258858345978,mangan
2023-10-02 12:50:00,0.16656206560819828,0.48726096349344444,mangan
2023-10-02 13:00:00,0.24357112113790383,1.0835005788290901,mangan
2023-10-02 13:10:00,0.17588178032076526,0.5693725956485091,mangan
2023-10-02 13:20:00,0.12675058012214077,0.08750000000000001,mangan
2023-10-02 13:30:00,0.25634175695974204,1.1686624546903883,mangan
2023-10-02 13:40:00,0.16970183271317288,0.5153226224133987,mangan
2023-10-02 13:50:00,0.11993647196508327,0.008710133117352973,mangan
2023-10-02 14:00:00,0.18735937303774317,0.6659244687262282,mangan
2023-10-02 14:10:00,0.11920292202211755,0.0,mangan
2023-10-02 14:20:00,0.15518272647879347,0.3818536793427651,mangan
2023-10-02 14:30:00,0.19607241600916792,0.7362185812108957,mangan
2023-10-02 14:40:00,0.12597981020663634,0.07877272727272729,mangan
2023-10-02 14:50:00,0.19704121786953707,0.7438869397971302,mangan
2023-10-02 15:00:00,0.13704495871852188,0.1999330549321238,mangan
2023-10-02 15:10:00,0.19363618601139726,0.7168075572605344,mangan
2023-10-02 15:20:00,0.11920292202211755,0.0,mangan
2023-10-02 15:30:00,0.22373138935663148,0.944934462014606,mangan
2023-10-02 15:40:00,0.20684109789464203,0.8199090911614184,mangan
2023-10-02 15:50:00,0.17149130153281994,0.5311315119097612,mangan
2023-10-02 16:00:00,0.1683494492715348,0.5032869160290343,mangan
2023-10-02 16:10:00,0.12807834646025587,0.10242823172541887,mangan
2023-10-02 16:20:00,0.11920292202211755,0.0,mangan
2023-10-02 16:30:00,0.25366121123808205,1.1510249064110147,mangan
2023-10-02 16:40:00,0.1369355656818605,0.19877642529023024,mangan
2023-10-02 16:50:00,0.21222190208637123,0.8605199833019203,mangan
2023-10-02 17:00:00,0.17107984131094497,0.527508144595069,mangan
2023-10-02 17:10:00,0.11920292202211755,0.0,mangan
2023-10-02 17:20:00,0.12164820545806865,0.02885765862494578,mangan
2023-10-02 17:30:00,0.1522720676510592,0.3538863622353642,mangan
2023-10-02 17:40:00,0.34900084290477046,1.7207074874703607,mangan
2023-10-02 17:50:00,0.1229917054455403,0.044500584370204516,mangan
2023-10-02 18:00:00,0.20217013774146805,0.7840177992656667,mangan
2023-10-02 18:10:00,0.11920292202211755,0.0,mangan
2023-10-02 18:20:00,0.11920292202211755,0.0,mangan
2023-10-02 18:30:00,0.1294698603243436,0.11793216653480684,mangan
2023-10-02 18:40:00,0.11920292202211755,0.0,mangan
2023-10-02 18:50:00,0.1759909263068572,0.5703136212776285,mangan
2023-10-02 19:00:00,0.15398486148522234,0.37039630233253373,mangan
2023-10-02 19:10:00,0.11920292202211755,0.0,mangan
2023-10-02 19:20:00,0.17934169403618302,0.5989825763732094,mangan
2023-10-02 19:30:00,0.13232911587131843,0.14934955564088778,mangan
2023-10-02 19:40:00,0.21143167993116277,0.8546035896319045,mangan
2023-10-02 19:50:00,0.11920292202211755,0.0,mangan
2023-10-02 20:00:00,0.18398842861277895,0.6380554152153366,mangan
2023-10-02 20:10:00,0.11920292202211755,0.0,mangan
2023-10-02 20:20:00,0.1516921884103695,0.3482622950819672,mangan
2023-10-02 20:30:00,0.13226231824338877,0.1486221887377757,mangan
2023-10-02 20:40:00,0.11920292202211755,0.0,mangan
2023-10-02 20:50:00,0.16029149003499177,0.42992393849519367,mangan
2023-10-02 21:00:00,0.23019401306050552,0.9909799628844529,mangan
2023-10-02 21:10:00,0.21070895646561585,0.8491783734400566,mangan
2023-10-02 21:20:00,0.12018811259273879,0.011687500000000005,mangan
2023-10-02 21:30:00,0.12889970696612538,0.11159689922480617,mangan
2023-10-02 21:40:00,0.14209040465950848,0.25245597544411247,mangan
2023-10-02 21:50:00,0.1401175119137742,0.23210712899535207,mangan
2023-10-02 22:00:00,0.16493055702022352,0.47251204016155074,mangan
2023-10-02 22:10:00,0.1978927185593056,0.7506033651164472,mangan
2023-10-02 22:20:00,0.14922044313265073,0.32408955223880603,mangan
2023-10-02 22:30:00,0.22691108065472446,0.9677051901215057,mangan
2023-10-02 22:40:00,0.15550849226613817,0.3849570781801635,mangan
2023-10-02 22:50:00,0.14764020390032256,0.30846190705741333,mangan
2023-10-02 23:00:00,0.29318613330125165,1.4000503941521414,mangan
2023-10-02 23:10:00,0.11920292202211755,0.0,mangan
2023-10-02 23:20:00,0.24513519977239692,1.0940890418470526,mangan
2023-10-02 23:30:00,0.16238556497908763,0.4492695562304262,mangan
2023-10-02 23:40:00,0.18004297794165577,0.6049295774647888,mangan
2023-10-02 23:50:00,0.16384297975173612,0.46261513741930993,mangan
2023-10-03 00:00:00,0.20069879356295608,0.7725842383002279,mangan
2023-10-03 00:10:00,0.11920292202211755,0.0,mangan
2023-10-03 00:20:00,0.2590191890022566,1.1861592736194209,mangan
2023-10-03 00:30:00,0.15203261946973498,0.3515661636261842,mangan
2023-10-03 00:40:00,0.2799565345196441,1.319153472937642,mangan
2023-10-03 00:50:00,0.1281604227220542,0.10334668216869905,mangan
2023-10-03 01:00:00,0.12997020546216148,0.12347222222222223,mangan
2023-10-03 01:10:00,0.40560992060416756,2.022320134889404,mangan
2023-10-03 01:20:00,0.11920292202211755,0.0,mangan
2023-10-03 01:30:00,0.15344802480564745,0.3652378865933791,mangan
2023-10-03 01:40:00,0.11920292202211755,0.0,mangan
2023-10-03 01:50:00,0.11920292202211755,0.0,mangan
2023-10-03 02:00:00,0.18339531361038353,0.6331111111111111,mangan
2023-10-03 02:10:00,0.16510175976412292,0.47406520025394666,mangan
2023-10-03 02:20:00,0.11920292202211755,0.0,mangan
2023-10-03 02:30:00,0.27962524819089063,1.3170984277100297,mangan
2023-10-03 02:40:00,0.11920292202211755,0.0,mangan
2023-10-03 02:50:00,0.11920292202211755,0.0,mangan
2023-10-03 03:00:00,0.11920292202211755,0.0,mangan
2023-10-03 03:10:00,0.17126182117989866,0.5291115325206155,mangan
2023-10-03 03:20:00,0.11920292202211755,0.0,mangan
2023-10-03 03:30:00,0.11920292202211755,0.0,mangan
2023-10-03 03:40:00,0.21064945369069754,0.8487311011230211,mangan
2023-10-03 03:50:00,0.1666163827965625,0.48774999999999996,mangan
2023-10-03 04:00:00,0.23777371121420754,1.0438449370651068,mangan
2023-10-03 04:10:00,0.11920292202211755,0.0,mangan
2023-10-03 04:20:00,0.1220277331432457,0.03329166666666669,mangan
2023-10-03 04:30:00,0.11954165001670658,0.004027777777777808,mangan
2023-10-03 04:40:00,0.1758845813708173,0.5693967512465128,mangan
2023-10-03 04:50:00,0.12911416529485178,0.11398265102427968,mangan
2023-10-03 05:00:00,0.1566853953636015,0.3961248236241262,mangan
2023-10-03 05:10:00,0.19615909462938919,0.7369058332012947,mangan
2023-10-03 05:20:00,0.21469955539815977,0.8789665719268568,mangan
2023-10-03 05:30:00,0.12039793473717691,0.014165965934024163,mangan
2023-10-03 05:40:00,0.18513076074927726,0.6475434156648576,mangan
2023-10-03 05:50:00,0.2014516659520692,0.778442480660809,mangan
2023-10-03 06:00:00,0.12343794480874096,0.0496638223731303,mangan
2023-10-03 06:10:00,0.1487678748963566,0.3196279321790603,mangan
2023-10-03 06:20:00,0.35011383435169136,1.7268264060350762,mangan
2023-10-03 06:30:00,0.184287837017935,0.6405466445542193,mangan
2023-10-03 06:40:00,0.1325169041141105,0.15139273735989028,mangan
2023-10-03 06:50:00,0.12443230173511985,0.061111666066466466,mangan
2023-10-03 07:00:00,0.2585422773118854,1.1830513564354652,mangan
2023-10-03 07:10:00,0.12889740391678914,0.11157126049707623,mangan
2023-10-03 07:20:00,0.16019095951349285,0.4289900841283091,mangan
2023-10-03 07:30:00,0.15871721760356367,0.415245330363023,mangan
2023-10-03 07:40:00,0.20164414574253375,0.7799375730223783,mangan
2023-10-03 07:50:00,0.14666319478820808,0.2987305608258023,mangan
2023-10-03 08:00:00,0.1738496605863149,0.5517676752259921,mangan
2023-10-03 08:10:00,0.16864079740923157,0.5058862986659673,mangan
2023-10-03 08:20:00,0.23591869484243,1.0310162855251517,mangan
2023-10-03 08:30:00,0.16178086440820075,0.44370395758471415,mangan
2023-10-03 08:40:00,0.19708136262440684,0.7442040827801716,mangan
2023-10-03 08:50:00,0.28392622835958037,1.3436640630627619,mangan
2023-10-03 09:00:00,0.22259204930743415,0.9367193439427687,mangan
2023-10-03 09:10:00,0.21892158431717287,0.9100475677690969,mangan
2023-10-03 09:20:00,0.18439733508275807,0.6414569413282584,mangan
2023-10-03 09:30:00,0.18363606838511148,0.6351195745344815,mangan
2023-10-03 09:40:00,0.2542218848261125,1.1547241559668562,mangan
2023-10-03 09:50:00,0.20261672483438609,0.7874758486226519,mangan
2023-10-03 10:00:00,0.4374579717742737,2.1856434856676072,mangan
2023-10-03 10:10:00,0.2312849078022196,0.9986623851150733,mangan
2023-10-03 10:20:00,0.23450303093840835,1.0211790715581526,mangan
2023-10-03 10:30:00,0.25874719992172196,1.1843872439362806,mangan
2023-10-03 10:40:00,0.39182517140180345,1.9504417016448423,mangan
2023-10-03 10:50:00,0.22971693442955302,0.9876122077214363,mangan
2023-10-03 11:00:00,0.23583861302984765,1.0304609020700926,mangan
2023-10-03 11:10:00,0.24613376548158547,1.1008252572484483,mangan
2023-10-03 11:20:00,0.24787710982481248,1.1125417125840436,mangan
2023-10-03 11:30:00,0.357307546890754,1.7661632212208187,mangan
2023-10-03 11:40:00,0.25630641395452636,1.1684306936906421,mangan
2023-10-03 11:50:00,0.2874250342681973,1.3650961927429506,mangan
2023-10-03 12:00:00,0.3062489776524133,1.4778566060772416,mangan
2023-10-03 12:10:00,0.29178251346120687,1.3915718461769964,mangan
2023-10-03 12:20:00,0.33441573068111424,1.639649582778415,mangan
2023-10-03 12:30:00,0.26090238617017675,1.1983954208933836,mangan
2023-10-03 12:40:00,0.38436660827547364,1.9111814539156284,mangan
2023-10-03 12:50:00,0.2633018196163615,1.213903366948374,mangan
2023-10-03 13:00:00,0.3207785184957724,1.5622545616273953,mangan
2023-10-03 13:10:00,0.32134932117771386,1.5655277855122511,mangan
2023-10-03 13:20:00,0.2607366056101643,1.1973205579968142,mangan
2023-10-03 13:30:00,0.36037198511629215,1.7828125116617275,mangan
2023-10-03 13:40:00,0.2588842497052152,1.185280285184308,mangan
2023-10-03 13:50:00,0.3199971947056596,1.557769132020045,mangan
2023-10-03 14:00:00,0.3110484958037981,1.5059724404107595,mangan
2023-10-03 14:10:00,0.28983255302959016,1.3797532123001082,mangan
2023-10-03 14:20:00,0.3617840251106668,1.790463341709752,mangan
2023-10-03 14:30:00,0.31271896086635675,1.5157020103890424,mangan
2023-10-03 14:40:00,0.30345370306732883,1.4613684919849574,mangan
2023-10-03 14:50:00,0.2484356801045918,1.1162839815536885,mangan
2023-10-03 15:00:00,0.37024864523404055,1.836062159472107,mangan
2023-10-03 15:10:00,0.24847389044361648,1.1165397744179986,mangan
2023-10-03 15:20:00,0.29058809775385647,1.3843380908808793,mangan
2023-10-03 15:30:00,0.269197818888969,1.2516296081128193,mangan
2023-10-03 15:40:00,0.2667518715899698,1.2360434387886765,mangan
2023-10-03 15:50:00,0.3265208101042771,1.5950457333491725,mangan
2023-10-03 16:00:00,0.2648773505656048,1.224036919404473,mangan
2023-10-03 16:10:00,0.2413098615729656,1.0681104950498312,mangan
2023-10-03 16:20:00,0.3365080670917546,1.651381783769772,mangan
2023-10-03 16:30:00,0.2537495089279309,1.1516078404188996,mangan
2023-10-03 16:40:00,0.25312997908971074,1.1475149245139846,mangan
2023-10-03 16:50:00,0.22981291907212495,0.9882901687724368,mangan
2023-10-03 17:00:00,0.45472960870635215,2.2730264666000726,mangan
2023-10-03 17:10:00,0.22800333678965132,0.9754750451757908,mangan
2023-10-03 17:20:00,0.22519455703557398,0.9554409625043069,mangan
2023-10-03 17:30:00,0.2483408856482059,1.1156492818282127,mangan
2023-10-03 17:40:00,0.38405519997324117,1.9095361787686365,mangan
2023-10-03 17:50:00,0.26191111868220684,1.2049261897449766,mangan
2023-10-03 18:00:00,0.21772789602129308,0.9013043258714626,mangan
2023-10-03 18:10:00,0.3198312376529897,1.5568156588046307,mangan
2023-10-03 18:20:00,0.21611431005952803,0.8894303435826435,mangan
2023-10-03 18:30:00,0.21461133621870812,0.8783124316591875,mangan
2023-10-03 18:40:00,0.2126628634706206,0.8638144657432902,mangan
2023-10-03 18:50:00,0.229109211711974,0.9833151035139751,mangan
2023-10-03 19:00:00,0.31775785644349097,1.5448812387095225,mangan
2023-10-03 19:10:00,0.27007494985258973,1.2571970683537486,mangan
2023-10-03 19:20:00,0.22116880621572457,0.9264148907890073,mangan
2023-10-03 19:30:00,0.2307145237308106,0.994648733894673,mangan
2023-10-03 19:40:00,0.34440506331724696,1.6953441882957927,mangan
2023-10-03 19:50:00,0.2078399836847722,0.8275063277679006,mangan
2023-10-03 20:00:00,0.22368792252647746,0.9446215955100229,mangan
2023-10-03 20:10:00,0.1987529116489314,0.7573662861100282,mangan
2023-10-03 20:20:00,0.246035779408974,1.100165070029048,mangan
2023-10-03 20:30:00,0.19010975339955866,0.6883785179937026,mangan
2023-10-03 20:40:00,0.22523803417541302,0.9557524141940908,mangan
2023-10-03 20:50:00,0.1865319516357978,0.6591198721445867,mangan
2023-10-03 21:00:00,0.18467580282824098,0.643770060711877,mangan
2023-10-03 21:10:00,0.19438719655979447,0.7228109927656043,mangan
2023-10-03 21:20:00,0.23653588610827483,1.0352922665933333,mangan
2023-10-03 21:30:00,0.20080045770573277,0.7733762657458589,mangan
2023-10-03 21:40:00,0.17806313858699088,0.5880932717335414,mangan
2023-10-03 21:50:00,0.3343371895639671,1.6392084770268989,mangan
2023-10-03 22:00:00,0.18567778398506432,0.6520708710698605,mangan
2023-10-03 22:10:00,0.3017136221393466,1.451061242915693,mangan
2023-10-03 22:20:00,0.1698379497975274,0.5165297787561799,mangan
2023-10-03 22:30:00,0.29588202230128524,1.4162685968624786,mangan
2023-10-03 22:40:00,0.2809057581906774,1.3250335129961806,mangan
2023-10-03 22:50:00,0.16411581839940867,0.46510290449484476,mangan
2023-10-03 23:00:00,0.17486672657832583,0.5605990056857881,mangan
2023-10-03 23:10:00,0.18756417558433214,0.6676051636035077,mangan
2023-10-03 23:20:00,0.15849771593279535,0.413189318483737,mangan
2023-10-03 23:30:00,0.22945198919455112,0.9857398076924403,mangan
2023-10-03 23:40:00,0.15670743317579405,0.3963332897453291,mangan
2023-10-03 23:50:00,0.23076600792432592,0.9950113002821116,mangan
2023-10-04 00:00:00,0.1524704821941036,0.355806687514912,mangan
2023-10-04 00:10:00,0.14928784373074824,0.3247530623275039,mangan
2023-10-04 00:20:00,0.22415285001330817,0.94796582020606,mangan
2023-10-04 00:30:00,0.16919168490713032,0.510791502375486,mangan
2023-10-04 00:40:00,0.2838301801699578,1.3430734809920668,mangan
2023-10-04 00:50:00,0.14216555321346655,0.25322639724845203,mangan
2023-10-04 01:00:00,0.17554960865489364,0.5665058766742579,mangan
2023-10-04 01:10:00,0.20339875070638672,0.7935176281423808,mangan
2023-10-04 01:20:00,0.19690822508257214,0.7428359502376258,mangan
2023-10-04 01:30:00,0.13547899406288885,0.18330124967768144,mangan
2023-10-04 01:40:00,0.2944664118819463,1.4077632076720255,mangan
2023-10-04 01:50:00,0.14944153328207707,0.3262651015044061,mangan
2023-10-04 02:00:00,0.15672392432804408,0.39648927176551696,mangan
2023-10-04 02:10:00,0.12879614946147164,0.11044365789857193,mangan
2023-10-04 02:20:00,0.15861956470804703,0.41433092760794077,mangan
2023-10-04 02:30:00,0.13454306062318763,0.17328335008266732,mangan
2023-10-04 02:40:00,0.1235701916017108,0.05119091025350605,mangan
2023-10-04 02:50:00,0.13748236182883658,0.20455004064993818,mangan
2023-10-04 03:00:00,0.12303337140510469,0.0449833636694315,mangan
2023-10-04 03:10:00,0.1943192822307167,0.7222688233905085,mangan
2023-10-04 03:20:00,0.2443865816836414,1.089026785917549,mangan
2023-10-04 03:30:00,0.5767694250089586,2.8869068144107266,mangan
2023-10-04 03:40:00,0.4569267132323853,2.2840984198331653,mangan
2023-10-04 03:50:00,0.9976629729369443,10.070669851330706,mangan
2023-10-04 04:00:00,0.9235396372714447,5.6143015589204275,mangan
2023-10-04 04:10:00,0.7709692141763815,4.017240015755321,mangan
2023-10-04 04:20:00,0.6903642259252037,3.502278297003186,mangan
2023-10-04 04:30:00,0.38911326776451394,1.936198646221845,mangan
2023-10-04 04:40:00,0.12352311321755673,0.05064744500395714,mangan
2023-10-04 04:50:00,0.11920292202211755,0.0,mangan
2023-10-04 05:00:00,0.11920292202211755,0.0,mangan
2023-10-04 05:10:00,0.1312797100394987,0.13788630046722525,mangan
2023-10-04 05:20:00,0.11920292202211755,0.0,mangan
2023-10-04 05:30:00,0.11920292202211755,0.0,mangan
2023-10-04 05:40:00,0.1274660106832428,0.09556017078455446,mangan
2023-10-04 05:50:00,0.11920292202211755,0.0,mangan
2023-10-04 06:00:00,0.1216351367927717,0.028704765785208464,mangan
2023-10-04 06:10:00,0.11920292202211755,0.0,mangan
2023-10-04 06:20:00,0.12729751010677898,0.09366529857450626,mangan
2023-10-04 06:30:00,0.11920292202211755,0.0,mangan
2023-10-04 06:40:00,0.1243214413371253,0.059839248610315705,mangan
2023-10-04 06:50:00,0.11920292202211755,0.0,mangan
2023-10-04 07:00:00,0.11920292202211755,0.0,mangan
2023-10-04 07:10:00,0.11920292202211755,0.0,mangan
2023-10-04 07:20:00,0.12974834941617464,0.12101797166867981,mangan
2023-10-04 07:30:00,0.11920292202211755,0.0,mangan
2023-10-04 07:40:00,0.1246920738513061,0.06408943609973164,mangan
2023-10-04 07:50:00,0.11920292202211755,0.0,mangan
2023-10-04 08:00:00,0.12360283168374277,0.05156759768504784,mangan
2023-10-04 08:10:00,0.11920292202211755,0.0,mangan
2023-10-04 08:20:00,0.1379354808824921,0.20931991245896106,mangan
2023-10-04 08:30:00,0.11920292202211755,0.0,mangan
2023-10-04 08:40:00,0.12037664097336712,0.013914609319175467,mangan
2023-10-04 08:50:00,0.11920292202211755,0.0,mangan
2023-10-04 09:00:00,0.11920292202211755,0.0,mangan
2023-10-04 09:10:00,0.12120528417400925,0.02366792991319069,mangan
2023-10-04 09:20:00,0.11920292202211755,0.0,mangan
2023-10-04 09:30:00,0.11920292202211755,0.0,mangan
2023-10-04 09:40:00,0.11920292202211755,0.0,mangan
2023-10-04 09:50:00,0.11920292202211755,0.0,mangan
2023-10-04 10:00:00,0.11920292202211755,0.0,mangan
2023-10-04 10:10:00,0.13398325385432658,0.1672632189735674,mangan
2023-10-04 10:20:00,0.11920292202211755,0.0,mangan
2023-10-04 10:30:00,0.12065388994535806,0.01718432326014341,mangan
2023-10-04 10:40:00,0.11920292202211755,0.0,mangan
2023-10-04 10:50:00,0.11920292202211755,0.0,mangan
2023-10-04 11:00:00,0.14235418249898518,0.25515872617939744,mangan
2023-10-04 11:10:00,0.11920292202211755,0.0,mangan
2023-10-04 11:20:00,0.11920292202211755,0.0,mangan
2023-10-04 11:30:00,0.13038854924291957,0.12809041189784173,mangan
2023-10-04 11:40:00,0.11920292202211755,0.0,mangan
2023-10-04 11:50:00,0.12094162756872405,0.020570886446246966,mangan
2023-10-04 12:00:00,0.12213362856416358,0.034526719877778535,mangan
2023-10-04 12:10:00,0.11920292202211755,0.0,mangan
2023-10-04 12:20:00,0.13647103387122347,0.19385617998218294,mangan
2023-10-04 12:30:00,0.11920292202211755,0.0,mangan
2023-10-04 12:40:00,0.11920292202211755,0.0,mangan
2023-10-04 12:50:00,0.11920292202211755,0.0,mangan
2023-10-04 13:00:00,0.11920292202211755,0.0,mangan
2023-10-04 13:10:00,0.11920292202211755,0.0,mangan
2023-10-04 13:20:00,0.11920292202211755,0.0,mangan
2023-10-04 13:30:00,0.13060361973675155,0.13045972201055617,mangan
2023-10-04 13:40:00,0.11920292202211755,0.0,mangan
2023-10-04 13:50:00,0.11920292202211755,0.0,mangan
2023-10-04 14:00:00,0.11986463184340106,0.007859143712627999,mangan
2023-10-04 14:10:00,0.11920292202211755,0.0,mangan
2023-10-04 14:20:00,0.12489739702750322,0.06643929554862445,mangan
2023-10-04 14:30:00,0.11920292202211755,0.0,mangan
2023-10-04 14:40:00,0.11920292202211755,0.0,mangan
2023-10-04 14:50:00,0.12564635744215533,0.0749829433552004,mangan
2023-10-04 15:00:00,0.12646301166649765,0.08424924233445248,mangan
2023-10-04 15:10:00,0.13001821422181517,0.12400284312178594,mangan
2023-10-04 15:20:00,0.13069906864360062,0.13151016652999756,mangan
2023-10-04 15:30:00,0.12748866863924097,0.0958148075075952,mangan
2023-10-04 15:40:00,0.11920292202211755,0.0,mangan
2023-10-04 15:50:00,0.11920292202211755,0.0,mangan
2023-10-04 16:00:00,0.13462959746287562,0.17421207341779488,mangan
2023-10-04 16:10:00,0.13560633760164748,0.18465977384537513,mangan
2023-10-04 16:20:00,0.13901459215308373,0.22062668846023967,mangan
2023-10-04 16:30:00,0.13703243503497065,0.1998006794493927,mangan
2023-10-04 16:40:00,0.11920292202211755,0.0,mangan
2023-10-04 16:50:00,0.12543440400328223,0.07256955412765372,mangan
2023-10-04 17:00:00,0.11920292202211755,0.0,mangan
2023-10-04 17:10:00,0.11920292202211755,0.0,mangan
2023-10-04 17:20:00,0.11920292202211755,0.0,mangan
2023-10-04 17:30:00,0.1342217990119499,0.16983111411246685,mangan
2023-10-04 17:40:00,0.11920292202211755,0.0,mangan
2023-10-04 17:50:00,0.11920292202211755,0.0,mangan
2023-10-04 18:00:00,0.13464702780399498,0.17439907684950137,mangan
2023-10-04 18:10:00,0.12171236440458186,0.029608061340360304,mangan
2023-10-04 18:20:00,0.12108996225699287,0.022314015956070563,mangan
2023-10-04 18:30:00,0.11920292202211755,0.0,mangan
2023-10-04 18:40:00,0.15240459491772537,0.3551692348619133,mangan
2023-10-04 18:50:00,0.11920292202211755,0.0,mangan
2023-10-04 19:00:00,0.11920292202211755,0.0,mangan
2023-10-04 19:10:00,0.11920292202211755,0.0,mangan
2023-10-04 19:20:00,0.11920292202211755,0.0,mangan
2023-10-04 19:30:00,0.1448572697379388,0.2806006500185538,mangan
2023-10-04 19:40:00,0.11920292202211755,0.0,mangan
2023-10-04 19:50:00,0.12462869849135157,0.06336345484140034,mangan
2023-10-04 20:00:00,0.12848087116701332,0.10692777087593358,mangan
2023-10-04 20:10:00,0.13087434870228107,0.13343748112600284,mangan
2023-10-04 20:20:00,0.11920292202211755,0.0,mangan
2023-10-04 20:30:00,0.11920292202211755,0.0,mangan
2023-10-04 20:40:00,0.11928956341203688,0.001031184157437807,mangan
2023-10-04 20:50:00,0.11920292202211755,0.0,mangan
2023-10-04 21:00:00,0.14084497035358157,0.23963800232152233,mangan
2023-10-04 21:10:00,0.11920292202211755,0.0,mangan
2023-10-04 21:20:00,0.13965092384205732,0.2272596229737717,mangan
2023-10-04 21:30:00,0.11928364025214347,0.0009607088142475281,mangan
2023-10-04 21:40:00,0.1363067074219012,0.19211228484687476,mangan
2023-10-04 21:50:00,0.1377064224918909,0.20691032000138512,mangan
2023-10-04 22:00:00,0.11924967152227899,0.0005564813261797866,mangan
2023-10-04 22:10:00,0.12157105636751672,0.027954871616107782,mangan
2023-10-04 22:20:00,0.12774063812644856,0.09864391325661705,mangan
2023-10-04 22:30:00,0.13470968721156554,0.17507115678037938,mangan
2023-10-04 22:40:00,0.11920292202211755,0.0,mangan
2023-10-04 22:50:00,0.11920292202211755,0.0,mangan
2023-10-04 23:00:00,0.11920292202211755,0.0,mangan
2023-10-04 23:10:00,0.11920292202211755,0.0,mangan
2023-10-04 23:20:00,0.11920292202211755,0.0,mangan
2023-10-04 23:30:00,0.12671556498294886,0.08710451602044829,mangan
2023-10-04 23:40:00,0.13111752578051208,0.1361077385090262,mangan
2023-10-04 23:50:00,0.13148410342476274,0.14012508601226134,mangan
2023-10-05 00:00:00,0.12085660222018357,0.019570894249747103,mangan
2023-10-05 00:10:00,0.11920292202211755,0.0,mangan
2023-10-05 00:20:00,0.12268838816353364,0.04098183289879699,mangan
2023-10-05 00:30:00,0.11920292202211755,0.0,mangan
2023-10-05 00:40:00,0.13829300291729235,0.21307417696842318,mangan
2023-10-05 00:50:00,0.12627235012213497,0.08209046184478967,mangan
2023-10-05 01:00:00,0.11920292202211755,0.0,mangan
2023-10-05 01:10:00,0.12256227074572372,0.03951655554562173,mangan
2023-10-05 01:20:00,0.11920292202211755,0.0,mangan
2023-10-05 01:30:00,0.1282120212889896,0.10392382403829868,mangan
2023-10-05 01:40:00,0.1340454084593653,0.16793267396297828,mangan
2023-10-05 01:50:00,0.11920292202211755,0.0,mangan
2023-10-05 02:00:00,0.13896049318611972,0.22006160359144022,mangan
2023-10-05 02:10:00,0.11920292202211755,0.0,mangan
2023-10-05 02:20:00,0.12684987737939224,0.08862102070737976,mangan
2023-10-05 02:30:00,0.11920292202211755,0.0,mangan
2023-10-05 02:40:00,0.11920292202211755,0.0,mangan
2023-10-05 02:50:00,0.12312744935016269,0.04607291864074914,mangan
2023-10-05 03:00:00,0.11920292202211755,0.0,mangan
2023-10-05 03:10:00,0.12209685112619577,0.03409789091372164,mangan
2023-10-05 03:20:00,0.1309939752389272,0.1347515917224788,mangan
2023-10-05 03:30:00,0.11920292202211755,0.0,mangan
2023-10-05 03:40:00,0.12508814774388544,0.06861941215647051,mangan
2023-10-05 03:50:00,0.11920292202211755,0.0,mangan
2023-10-05 04:00:00,0.1360281295310638,0.18915186023685743,mangan
2023-10-05 04:10:00,0.11979334080848604,0.007014222923235142,mangan
2023-10-05 04:20:00,0.14102078907302532,0.2414532494184222,mangan
2023-10-05 04:30:00,0.14047163633991705,0.23577720918137307,mangan
2023-10-05 04:40:00,0.13046403079408248,0.12892232755476096,mangan
2023-10-05 04:50:00,0.16229512067315854,0.4484381807834825,mangan
2023-10-05 05:00:00,0.11920292202211755,0.0,mangan
2023-10-05 05:10:00,0.20893676567140596,0.835817178444455,mangan
2023-10-05 05:20:00,0.12931016398173018,0.1161600975181951,mangan
2023-10-05 05:30:00,0.13968802504664113,0.2276455731060336,mangan
2023-10-05 05:40:00,0.1998760154760558,0.7661631942278028,mangan
2023-10-05 05:50:00,0.12107008042044784,0.022080484876200006,mangan
2023-10-05 06:00:00,0.2594217474204299,1.1887797528903983,mangan
2023-10-05 06:10:00,0.12043747565818447,0.014632614539085181,mangan
2023-10-05 06:20:00,0.16247231191725217,0.4500665943756238,mangan
2023-10-05 06:30:00,0.1365816443398423,0.19502902526751695,mangan
2023-10-05 06:40:00,0.13373276680289828,0.16456260851548205,mangan
2023-10-05 06:50:00,0.16474155747839933,0.4707959233313622,mangan
2023-10-05 07:00:00,0.13782732653124474,0.20818259601193112,mangan
2023-10-05 07:10:00,0.13110950900548135,0.13601977567761592,mangan
2023-10-05 07:20:00,0.1707429940460277,0.5245366759973551,mangan
2023-10-05 07:30:00,0.11920292202211755,0.0,mangan
2023-10-05 07:40:00,0.1753555688010656,0.5648292916766109,mangan
2023-10-05 07:50:00,0.13931531855803012,0.22376453643134345,mangan
2023-10-05 08:00:00,0.2138105064146907,0.8723653616834016,mangan
2023-10-05 08:10:00,0.11920292202211755,0.0,mangan
2023-10-05 08:20:00,0.1398913161473793,0.22975881256702138,mangan
2023-10-05 08:30:00,0.11920292202211755,0.0,mangan
2023-10-05 08:40:00,0.18940781249946737,0.6826716904407636,mangan
2023-10-05 08:50:00,0.1589493680668917,0.41741731134625826,mangan
2023-10-05 09:00:00,0.13445723660722775,0.17236177845318845,mangan
2023-10-05 09:10:00,0.13694816094360412,0.1989096365471617,mangan
2023-10-05 09:20:00,0.15720478811972716,0.4010316719992792,mangan
2023-10-05 09:30:00,0.12171762302459489,0.0296695510232389,mangan
2023-10-05 09:40:00,0.16414866615872598,0.4654021890382046,mangan
2023-10-05 09:50:00,0.12425353594954885,0.05905937309151171,mangan
2023-10-05 10:00:00,0.14813592168977988,0.3133790756189121,mangan
2023-10-05 10:10:00,0.12688818076286137,0.08905324795828995,mangan
2023-10-05 10:20:00,0.11920292202211755,0.0,mangan
2023-10-05 10:30:00,0.23186521430028148,1.0027387625380553,mangan
2023-10-05 10:40:00,0.1318347530646779,0.1439589930311078,mangan
2023-10-05 10:50:00,0.16169959932430553,0.44295472384832957,mangan
2023-10-05 11:00:00,0.12716840251947611,0.09221196986098792,mangan
2023-10-05 11:10:00,0.21048124628890547,0.8474662132087083,mangan
2023-10-05 11:20:00,0.15874580339679023,0.41551291581035965,mangan
2023-10-05 11:30:00,0.21739517222066498,0.898861111111111,mangan
2023-10-05 11:40:00,0.11920292202211755,0.0,mangan
2023-10-05 11:50:00,0.23041347769466203,0.9925275468104486,mangan
2023-10-05 12:00:00,0.1471204530531336,0.3032916666666666,mangan
2023-10-05 12:10:00,0.1627403834576737,0.4525274925621051,mangan
2023-10-05 12:20:00,0.12467135128951477,0.06385208858078041,mangan
2023-10-05 12:30:00,0.25703890648286976,1.1732297265313267,mangan
2023-10-05 12:40:00,0.2038595328315619,0.7970694444444445,mangan
2023-10-05 12:50:00,0.1664032251655114,0.4858301352156041,mangan
2023-10-05 13:00:00,0.11920292202211755,0.0,mangan
2023-10-05 13:10:00,0.2526176447219833,1.1441251890804682,mangan
2023-10-05 13:20:00,0.1689239099133715,0.508408776485875,mangan
2023-10-05 13:30:00,0.19110136513667966,0.6964129780204853,mangan
2023-10-05 13:40:00,0.12499093806608731,0.06750874550398715,mangan
2023-10-05 13:50:00,0.1593414267854858,0.4210795473361977,mangan
2023-10-05 14:00:00,0.11920292202211755,0.0,mangan
2023-10-05 14:10:00,0.12181532968640518,0.030811630848034132,mangan
2023-10-05 14:20:00,0.164914089339729,0.4723625763244903,mangan
2023-10-05 14:30:00,0.11920292202211755,0.0,mangan
2023-10-05 14:40:00,0.3046155528645272,1.4682320564330316,mangan
2023-10-05 14:50:00,0.18246905103549954,0.625364768948968,mangan
2023-10-05 15:00:00,0.11920292202211755,0.0,mangan
2023-10-05 15:10:00,0.1891526147175842,0.6805928987491692,mangan
2023-10-05 15:20:00,0.12434703607957255,0.06013310265274513,mangan
2023-10-05 15:30:00,0.14064618319672245,0.2375833333333333,mangan
2023-10-05 15:40:00,0.11920292202211755,0.0,mangan
2023-10-05 15:50:00,0.16561796643167953,0.4787404471415777,mangan
2023-10-05 16:00:00,0.20861049003396434,0.8333481940844149,mangan
2023-10-05 16:10:00,0.11920292202211755,0.0,mangan
2023-10-05 16:20:00,0.13520185061733858,0.18034090640916853,mangan
2023-10-05 16:30:00,0.21895345522429568,0.9102805369476056,mangan
2023-10-05 16:40:00,0.11920292202211755,0.0,mangan
2023-10-05 16:50:00,0.2197395482063753,0.9160189959127478,mangan
2023-10-05 17:00:00,0.16442318726321403,0.4679015429552599,mangan
2023-10-05 17:10:00,0.12571531869366825,0.0757674129082972,mangan
2023-10-05 17:20:00,0.11920292202211755,0.0,mangan
2023-10-05 17:30:00,0.12465768660995609,0.06369556056965915,mangan
2023-10-05 17:40:00,0.25948467518755003,1.1891891462396305,mangan
2023-10-05 17:50:00,0.11920292202211755,0.0,mangan
2023-10-05 18:00:00,0.19608445047470419,0.7363140130543174,mangan
2023-10-05 18:10:00,0.18640530494944826,0.6580762968795766,mangan
2023-10-05 18:20:00,0.12737107359071095,0.0944928195765713,mangan
2023-10-05 18:30:00,0.2221118999051687,0.9332482811065907,mangan
2023-10-05 18:40:00,0.13651669248584564,0.19434041276975145,mangan
2023-10-05 18:50:00,0.13136985813601618,0.13887408554830744,mangan
2023-10-05 19:00:00,0.11920292202211755,0.0,mangan
2023-10-05 19:10:00,0.12315594332619553,0.046402777777777786,mangan
2023-10-05 19:20:00,0.12371135611487373,0.05281942505940708,mangan
2023-10-05 19:30:00,0.15312941056616228,0.36216936071957534,mangan
2023-10-05 19:40:00,0.22018876776959176,0.9192916666666667,mangan
2023-10-05 19:50:00,0.19117827278028432,0.6970347840031861,mangan
2023-10-05 20:00:00,0.11920292202211755,0.0,mangan
2023-10-05 20:10:00,0.13869927130829957,0.2173304396873351,mangan
2023-10-05 20:20:00,0.18701519679698259,0.6630968284009846,mangan
2023-10-05 20:30:00,0.12046871796565238,0.015001232203787697,mangan
2023-10-05 20:40:00,0.19668061224963185,0.7410359718031292,mangan
2023-10-05 20:50:00,0.25201376258255254,1.1401239010153967,mangan
2023-10-05 21:00:00,0.11997630220857584,0.00918175658335728,mangan
2023-10-05 21:10:00,0.11920292202211755,0.0,mangan
2023-10-05 21:20:00,0.30827619463206096,1.489761707761779,mangan
2023-10-05 21:30:00,0.132844244577861,0.1549484240146606,mangan
2023-10-05 21:40:00,0.13637276829813696,0.19281356081739348,mangan
2023-10-05 21:50:00,0.23749883917789338,1.0419483811508343,mangan
2023-10-05 22:00:00,0.11920292202211755,0.0,mangan
2023-10-05 22:10:00,0.1293728983710747,0.11685645118807994,mangan
2023-10-05 22:20:00,0.12740032279815214,0.09482173263712564,mangan
2023-10-05 22:30:00,0.16220780226784237,0.44763518452583684,mangan
2023-10-05 22:40:00,0.11920292202211755,0.0,mangan
2023-10-05 22:50:00,0.11920292202211755,0.0,mangan
2023-10-05 23:00:00,0.20180446236096078,0.78118202299451,mangan
2023-10-05 23:10:00,0.16151487512152907,0.4412505043597873,mangan
2023-10-05 23:20:00,0.18821762248215235,0.6729582043785078,mangan
2023-10-05 23:30:00,0.17588079501666382,0.5693640985453317,mangan
2023-10-05 23:40:00,0.13010847436299783,0.125,mangan
2023-10-05 23:50:00,0.1730999577467529,0.5452317478228905,mangan
2023-10-06 00:00:00,0.1420634595304314,0.25217965159715966,mangan
2023-10-06 00:10:00,0.1888782491054202,0.6783555695008473,mangan
2023-10-06 00:20:00,0.13497201737671813,0.17788202750014592,mangan
2023-10-06 00:30:00,0.22057387144068036,0.9220934254614948,mangan
2023-10-06 00:40:00,0.14581380984431203,0.2902266769114861,mangan
2023-10-06 00:50:00,0.19675952477890007,0.7416601957095048,mangan
2023-10-06 01:00:00,0.11920292202211755,0.0,mangan
2023-10-06 01:10:00,0.248616024162182,1.1174910342996418,mangan
2023-10-06 01:20:00,0.11920292202211755,0.0,mangan
2023-10-06 01:30:00,0.19459489828155924,0.7244682127300863,mangan
2023-10-06 01:40:00,0.11920292202211755,0.0,mangan
2023-10-06 01:50:00,0.11920292202211755,0.0,mangan
2023-10-06 02:00:00,0.1929307424667654,0.7111522395135468,mangan
2023-10-06 02:10:00,0.11920292202211755,0.0,mangan
2023-10-06 02:20:00,0.13558502002140732,0.18443242898457196,mangan
2023-10-06 02:30:00,0.1368049022113639,0.19739388076396594,mangan
2023-10-06 02:40:00,0.11920292202211755,0.0,mangan
2023-10-06 02:50:00,0.15404705335052418,0.3709929469259644,mangan
2023-10-06 03:00:00,0.1582746148388039,0.4110972222222222,mangan
2023-10-06 03:10:00,0.2713207267464862,1.2650849172714893,mangan
2023-10-06 03:20:00,0.12722632448135612,0.09286413731835652,mangan
2023-10-06 03:30:00,0.15677471699918047,0.39696961170799633,mangan
2023-10-06 03:40:00,0.15122653955721646,0.34373331856748285,mangan
2023-10-06 03:50:00,0.15390743607735208,0.3696532375350837,mangan
2023-10-06 04:00:00,0.11920292202211755,0.0,mangan
2023-10-06 04:10:00,0.20055905195154852,0.7714950729858856,mangan
2023-10-06 04:20:00,0.1402867202071463,0.23386173965454296,mangan
2023-10-06 04:30:00,0.16311301031156528,0.45594279036209096,mangan
2023-10-06 04:40:00,0.22568208059199252,0.9589309350243516,mangan
2023-10-06 04:50:00,0.13090658189602383,0.13379166666666667,mangan
2023-10-06 05:00:00,0.19981938611528122,0.7657205244617227,mangan
2023-10-06 05:10:00,0.26432159924874127,1.220466841257309,mangan
2023-10-06 05:20:00,0.1677516005746942,0.4979417049645557,mangan
2023-10-06 05:30:00,0.14455796499201154,0.2775777919777564,mangan
2023-10-06 05:40:00,0.17943565906117268,0.5997804676620243,mangan
2023-10-06 05:50:00,0.18996854896395263,0.6872318141720948,mangan
2023-10-06 06:00:00,0.11920292202211755,0.0,mangan
2023-10-06 06:10:00,0.28014724785568473,1.320335837443428,mangan
2023-10-06 06:20:00,0.11920292202211755,0.0,mangan
2023-10-06 06:30:00,0.1618736205193258,0.44455876322719634,mangan
2023-10-06 06:40:00,0.11920292202211755,0.0,mangan
2023-10-06 06:50:00,0.1636758223304136,0.461089335285397,mangan
2023-10-06 07:00:00,0.11955576994318563,0.004195462007652288,mangan
2023-10-06 07:10:00,0.13803159490041844,0.21032998816376627,mangan
2023-10-06 07:20:00,0.33062526663268715,1.6183019577394853,mangan
2023-10-06 07:30:00,0.11920292202211755,0.0,mangan
2023-10-06 07:40:00,0.12082338028771679,0.019180002686812525,mangan
2023-10-06 07:50:00,0.1927538796677644,0.7097319207776522,mangan
2023-10-06 08:00:00,0.14667358693063973,0.2988343520760151,mangan
2023-10-06 08:10:00,0.11920292202211755,0.0,mangan
2023-10-06 08:20:00,0.12161859999836519,0.028511278347653834,mangan
2023-10-06 08:30:00,0.16662291896587048,0.48780883880320725,mangan
2023-10-06 08:40:00,0.11920292202211755,0.0,mangan
2023-10-06 08:50:00,0.22233996647339554,0.9348976715501948,mangan
2023-10-06 09:00:00,0.11920292202211755,0.0,mangan
2023-10-06 09:10:00,0.16103474441291624,0.4368135644941914,mangan
2023-10-06 09:20:00,0.14506303825089198,0.2826758215416375,mangan
2023-10-06 09:30:00,0.14957313647043355,0.3275588306904117,mangan
2023-10-06 09:40:00,0.20932666402995495,0.8387638888888889,mangan
2023-10-06 09:50:00,0.2771319906841489,1.3015840594976866,mangan
2023-10-06 10:00:00,0.11993514719834171,0.008694444444444427,mangan
2023-10-06 10:10:00,0.12830438652806198,0.1049564560052133,mangan
2023-10-06 10:20:00,0.12980781641947545,0.12167616685519458,mangan
2023-10-06 10:30:00,0.31918291821419464,1.5530883525975574,mangan
2023-10-06 10:40:00,0.11920292202211755,0.0,mangan
2023-10-06 10:50:00,0.20691648057316303,0.8204833742817056,mangan
2023-10-06 11:00:00,0.1281187715245032,0.10288065932996522,mangan
2023-10-06 11:10:00,0.251034977778664,1.1336249999999999,mangan
2023-10-06 11:20:00,0.17296794768694612,0.544078565303297,mangan
2023-10-06 11:30:00,0.11920292202211755,0.0,mangan
2023-10-06 11:40:00,0.21754674825489448,0.8999744793599939,mangan
2023-10-06 11:50:00,0.18736535875581734,0.665973610064331,mangan
2023-10-06 12:00:00,0.1292650384737058,0.11565902508018155,mangan
2023-10-06 12:10:00,0.11920292202211755,0.0,mangan
2023-10-06 12:20:00,0.14698096427700535,0.30190152528936803,mangan
2023-10-06 12:30:00,0.13710875833768363,0.20060725974331126,mangan
2023-10-06 12:40:00,0.21921759227076446,0.9122103810032304,mangan
2023-10-06 12:50:00,0.11920292202211755,0.0,mangan
2023-10-06 13:00:00,0.22752155508750402,0.9720510952292539,mangan
2023-10-06 13:10:00,0.3098151322054955,1.498770357278881,mangan
2023-10-06 13:20:00,0.3033092128292326,1.4605138888888887,mangan
2023-10-06 13:30:00,0.20073220654967755,0.7728445795642649,mangan
2023-10-06 13:40:00,0.11920292202211755,0.0,mangan
2023-10-06 13:50:00,0.14040054032706306,0.23504100484893503,mangan
2023-10-06 14:00:00,0.14138589359362794,0.24521675108149568,mangan
2023-10-06 14:10:00,0.21193065751410184,0.8583413123810855,mangan
2023-10-06 14:20:00,0.1479786574170845,0.3118206002856235,mangan
2023-10-06 14:30:00,0.12278782942523217,0.04213626386831965,mangan
2023-10-06 14:40:00,0.2928814180759686,1.3982117916338506,mangan
2023-10-06 14:50:00,0.13020659536979493,0.12608333333333333,mangan
2023-10-06 15:00:00,0.1485106892030067,0.31708748771654993,mangan
2023-10-06 15:10:00,0.13476887684616923,0.17570577781325927,mangan
2023-10-06 15:20:00,0.2568883419211926,1.1722440122189979,mangan
2023-10-06 15:30:00,0.16443248432377464,0.46798612854249,mangan
2023-10-06 15:40:00,0.12188376418422671,0.03161108260134684,mangan
2023-10-06 15:50:00,0.11920292202211755,0.0,mangan
2023-10-06 16:00:00,0.14152692030257427,0.24666828250116696,mangan
2023-10-06 16:10:00,0.127652315995909,0.09765277777777778,mangan
2023-10-06 16:20:00,0.14095259374838712,0.24074938889164355,mangan
2023-10-06 16:30:00,0.13348333054775627,0.16186907322462357,mangan
2023-10-06 16:40:00,0.15032767886783552,0.3349583333333333,mangan
2023-10-06 16:50:00,0.16908130655199632,0.5098096935481868,mangan
2023-10-06 17:00:00,0.17144288179462544,0.5307054802168328,mangan
2023-10-06 17:10:00,0.2091814209650127,0.8376666666666667,mangan
2023-10-06 17:20:00,0.1419151716910221,0.25065816818225134,mangan
2023-10-06 17:30:00,0.11920292202211755,0.0,mangan
2023-10-06 17:40:00,0.14121479446170987,0.24345407156900614,mangan
2023-10-06 17:50:00,0.16010092993973965,0.42815337318853075,mangan
2023-10-06 18:00:00,0.15520621013985134,0.3820775735364106,mangan
2023-10-06 18:10:00,0.12119066591929938,0.0234963686933415,mangan
2023-10-06 18:20:00,0.1950153449755957,0.7278187906185344,mangan
2023-10-06 18:30:00,0.14481204730963093,0.2801442545708005,mangan
2023-10-06 18:40:00,0.1906185896764457,0.6925053174024824,mangan
2023-10-06 18:50:00,0.11920292202211755,0.0,mangan
2023-10-06 19:00:00,0.21989944515420232,0.9171844331758592,mangan
2023-10-06 19:10:00,0.15585619349661475,0.3882635982532928,mangan
2023-10-06 19:20:00,0.14422721162422542,0.27423125974913687,mangan
2023-10-06 19:30:00,0.13515698770796605,0.1798612161954731,mangan
2023-10-06 19:40:00,0.14716939558343417,0.30377916811511796,mangan
2023-10-06 19:50:00,0.11920292202211755,0.0,mangan
2023-10-06 20:00:00,0.12907669812876268,0.11356608924627071,mangan
2023-10-06 20:10:00,0.1748704803800438,0.5606315253750848,mangan
2023-10-06 20:20:00,0.18830550707274363,0.6736770654722443,mangan
2023-10-06 20:30:00,0.11920292202211755,0.0,mangan
2023-10-06 20:40:00,0.12444271210265576,0.06123110271958071,mangan
2023-10-06 20:50:00,0.14836321787234627,0.31562914766574923,mangan
2023-10-06 21:00:00,0.11920292202211755,0.0,mangan
2023-10-06 21:10:00,0.13413422914915038,0.16888888888888887,mangan
2023-10-06 21:20:00,0.1514846303550886,0.3462449644881571,mangan
2023-10-06 21:30:00,0.11920292202211755,0.0,mangan
2023-10-06 21:40:00,0.18486755608725838,0.645361309677597,mangan
2023-10-06 21:50:00,0.14696624827910224,0.3017548023864152,mangan
2023-10-06 22:00:00,0.12928823125540193,0.11591657571043563,mangan
2023-10-06 22:10:00,0.23195006210241478,1.0033341807504321,mangan
2023-10-06 22:20:00,0.16272324186246262,0.45237023041659274,mangan
2023-10-06 22:30:00,0.1871658793929695,0.6643352802428248,mangan
2023-10-06 22:40:00,0.14227486067912348,0.25434640941156805,mangan
2023-10-06 22:50:00,0.28133222197560387,1.3276713322758051,mangan
2023-10-06 23:00:00,0.12095190946060153,0.02069177177663506,mangan
2023-10-06 23:10:00,0.15369185204950556,0.3675826284211627,mangan
2023-10-06 23:20:00,0.12087602158719085,0.019799340950696655,mangan
2023-10-06 23:30:00,0.12648542246161878,0.08450280747728652,mangan
2023-10-06 23:40:00,0.11920292202211755,0.0,mangan
2023-10-06 23:50:00,0.11920292202211755,0.0,mangan
2023-10-02 00:00:00,0.11920292202211755,0.0,singtam
2023-10-02 00:10:00,0.11920292202211755,0.0,singtam
2023-10-02 00:20:00,0.11920292202211755,0.0,singtam
2023-10-02 00:30:00,0.11920292202211755,0.0,singtam
2023-10-02 00:40:00,0.11920292202211755,0.0,singtam
2023-10-02 00:50:00,0.11920292202211755,0.0,singtam
2023-10-02 01:00:00,0.11920292202211755,0.0,singtam
2023-10-02 01:10:00,0.11920292202211755,0.0,singtam
2023-10-02 01:20:00,0.11920292202211755,0.0,singtam
2023-10-02 01:30:00,0.11920292202211755,0.0,singtam
2023-10-02 01:40:00,0.11920292202211755,0.0,singtam
2023-10-02 01:50:00,0.11920292202211755,0.0,singtam
2023-10-02 02:00:00,0.14344359730394166,0.2662771745720977,singtam
2023-10-02 02:10:00,0.13107966781810487,0.1356923076923077,singtam
2023-10-02 02:20:00,0.17879060831337945,0.5942965169112391,singtam
2023-10-02 02:30:00,0.15187579717630748,0.35004496539711627,singtam
2023-10-02 02:40:00,0.14401289724927804,0.27205943831028,singtam
2023-10-02 02:50:00,0.11920292202211755,0.0,singtam
2023-10-02 03:00:00,0.16292092525875987,0.45418302744322997,singtam
2023-10-02 03:10:00,0.11920292202211755,0.0,singtam
2023-10-02 03:20:00,0.18315705127634424,0.6311214266673386,singtam
2023-10-02 03:30:00,0.11958200063557425,0.004506924823975939,singtam
2023-10-02 03:40:00,0.14622557447094303,0.29435429978294253,singtam
2023-10-02 03:50:00,0.1800462079031345,0.6049569261869079,singtam
2023-10-02 04:00:00,0.18134422633143266,0.6159166666666666,singtam
2023-10-02 04:10:00,0.15353721332855305,0.3660959131879935,singtam
2023-10-02 04:20:00,0.11920292202211755,0.0,singtam
2023-10-02 04:30:00,0.31455119495422296,1.5263412892180332,singtam
2023-10-02 04:40:00,0.11927636301093747,0.000874118106612309,singtam
2023-10-02 04:50:00,0.11920292202211755,0.0,singtam
2023-10-02 05:00:00,0.11920292202211755,0.0,singtam
2023-10-02 05:10:00,0.24785405261865628,1.1123871141792905,singtam
2023-10-02 05:20:00,0.1433343174602426,0.2651650569542498,singtam
2023-10-02 05:30:00,0.17957977207611642,0.6010035497748206,singtam
2023-10-02 05:40:00,0.1275678830931724,0.09670473906816227,singtam
2023-10-02 05:50:00,0.18014817302909428,0.6058200883014209,singtam
2023-10-02 06:00:00,0.11920292202211755,0.0,singtam
2023-10-02 06:10:00,0.11920292202211755,0.0,singtam
2023-10-02 06:20:00,0.2638344689142378,1.2173336187450394,singtam
2023-10-02 06:30:00,0.11920292202211755,0.0,singtam
2023-10-02 06:40:00,0.17746397885706544,0.5829692199017689,singtam
2023-10-02 06:50:00,0.17026083182601248,0.5202752123449697,singtam
2023-10-02 07:00:00,0.19055499742271295,0.6919900280798112,singtam
2023-10-02 07:10:00,0.11920292202211755,0.0,singtam
2023-10-02 07:20:00,0.11987026755792234,0.007925918059742387,singtam
2023-10-02 07:30:00,0.1373050132702599,0.20267953804871103,singtam
2023-10-02 07:40:00,0.13135549358311238,0.13871672652417966,singtam
2023-10-02 07:50:00,0.18275841834231368,0.6277880220435363,singtam
2023-10-02 08:00:00,0.11920292202211755,0.0,singtam
2023-10-02 08:10:00,0.13447112713252504,0.17251096752929182,singtam
2023-10-02 08:20:00,0.14217112781575927,0.25328353444629204,singtam
2023-10-02 08:30:00,0.36130386426818967,1.7878631540143943,singtam
2023-10-02 08:40:00,0.12476984999459771,0.0649799497719673,singtam
2023-10-02 08:50:00,0.24910032268084167,1.1207295753422009,singtam
2023-10-02 09:00:00,0.12630686637720628,0.08248148148148148,singtam
2023-10-02 09:10:00,0.22330063741490128,0.9418320732625675,singtam
2023-10-02 09:20:00,0.11920292202211755,0.0,singtam
2023-10-02 09:30:00,0.16008722145283696,0.4280259367490347,singtam
2023-10-02 09:40:00,0.126391798010244,0.0834432459709979,singtam
2023-10-02 09:50:00,0.26275402874025366,1.2103709493614718,singtam
2023-10-02 10:00:00,0.11920292202211755,0.0,singtam
2023-10-02 10:10:00,0.16777605988213834,0.49816068738407826,singtam
2023-10-02 10:20:00,0.1272527234656199,0.09316129032258066,singtam
2023-10-02 10:30:00,0.2579640166483288,1.179277959705952,singtam
2023-10-02 10:40:00,0.19851383741350195,0.7554888751060997,singtam
2023-10-02 10:50:00,0.16759667485070687,0.49655407361698617,singtam
2023-10-02 11:00:00,0.11920292202211755,0.0,singtam
2023-10-02 11:10:00,0.24483661929195502,1.0920712549184302,singtam
2023-10-02 11:20:00,0.11920292202211755,0.0,singtam
2023-10-02 11:30:00,0.14242152229285576,0.255848041512461,singtam
2023-10-02 11:40:00,0.11920292202211755,0.0,singtam
2023-10-02 11:50:00,0.14129050491759412,0.24423426783940852,singtam
2023-10-02 12:00:00,0.11944578749308364,0.002888888888888874,singtam
2023-10-02 12:10:00,0.12924719783459726,0.11546088201312939,singtam
2023-10-02 12:20:00,0.1792541700164193,0.5982390840864072,singtam
2023-10-02 12:30:00,0.13041056267176923,0.1283330739370283,singtam
2023-10-02 12:40:00,0.11920292202211755,0.0,singtam
2023-10-02 12:50:00,0.199936102590448,0.7666327902664115,singtam
2023-10-02 13:00:00,0.2106805356274033,0.8489647503483395,singtam
2023-10-02 13:10:00,0.15339847703961562,0.36476104231389594,singtam
2023-10-02 13:20:00,0.19211412371108572,0.7045859793065375,singtam
2023-10-02 13:30:00,0.12350249886252546,0.050409420207877295,singtam
2023-10-02 13:40:00,0.1454784908520723,0.2868582157888795,singtam
2023-10-02 13:50:00,0.11920292202211755,0.0,singtam
2023-10-02 14:00:00,0.12159333848046053,0.028215664218490796,singtam
2023-10-02 14:10:00,0.1285470111493405,0.10766595280522845,singtam
2023-10-02 14:20:00,0.11920292202211755,0.0,singtam
2023-10-02 14:30:00,0.1516604210175641,0.3479536834790723,singtam
2023-10-02 14:40:00,0.11920292202211755,0.0,singtam
2023-10-02 14:50:00,0.23609433753972817,1.032233946754086,singtam
2023-10-02 15:00:00,0.11920292202211755,0.0,singtam
2023-10-02 15:10:00,0.12901436983073153,0.11287289195198916,singtam
2023-10-02 15:20:00,0.15569145865482337,0.3866977769016867,singtam
2023-10-02 15:30:00,0.1630932801499102,0.45576211189993476,singtam
2023-10-02 15:40:00,0.11920292202211755,0.0,singtam
2023-10-02 15:50:00,0.1398821070929481,0.22966313878667008,singtam
2023-10-02 16:00:00,0.11920292202211755,0.0,singtam
2023-10-02 16:10:00,0.2875386406861149,1.36578946932806,singtam
2023-10-02 16:20:00,0.11920292202211755,0.0,singtam
2023-10-02 16:30:00,0.2005286620739579,0.771258134855568,singtam
2023-10-02 16:40:00,0.14346331649706748,0.26647777745456863,singtam
2023-10-02 16:50:00,0.12254746077768308,0.03934440293768467,singtam
2023-10-02 17:00:00,0.16389019053418702,0.4630458476926091,singtam
2023-10-02 17:10:00,0.11920292202211755,0.0,singtam
2023-10-02 17:20:00,0.13329720222750738,0.15985639276701052,singtam
2023-10-02 17:30:00,0.11920292202211755,0.0,singtam
2023-10-02 17:40:00,0.12158300791558134,0.02809475913120389,singtam
2023-10-02 17:50:00,0.12296561080575075,0.04419815678004055,singtam
2023-10-02 18:00:00,0.11998932877708132,0.009335972727192955,singtam
2023-10-02 18:10:00,0.27078496158795623,1.2616954255746624,singtam
2023-10-02 18:20:00,0.1435897695776636,0.26776363636363637,singtam
2023-10-02 18:30:00,0.20744292234409073,0.824489629192491,singtam
2023-10-02 18:40:00,0.11920292202211755,0.0,singtam
2023-10-02 18:50:00,0.167753133413417,0.497955429108063,singtam
2023-10-02 19:00:00,0.18469116301828242,0.6438975730782215,singtam
2023-10-02 19:10:00,0.1859588259132416,0.654392920013525,singtam
2023-10-02 19:20:00,0.15850350065044805,0.4132435319829365,singtam
2023-10-02 19:30:00,0.14323888430107393,0.26419327643684903,singtam
2023-10-02 19:40:00,0.13613341568243537,0.1902713274446881,singtam
2023-10-02 19:50:00,0.12415403468576008,0.0579159663865546,singtam
2023-10-02 20:00:00,0.1757403019336055,0.5681521254065178,singtam
2023-10-02 20:10:00,0.13506190450076347,0.1788441083988507,singtam
2023-10-02 20:20:00,0.16027590171512152,0.429779165557005,singtam
2023-10-02 20:30:00,0.125551242057569,0.07390035197412505,singtam
2023-10-02 20:40:00,0.11920292202211755,0.0,singtam
2023-10-02 20:50:00,0.14248227142451994,0.2564696592037997,singtam
2023-10-02 21:00:00,0.24661417048799436,1.1040594577137481,singtam
2023-10-02 21:10:00,0.13595963110267748,0.18842315071568827,singtam
2023-10-02 21:20:00,0.14090744038377756,0.24028319338362614,singtam
2023-10-02 21:30:00,0.11920292202211755,0.0,singtam
2023-10-02 21:40:00,0.13972172670758712,0.22799608462479815,singtam
2023-10-02 21:50:00,0.22016777424400502,0.9191388306878137,singtam
2023-10-02 22:00:00,0.12264690416501087,0.040499999999999974,singtam
2023-10-02 22:10:00,0.12841528846441472,0.1061954887218045,singtam
2023-10-02 22:20:00,0.2181849554351099,0.9046561573031706,singtam
2023-10-02 22:30:00,0.11920292202211755,0.0,singtam
2023-10-02 22:40:00,0.22262885511838887,0.9369851973042281,singtam
2023-10-02 22:50:00,0.12965622298468138,0.11999778697298961,singtam
2023-10-02 23:00:00,0.12995612913274396,0.1233166107865511,singtam
2023-10-02 23:10:00,0.21106537043663345,0.8518555410512128,singtam
2023-10-02 23:20:00,0.12065529959069914,0.01720093122852399,singtam
2023-10-02 23:30:00,0.14739877836555132,0.3060621933378027,singtam
2023-10-02 23:40:00,0.11920292202211755,0.0,singtam
2023-10-02 23:50:00,0.12093858981726972,0.020535169573139035,singtam
2023-10-03 00:00:00,0.14016252350233696,0.2325740511180436,singtam
2023-10-03 00:10:00,0.1353133783411975,0.18153281898811624,singtam
2023-10-03 00:20:00,0.1632012944632521,0.4567510348374052,singtam
2023-10-03 00:30:00,0.11920292202211755,0.0,singtam
2023-10-03 00:40:00,0.176066491336017,0.5709648526126546,singtam
2023-10-03 00:50:00,0.18821084759399873,0.6729027777777777,singtam
2023-10-03 01:00:00,0.12084894203546097,0.019480772206808883,singtam
2023-10-03 01:10:00,0.2605946284577836,1.1963996763248708,singtam
2023-10-03 01:20:00,0.123704203744638,0.05273695163426322,singtam
2023-10-03 01:30:00,0.12011587367534365,0.010833333333333339,singtam
2023-10-03 01:40:00,0.1276832517515639,0.09799999999999999,singtam
2023-10-03 01:50:00,0.21783393572770546,0.9020824167232093,singtam
2023-10-03 02:00:00,0.12453590097227125,0.062299863656303994,singtam
2023-10-03 02:10:00,0.13913782279723738,0.22191319265566112,singtam
2023-10-03 02:20:00,0.11920292202211755,0.0,singtam
2023-10-03 02:30:00,0.15948997382605828,0.4224652232825241,singtam
2023-10-03 02:40:00,0.14662509545844415,0.29834999266609297,singtam
2023-10-03 02:50:00,0.14144733650029087,0.24584930689843051,singtam
2023-10-03 03:00:00,0.11920292202211755,0.0,singtam
2023-10-03 03:10:00,0.16278488588104048,0.45293570888152895,singtam
2023-10-03 03:20:00,0.14116892945029422,0.2429812626008119,singtam
2023-10-03 03:30:00,0.11920292202211755,0.0,singtam
2023-10-03 03:40:00,0.15635378576430797,0.392985084668799,singtam
2023-10-03 03:50:00,0.18033077727395752,0.6073649300498796,singtam
2023-10-03 04:00:00,0.16749776524809423,0.49566762892003285,singtam
2023-10-03 04:10:00,0.20019001881851148,0.768616042069083,singtam
2023-10-03 04:20:00,0.13214565694730424,0.1473511036323412,singtam
2023-10-03 04:30:00,0.1368464232369763,0.19783333333333333,singtam
2023-10-03 04:40:00,0.11920292202211755,0.0,singtam
2023-10-03 04:50:00,0.1605777744978454,0.4325807163982595,singtam
2023-10-03 05:00:00,0.1357576409284373,0.18627250792748445,singtam
2023-10-03 05:10:00,0.12908449446502882,0.11365277777777778,singtam
2023-10-03 05:20:00,0.23733014559710902,1.0407836845423668,singtam
2023-10-03 05:30:00,0.14527057931603005,0.28476639489991684,singtam
2023-10-03 05:40:00,0.1713023069221,0.5294680603982187,singtam
2023-10-03 05:50:00,0.11920292202211755,0.0,singtam
2023-10-03 06:00:00,0.19837893812042723,0.7544287822038135,singtam
2023-10-03 06:10:00,0.15532845488322458,0.38324261355600076,singtam
2023-10-03 06:20:00,0.11920292202211755,0.0,singtam
2023-10-03 06:30:00,0.12274497766101414,0.04163888888888889,singtam
2023-10-03 06:40:00,0.2663576057181522,1.2335225995816603,singtam
2023-10-03 06:50:00,0.11920292202211755,0.0,singtam
2023-10-03 07:00:00,0.17109214506330908,0.5276165931229471,singtam
2023-10-03 07:10:00,0.11920292202211755,0.0,singtam
2023-10-03 07:20:00,0.1713905880592988,0.5302452551132785,singtam
2023-10-03 07:30:00,0.14531547774756362,0.28521833321589624,singtam
2023-10-03 07:40:00,0.16133925647884573,0.43962883066662856,singtam
2023-10-03 07:50:00,0.12182788520139487,0.03095833333333333,singtam
2023-10-03 08:00:00,0.12406229997666106,0.05686111111111111,singtam
2023-10-03 08:10:00,0.29787127522150453,1.4281808437408463,singtam
2023-10-03 08:20:00,0.20871140952397746,0.8341121728535488,singtam
2023-10-03 08:30:00,0.18844631414815252,0.6748282745737582,singtam
2023-10-03 08:40:00,0.13499990341985174,0.17818055555555554,singtam
2023-10-03 08:50:00,0.15148313759131765,0.34623044756519117,singtam
2023-10-03 09:00:00,0.1330026731499048,0.15666666666666665,singtam
2023-10-03 09:10:00,0.16042603560280191,0.43117302631523646,singtam
2023-10-03 09:20:00,0.16811774491198478,0.501217107507205,singtam
2023-10-03 09:30:00,0.16012178432893545,0.42834722222222227,singtam
2023-10-03 09:40:00,0.4118345475811457,2.0545167439617558,singtam
2023-10-03 09:50:00,0.15503498219146952,0.3804444444444445,singtam
2023-10-03 10:00:00,0.21876038770418202,0.9088688825713699,singtam
2023-10-03 10:10:00,0.2895554220769622,1.3780697240087685,singtam
2023-10-03 10:20:00,0.15624110823415807,0.3919169989693547,singtam
2023-10-03 10:30:00,0.37683423394569526,1.8712410405836304,singtam
2023-10-03 10:40:00,0.16933075288629598,0.5120277777777777,singtam
2023-10-03 10:50:00,0.18288426315817324,0.628840956773724,singtam
2023-10-03 11:00:00,0.4415236609121272,2.206274197753615,singtam
2023-10-03 11:10:00,0.17623606196346825,0.5724254395086954,singtam
2023-10-03 11:20:00,0.20495091664729934,0.8054583333333333,singtam
2023-10-03 11:30:00,0.349031083823348,1.7208738629658362,singtam
2023-10-03 11:40:00,0.1848287724733344,0.6450395699895675,singtam
2023-10-03 11:50:00,0.3843389020757394,1.9110350930278706,singtam
2023-10-03 12:00:00,0.2570821908509802,1.1735130302301615,singtam
2023-10-03 12:10:00,0.23639561358724812,1.0343211176171772,singtam
2023-10-03 12:20:00,0.2940550871316184,1.4052873920406406,singtam
2023-10-03 12:30:00,0.24248626744035204,1.0761292670641058,singtam
2023-10-03 12:40:00,0.21293134126311591,0.865817858197004,singtam
2023-10-03 12:50:00,0.2901255719516235,1.3815321793751751,singtam
2023-10-03 13:00:00,0.3790790268975711,1.8831761015455237,singtam
2023-10-03 13:10:00,0.21307146223139758,0.8668627149044686,singtam
2023-10-03 13:20:00,0.22418745919820315,0.9482145667818007,singtam
2023-10-03 13:30:00,0.31731578865345733,1.5423313242029595,singtam
2023-10-03 13:40:00,0.23060476318008769,0.993875579611537,singtam
2023-10-03 13:50:00,0.4236222352314158,2.1150985201439823,singtam
2023-10-03 14:00:00,0.2391431554764323,1.0532714053609533,singtam
2023-10-03 14:10:00,0.22808830767006677,0.9760783912521401,singtam
2023-10-03 14:20:00,0.3451409985404632,1.6994163468078063,singtam
2023-10-03 14:30:00,0.2575757491209941,1.176741252166456,singtam
2023-10-03 14:40:00,0.2477670068697556,1.111803386110579,singtam
2023-10-03 14:50:00,0.30184475559156954,1.4518391745578423,singtam
2023-10-03 15:00:00,0.30119462878654407,1.4479804981046431,singtam
2023-10-03 15:10:00,0.32263332685361823,1.572879658024089,singtam
2023-10-03 15:20:00,0.2544537515267828,1.1562524093291344,singtam
2023-10-03 15:30:00,0.4343360778337202,2.1697731032009973,singtam
2023-10-03 15:40:00,0.2526227187007273,1.1441587821158268,singtam
2023-10-03 15:50:00,0.2355501828310973,1.0284594993675777,singtam
2023-10-03 16:00:00,0.30422955890856324,1.4659534556467753,singtam
2023-10-03 16:10:00,0.23874057332352158,1.0505041162719626,singtam
2023-10-03 16:20:00,0.28923666671411724,1.3761321989184898,singtam
2023-10-03 16:30:00,0.22427645319754252,0.9488540679618744,singtam
2023-10-03 16:40:00,0.22375600872162268,0.9451116486282726,singtam
2023-10-03 16:50:00,0.24184388270569696,1.0717538515859106,singtam
2023-10-03 17:00:00,0.2249929395317989,0.9539961028249906,singtam
2023-10-03 17:10:00,0.23492330163098216,1.0241037459084017,singtam
2023-10-03 17:20:00,0.3195253105846634,1.555057328421062,singtam
2023-10-03 17:30:00,0.23978096922416803,1.057649110327769,singtam
2023-10-03 17:40:00,0.2755317006983895,1.2915808531288397,singtam
2023-10-03 17:50:00,0.21923453054202657,0.9123340786981825,singtam
2023-10-03 18:00:00,0.24416251380847262,1.0875095700868478,singtam
2023-10-03 18:10:00,0.21496465118628263,0.8809310680234663,singtam
2023-10-03 18:20:00,0.3869164982947084,1.9246346978659963,singtam
2023-10-03 18:30:00,0.20841395945749264,0.8318596406350124,singtam
2023-10-03 18:40:00,0.22124102675852372,0.9269389167315034,singtam
2023-10-03 18:50:00,0.3495451316157886,1.7237009620314971,singtam
2023-10-03 19:00:00,0.25934466645644383,1.1882781942202536,singtam
2023-10-03 19:10:00,0.2223019226648017,0.9346226205552549,singtam
2023-10-03 19:20:00,0.20298074547026565,0.7902903592339706,singtam
2023-10-03 19:30:00,0.2204919210479603,0.921497502823355,singtam
2023-10-03 19:40:00,0.1978929771598128,0.7506054015812015,singtam
2023-10-03 19:50:00,0.30734162379526936,1.4842787449793506,singtam
2023-10-03 20:00:00,0.20961553408356354,0.8409444623750417,singtam
2023-10-03 20:10:00,0.20479751567792845,0.8042812289099431,singtam
2023-10-03 20:20:00,0.3627844734060639,1.7958762201406047,singtam
2023-10-03 20:30:00,0.23972683762995936,1.0572778821390556,singtam
2023-10-03 20:40:00,0.21119597809962343,0.8528357581604619,singtam
2023-10-03 20:50:00,0.18900052604170894,0.6793529910793232,singtam
2023-10-03 21:00:00,0.1844309327057613,0.6417361665679284,singtam
2023-10-03 21:10:00,0.2422642161392996,1.0746177225369191,singtam
2023-10-03 21:20:00,0.1894824664033337,0.6832794008275193,singtam
2023-10-03 21:30:00,0.2173372954602611,0.8984358422667869,singtam
2023-10-03 21:40:00,0.1764870655362534,0.5745854180218114,singtam
2023-10-03 21:50:00,0.21507629927681124,0.8817579112527933,singtam
2023-10-03 22:00:00,0.174019339378008,0.5532438486657393,singtam
2023-10-03 22:10:00,0.18206386295074892,0.6219665742164705,singtam
2023-10-03 22:20:00,0.16841321922879207,0.5038561724895925,singtam
2023-10-03 22:30:00,0.2562592321558187,1.1681212674107369,singtam
2023-10-03 22:40:00,0.16481265725745958,0.4714416950269746,singtam
2023-10-03 22:50:00,0.2687975888602738,1.249085401187289,singtam
2023-10-03 23:00:00,0.1612543488728051,0.4388442771735092,singtam
2023-10-03 23:10:00,0.2044193829455933,0.8013768729102853,singtam
2023-10-03 23:20:00,0.22965524690370934,0.9871763899544176,singtam
2023-10-03 23:30:00,0.1760309987945004,0.5706589996722369,singtam
2023-10-03 23:40:00,0.18254258971416415,0.6259808877357321,singtam
2023-10-03 23:50:00,0.22021094850296832,0.9194531343335537,singtam
2023-10-04 00:00:00,0.14986322278838202,0.3304072239085051,singtam
2023-10-04 00:10:00,0.22848157303170635,0.9788687597224313,singtam
2023-10-04 00:20:00,0.2118011991101248,0.8573721890495725,singtam
2023-10-04 00:30:00,0.14825294219813417,0.3145378520458995,singtam
2023-10-04 00:40:00,0.1921077646951534,0.7045347644341767,singtam
2023-10-04 00:50:00,0.1659134800861118,0.48141163787482777,singtam
2023-10-04 01:00:00,0.15141098000148237,0.34552858472068715,singtam
2023-10-04 01:10:00,0.16247328259638705,0.4500755111161284,singtam
2023-10-04 01:20:00,0.1471538235809715,0.3036240747547023,singtam
2023-10-04 01:30:00,0.14682346274853475,0.3003305561034668,singtam
2023-10-04 01:40:00,0.13780135794840953,0.2079094071096247,singtam
2023-10-04 01:50:00,0.13181417489072886,0.14373423599837376,singtam
2023-10-04 02:00:00,0.13733110994098163,0.20295490812837597,singtam
2023-10-04 02:10:00,0.17943736528869722,0.5997949528437865,singtam
2023-10-04 02:20:00,0.13428360449342192,0.1704958097590436,singtam
2023-10-04 02:30:00,0.2457722143316447,1.0983884044681584,singtam
2023-10-04 02:40:00,0.13455386958435725,0.1733993806643885,singtam
2023-10-04 02:50:00,0.17296096299487454,0.5440175306841848,singtam
2023-10-04 03:00:00,0.1271100605870325,0.09155481719608889,singtam
2023-10-04 03:10:00,0.19416518906911007,0.721038143142354,singtam
2023-10-04 03:20:00,0.11920292202211755,0.0,singtam
2023-10-04 03:30:00,0.15642319960698972,0.39364275585845004,singtam
2023-10-04 03:40:00,0.11932661971820031,0.001472021359159126,singtam
2023-10-04 03:50:00,0.16317384076489175,0.4564997329915139,singtam
2023-10-04 04:00:00,0.11920292202211755,0.0,singtam
2023-10-04 04:10:00,0.11920292202211755,0.0,singtam
2023-10-04 04:20:00,0.14076918695663473,0.2388549894308303,singtam
2023-10-04 04:30:00,0.18213287810723874,0.6225457993006486,singtam
2023-10-04 04:40:00,0.13447465580848772,0.17254886466388553,singtam
2023-10-04 04:50:00,0.1548705606430731,0.3788748463912406,singtam
2023-10-04 05:00:00,0.20773305645741963,0.8266943601140097,singtam
2023-10-04 05:10:00,0.14467593203554532,0.27876983215854245,singtam
2023-10-04 05:20:00,0.17389223101118473,0.5521381367310089,singtam
2023-10-04 05:30:00,0.12741345074423974,0.09496933799194586,singtam
2023-10-04 05:40:00,0.12014284698533427,0.011152322745016275,singtam
2023-10-04 05:50:00,0.21729530803859948,0.898127274450853,singtam
2023-10-04 06:00:00,0.12494718998175301,0.06700866130438703,singtam
2023-10-04 06:10:00,0.1861241729000528,0.6557577992511715,singtam
2023-10-04 06:20:00,0.6453159296523201,3.2481406996650692,singtam
2023-10-04 06:30:00,0.36821212150934507,1.8251318584252658,singtam
2023-10-04 06:40:00,0.5430584585564721,2.7158268849715475,singtam
2023-10-04 06:50:00,0.450445753668507,2.2514127097223424,singtam
2023-10-04 07:00:00,0.43194396240781263,2.157594739492594,singtam
2023-10-04 07:10:00,0.34315852291710774,1.6884372499336397,singtam
2023-10-04 07:20:00,0.45377773605809046,2.2682269253518075,singtam
2023-10-04 07:30:00,0.11920292202211755,0.0,singtam
2023-10-04 07:40:00,0.15815715081916576,0.40999475907176225,singtam
2023-10-04 07:50:00,0.11920292202211755,0.0,singtam
2023-10-04 08:00:00,0.1321228439417082,0.14710243296129727,singtam
2023-10-04 08:10:00,0.11920292202211755,0.0,singtam
2023-10-04 08:20:00,0.11920292202211755,0.0,singtam
2023-10-04 08:30:00,0.11920292202211755,0.0,singtam
2023-10-04 08:40:00,0.15198974336305363,0.35115038735674814,singtam
2023-10-04 08:50:00,0.12247934402756024,0.03855237618864627,singtam
2023-10-04 09:00:00,0.14445856588121517,0.2765727504174722,singtam
2023-10-04 09:10:00,0.11920292202211755,0.0,singtam
2023-10-04 09:20:00,0.16613881609847517,0.4834459226433143,singtam
2023-10-04 09:30:00,0.13021388846509308,0.126163827140011,singtam
2023-10-04 09:40:00,0.11920292202211755,0.0,singtam
2023-10-04 09:50:00,0.20067867792311256,0.772427489244166,singtam
2023-10-04 10:00:00,0.11920292202211755,0.0,singtam
2023-10-04 10:10:00,0.13637479203972946,0.19283503953620398,singtam
2023-10-04 10:20:00,0.11920292202211755,0.0,singtam
2023-10-04 10:30:00,0.1715275446206922,0.531450342253286,singtam
2023-10-04 10:40:00,0.15848757438559274,0.41309426956083456,singtam
2023-10-04 10:50:00,0.11920292202211755,0.0,singtam
2023-10-04 11:00:00,0.12373840237222798,0.053131256334621166,singtam
2023-10-04 11:10:00,0.14391567672049982,0.2710733374174995,singtam
2023-10-04 11:20:00,0.11920292202211755,0.0,singtam
2023-10-04 11:30:00,0.11920292202211755,0.0,singtam
2023-10-04 11:40:00,0.1229127870620797,0.04358577943510656,singtam
2023-10-04 11:50:00,0.1858893760284778,0.6538193572362856,singtam
2023-10-04 12:00:00,0.11920292202211755,0.0,singtam
2023-10-04 12:10:00,0.12961146013621788,0.11950187185940668,singtam
2023-10-04 12:20:00,0.13843507974964325,0.21456383388823858,singtam
2023-10-04 12:30:00,0.11920292202211755,0.0,singtam
2023-10-04 12:40:00,0.13053700904756407,0.1297262643752479,singtam
2023-10-04 12:50:00,0.11920292202211755,0.0,singtam
2023-10-04 13:00:00,0.11920292202211755,0.0,singtam
2023-10-04 13:10:00,0.12339032950509675,0.049113651996633235,singtam
2023-10-04 13:20:00,0.11920292202211755,0.0,singtam
2023-10-04 13:30:00,0.13645025623028925,0.19363577739112778,singtam
2023-10-04 13:40:00,0.11920292202211755,0.0,singtam
2023-10-04 13:50:00,0.13232107174438829,0.1492619787183682,singtam
2023-10-04 14:00:00,0.13369936647895345,0.1642021819103948,singtam
2023-10-04 14:10:00,0.12389464438862725,0.05493151220007003,singtam
2023-10-04 14:20:00,0.11920292202211755,0.0,singtam
2023-10-04 14:30:00,0.1238404289242721,0.05430705032682842,singtam
2023-10-04 14:40:00,0.12701270616179328,0.09045766104232132,singtam
2023-10-04 14:50:00,0.12236145242070322,0.03718069677181421,singtam
2023-10-04 15:00:00,0.16989920892752272,0.5170728051444483,singtam
2023-10-04 15:10:00,0.12007294559935812,0.010325533478220834,singtam
2023-10-04 15:20:00,0.11920292202211755,0.0,singtam
2023-10-04 15:30:00,0.19639758043064331,0.7387955404950839,singtam
2023-10-04 15:40:00,0.14386170133524004,0.2705256296784302,singtam
2023-10-04 15:50:00,0.12536043887107046,0.0717265344686589,singtam
2023-10-04 16:00:00,0.1220349050828862,0.033375341779987064,singtam
2023-10-04 16:10:00,0.13225275150307683,0.1485179899363332,singtam
2023-10-04 16:20:00,0.11920292202211755,0.0,singtam
2023-10-04 16:30:00,0.13493301914810615,0.1774644530122038,singtam
2023-10-04 16:40:00,0.11920292202211755,0.0,singtam
2023-10-04 16:50:00,0.12207318302519642,0.03382185944335047,singtam
2023-10-04 17:00:00,0.1293744864477885,0.11687407515752797,singtam
2023-10-04 17:10:00,0.1759375700966023,0.5698536565827513,singtam
2023-10-04 17:20:00,0.11920292202211755,0.0,singtam
2023-10-04 17:30:00,0.15053291459350152,0.3369657092208396,singtam
2023-10-04 17:40:00,0.11920292202211755,0.0,singtam
2023-10-04 17:50:00,0.1236014077849886,0.05155116676487245,singtam
2023-10-04 18:00:00,0.13397405795774037,0.16716414949448047,singtam
2023-10-04 18:10:00,0.12899081954720792,0.11261089825257982,singtam
2023-10-04 18:20:00,0.12597139873163338,0.07867723413445443,singtam
2023-10-04 18:30:00,0.11920292202211755,0.0,singtam
2023-10-04 18:40:00,0.1692993440568648,0.511748632771586,singtam
2023-10-04 18:50:00,0.12188625075800293,0.03164012347529615,singtam
2023-10-04 19:00:00,0.162805127217096,0.45312135090744177,singtam
2023-10-04 19:10:00,0.168077279472461,0.5008553974639036,singtam
2023-10-04 19:20:00,0.15703604173034513,0.3994389265054301,singtam
2023-10-04 19:30:00,0.17937568096415868,0.5992712094718102,singtam
2023-10-04 19:40:00,0.11920292202211755,0.0,singtam
2023-10-04 19:50:00,0.11920292202211755,0.0,singtam
2023-10-04 20:00:00,0.14240087279089533,0.2556366943823532,singtam
2023-10-04 20:10:00,0.11920292202211755,0.0,singtam
2023-10-04 20:20:00,0.11920292202211755,0.0,singtam
2023-10-04 20:30:00,0.15487744393582542,0.3789405828448281,singtam
2023-10-04 20:40:00,0.13017801141821092,0.12576781563500145,singtam
2023-10-04 20:50:00,0.12226427380909248,0.03604915951691956,singtam
2023-10-04 21:00:00,0.11920292202211755,0.0,singtam
2023-10-04 21:10:00,0.11920292202211755,0.0,singtam
2023-10-04 21:20:00,0.12591268397577524,0.07801050978033049,singtam
2023-10-04 21:30:00,0.1651585770957861,0.4745803644344,singtam
2023-10-04 21:40:00,0.11920292202211755,0.0,singtam
2023-10-04 21:50:00,0.12333323029733814,0.04845365938447027,singtam
2023-10-04 22:00:00,0.11920292202211755,0.0,singtam
2023-10-04 22:10:00,0.11920292202211755,0.0,singtam
2023-10-04 22:20:00,0.15645839691335753,0.3939761468436686,singtam
2023-10-04 22:30:00,0.18156703681908354,0.6177918037000518,singtam
2023-10-04 22:40:00,0.12155685720640085,0.027788661395479714,singtam
2023-10-04 22:50:00,0.13103535434921326,0.13520590853335088,singtam
2023-10-04 23:00:00,0.11920292202211755,0.0,singtam
2023-10-04 23:10:00,0.11920292202211755,0.0,singtam
2023-10-04 23:20:00,0.13657371490763984,0.1949449730643034,singtam
2023-10-04 23:30:00,0.1419394836731394,0.25090770824792563,singtam
2023-10-04 23:40:00,0.14513150051624785,0.28336572026564977,singtam
2023-10-04 23:50:00,0.11920292202211755,0.0,singtam
2023-10-05 00:00:00,0.11920292202211755,0.0,singtam
2023-10-05 00:10:00,0.14130037425277842,0.2443359456059032,singtam
2023-10-05 00:20:00,0.11920292202211755,0.0,singtam
2023-10-05 00:30:00,0.1321032777870331,0.1468891252338757,singtam
2023-10-05 00:40:00,0.12477277877492995,0.06501347413377871,singtam
2023-10-05 00:50:00,0.11920292202211755,0.0,singtam
2023-10-05 01:00:00,0.14763522472637752,0.3084124480070803,singtam
2023-10-05 01:10:00,0.1605046504778685,0.43190247521073727,singtam
2023-10-05 01:20:00,0.16042927543129146,0.43120309363192066,singtam
2023-10-05 01:30:00,0.13384516756263168,0.1657749787627808,singtam
2023-10-05 01:40:00,0.11920292202211755,0.0,singtam
2023-10-05 01:50:00,0.11920292202211755,0.0,singtam
2023-10-05 02:00:00,0.11920292202211755,0.0,singtam
2023-10-05 02:10:00,0.16682770264767446,0.48965137352114413,singtam
2023-10-05 02:20:00,0.13504194583905538,0.17863053330053005,singtam
2023-10-05 02:30:00,0.11920292202211755,0.0,singtam
2023-10-05 02:40:00,0.11920292202211755,0.0,singtam
2023-10-05 02:50:00,0.11920292202211755,0.0,singtam
2023-10-05 03:00:00,0.23913200310362695,1.053194788681042,singtam
2023-10-05 03:10:00,0.11920292202211755,0.0,singtam
2023-10-05 03:20:00,0.1324608044997024,0.15078261704316842,singtam
2023-10-05 03:30:00,0.11920292202211755,0.0,singtam
2023-10-05 03:40:00,0.16046082606673864,0.43149587448621735,singtam
2023-10-05 03:50:00,0.11920292202211755,0.0,singtam
2023-10-05 04:00:00,0.1639983248412268,0.4640319956601714,singtam
2023-10-05 04:10:00,0.1685863865511598,0.5054011217934881,singtam
2023-10-05 04:20:00,0.11920292202211755,0.0,singtam
2023-10-05 04:30:00,0.12175920664763068,0.030155712801814647,singtam
2023-10-05 04:40:00,0.11920292202211755,0.0,singtam
2023-10-05 04:50:00,0.16681589142827843,0.48954515162370105,singtam
2023-10-05 05:00:00,0.14487921818282312,0.280822116261351,singtam
2023-10-05 05:10:00,0.11920292202211755,0.0,singtam
2023-10-05 05:20:00,0.13366987827319238,0.16388390811306408,singtam
2023-10-05 05:30:00,0.11920292202211755,0.0,singtam
2023-10-05 05:40:00,0.1486310810222008,0.3182771530394836,singtam
2023-10-05 05:50:00,0.1356396272797287,0.18501473686370448,singtam
2023-10-05 06:00:00,0.1529748282469485,0.3606787170854797,singtam
2023-10-05 06:10:00,0.17680517987216926,0.5773194444444445,singtam
2023-10-05 06:20:00,0.11920292202211755,0.0,singtam
2023-10-05 06:30:00,0.11920292202211755,0.0,singtam
2023-10-05 06:40:00,0.19178103889943338,0.7019016069773925,singtam
2023-10-05 06:50:00,0.1234129462839433,0.04937499999999999,singtam
2023-10-05 07:00:00,0.11920292202211755,0.0,singtam
2023-10-05 07:10:00,0.2439994785407521,1.08640502777831,singtam
2023-10-05 07:20:00,0.11920292202211755,0.0,singtam
2023-10-05 07:30:00,0.15933490239550785,0.421018662550309,singtam
2023-10-05 07:40:00,0.12531816668926973,0.07124454472844545,singtam
2023-10-05 07:50:00,0.12033897364740087,0.013469881305318194,singtam
2023-10-05 08:00:00,0.21899258512747427,0.9105665343854271,singtam
2023-10-05 08:10:00,0.179566088916402,0.60088745422889,singtam
2023-10-05 08:20:00,0.1298109618465759,0.1217109740591512,singtam
2023-10-05 08:30:00,0.11925099675468201,0.0005722534423606548,singtam
2023-10-05 08:40:00,0.15588740270244247,0.3885600928452356,singtam
2023-10-05 08:50:00,0.1362235126873868,0.19122871531716285,singtam
2023-10-05 09:00:00,0.182294504376558,0.6239016165150388,singtam
2023-10-05 09:10:00,0.11920292202211755,0.0,singtam
2023-10-05 09:20:00,0.12901571372269374,0.11288784133838525,singtam
2023-10-05 09:30:00,0.22784093611113382,0.9743214584262581,singtam
2023-10-05 09:40:00,0.11920292202211755,0.0,singtam
2023-10-05 09:50:00,0.1650360159381169,0.47346892179194633,singtam
2023-10-05 10:00:00,0.155683130070775,0.3866185769913625,singtam
2023-10-05 10:10:00,0.11920292202211755,0.0,singtam
2023-10-05 10:20:00,0.14745087179350724,0.30658026477569594,singtam
2023-10-05 10:30:00,0.11920292202211755,0.0,singtam
2023-10-05 10:40:00,0.13765200435977212,0.20633737040557149,singtam
2023-10-05 10:50:00,0.11920292202211755,0.0,singtam
2023-10-05 11:00:00,0.1285797554948914,0.10803128944701261,singtam
2023-10-05 11:10:00,0.1536856279837007,0.3675228131577708,singtam
2023-10-05 11:20:00,0.11920292202211755,0.0,singtam
2023-10-05 11:30:00,0.3712880524668887,1.8416312304140423,singtam
2023-10-05 11:40:00,0.15855603071287222,0.4137357622983556,singtam
2023-10-05 11:50:00,0.11920292202211755,0.0,singtam
2023-10-05 12:00:00,0.13867608322094443,0.21708779186037955,singtam
2023-10-05 12:10:00,0.15698283784082614,0.39893646253703485,singtam
2023-10-05 12:20:00,0.13184741032586042,0.14409722222222224,singtam
2023-10-05 12:30:00,0.2137999804794743,0.8722870868393563,singtam
2023-10-05 12:40:00,0.12227845727802153,0.036214358529001824,singtam
2023-10-05 12:50:00,0.24315178965608816,1.0806539731559246,singtam
2023-10-05 13:00:00,0.11920292202211755,0.0,singtam
2023-10-05 13:10:00,0.1743699555161236,0.5562905475778278,singtam
2023-10-05 13:20:00,0.158803258110103,0.4160506187713294,singtam
2023-10-05 13:30:00,0.22308959533016243,0.940310536422818,singtam
2023-10-05 13:40:00,0.152005743616206,0.3513055555555556,singtam
2023-10-05 13:50:00,0.19143555873592483,0.6991135794055405,singtam
2023-10-05 14:00:00,0.1242205630031509,0.058680555555555555,singtam
2023-10-05 14:10:00,0.11920292202211755,0.0,singtam
2023-10-05 14:20:00,0.12019104992734471,0.011722222222222212,singtam
2023-10-05 14:30:00,0.165937516035353,0.48162873462238376,singtam
2023-10-05 14:40:00,0.136388342072874,0.19297884414046748,singtam
2023-10-05 14:50:00,0.30224815948747774,1.4542311123872067,singtam
2023-10-05 15:00:00,0.11920292202211755,0.0,singtam
2023-10-05 15:10:00,0.20855509060624558,0.8329286946973292,singtam
2023-10-05 15:20:00,0.119334256628571,0.0015628585060822463,singtam
2023-10-05 15:30:00,0.1726391067218839,0.5412029236897307,singtam
2023-10-05 15:40:00,0.23108308891789262,0.9972430280911325,singtam
2023-10-05 15:50:00,0.11920292202211755,0.0,singtam
2023-10-05 16:00:00,0.24517903836097976,1.0943851603223318,singtam
2023-10-05 16:10:00,0.11920292202211755,0.0,singtam
2023-10-05 16:20:00,0.17342979034251216,0.5481099863205049,singtam
2023-10-05 16:30:00,0.11920292202211755,0.0,singtam
2023-10-05 16:40:00,0.12232173472701335,0.03671832172491003,singtam
2023-10-05 16:50:00,0.12034291216477981,0.01351638794818317,singtam
2023-10-05 17:00:00,0.11920292202211755,0.0,singtam
2023-10-05 17:10:00,0.13606691265376494,0.18956431118070383,singtam
2023-10-05 17:20:00,0.14779655447999995,0.31001426506619284,singtam
2023-10-05 17:30:00,0.16151366893176003,0.4412393711837967,singtam
2023-10-05 17:40:00,0.11920292202211755,0.0,singtam
2023-10-05 17:50:00,0.12289056769973336,0.04332812625051777,singtam
2023-10-05 18:00:00,0.1976585724988492,0.7487586544613578,singtam
2023-10-05 18:10:00,0.37425541328398804,1.8574952601833397,singtam
2023-10-05 18:20:00,0.14139483773779943,0.24530884548285267,singtam
2023-10-05 18:30:00,0.1194004014666051,0.002349407374232119,singtam
2023-10-05 18:40:00,0.1414825335059002,0.24621155731226177,singtam
2023-10-05 18:50:00,0.14847896385814396,0.3167738576055146,singtam
2023-10-05 19:00:00,0.13939106337449433,0.22455397994204163,singtam
2023-10-05 19:10:00,0.1951089815524026,0.7285642434515178,singtam
2023-10-05 19:20:00,0.11920292202211755,0.0,singtam
2023-10-05 19:30:00,0.28933708524529184,1.37674272020994,singtam
2023-10-05 19:40:00,0.11920292202211755,0.0,singtam
2023-10-05 19:50:00,0.1525060029857547,0.3561502538165722,singtam
2023-10-05 20:00:00,0.1558764036557706,0.3884556049099557,singtam
2023-10-05 20:10:00,0.14256924892308726,0.2573592750089921,singtam
2023-10-05 20:20:00,0.1413522472472898,0.24487026404146434,singtam
2023-10-05 20:30:00,0.12111052886614543,0.02255555555555557,singtam
2023-10-05 20:40:00,0.18935977214822675,0.6822805271444903,singtam
2023-10-05 20:50:00,0.2839264318548182,1.343665314188301,singtam
2023-10-05 21:00:00,0.12008379599471722,0.010453898528800262,singtam
2023-10-05 21:10:00,0.19876051836725347,0.7574259925441741,singtam
2023-10-05 21:20:00,0.16299028462665024,0.4548186471440522,singtam
2023-10-05 21:30:00,0.14274881279108192,0.2591944444444444,singtam
2023-10-05 21:40:00,0.11920292202211755,0.0,singtam
2023-10-05 21:50:00,0.11920292202211755,0.0,singtam
2023-10-05 22:00:00,0.14258440681440201,0.25751426535142424,singtam
2023-10-05 22:10:00,0.17121734522908283,0.52871978875459,singtam
2023-10-05 22:20:00,0.11920292202211755,0.0,singtam
2023-10-05 22:30:00,0.13765162098714828,0.20633333333333334,singtam
2023-10-05 22:40:00,0.1823381652418228,0.6242677095358378,singtam
2023-10-05 22:50:00,0.17486985350897924,0.5606260947449814,singtam
2023-10-05 23:00:00,0.11920292202211755,0.0,singtam
2023-10-05 23:10:00,0.1355373504392481,0.18392393977005853,singtam
2023-10-05 23:20:00,0.16925041972863678,0.5113137371602559,singtam
2023-10-05 23:30:00,0.17204897290929055,0.5360314448663633,singtam
2023-10-05 23:40:00,0.16428919137965156,0.466682008076147,singtam
2023-10-05 23:50:00,0.11985668095626559,0.007764933601741393,singtam
2023-10-06 00:00:00,0.19274960267327526,0.7096975615591781,singtam
2023-10-06 00:10:00,0.15096498895857272,0.34118440661575183,singtam
2023-10-06 00:20:00,0.12042752242166446,0.014515162255501876,singtam
2023-10-06 00:30:00,0.1272260556580728,0.09286111111111113,singtam
2023-10-06 00:40:00,0.15642472050688158,0.3936571631760383,singtam
2023-10-06 00:50:00,0.18627260698391826,0.6569822722201644,singtam
2023-10-06 01:00:00,0.12477693035913634,0.06506099419650863,singtam
2023-10-06 01:10:00,0.129298286680795,0.11602822672454485,singtam
2023-10-06 01:20:00,0.11920292202211755,0.0,singtam
2023-10-06 01:30:00,0.23883573849558237,1.0511585561212657,singtam
2023-10-06 01:40:00,0.13268907913122877,0.15326388888888884,singtam
2023-10-06 01:50:00,0.11987534801122104,0.007986111111111093,singtam
2023-10-06 02:00:00,0.33063247928493916,1.6183426955097535,singtam
2023-10-06 02:10:00,0.11920292202211755,0.0,singtam
2023-10-06 02:20:00,0.13475002152680615,0.17550363988324347,singtam
2023-10-06 02:30:00,0.15377947019072805,0.3684244564827238,singtam
2023-10-06 02:40:00,0.13640064772324786,0.19310943186099822,singtam
2023-10-06 02:50:00,0.11920292202211755,0.0,singtam
2023-10-06 03:00:00,0.12642651019447587,0.08383616707698094,singtam
2023-10-06 03:10:00,0.1314956850272776,0.1402518545313057,singtam
2023-10-06 03:20:00,0.11920292202211755,0.0,singtam
2023-10-06 03:30:00,0.3460552909214717,1.7044696968152506,singtam
2023-10-06 03:40:00,0.1348626320740683,0.17671052378334523,singtam
2023-10-06 03:50:00,0.21296777601591002,0.866089593791414,singtam
2023-10-06 04:00:00,0.15100339114007003,0.34155887802042406,singtam
2023-10-06 04:10:00,0.11920292202211755,0.0,singtam
2023-10-06 04:20:00,0.14747493176121498,0.3068194911134331,singtam
2023-10-06 04:30:00,0.18306099349974128,0.6303186981201637,singtam
2023-10-06 04:40:00,0.11920292202211755,0.0,singtam
2023-10-06 04:50:00,0.13532720751347546,0.18168055555555557,singtam
2023-10-06 05:00:00,0.24614523041412623,1.1009024913710037,singtam
2023-10-06 05:10:00,0.11998360658141975,0.009268231806015418,singtam
2023-10-06 05:20:00,0.19441293190142336,0.7230164039677609,singtam
2023-10-06 05:30:00,0.12017573524526903,0.01154117936948059,singtam
2023-10-06 05:40:00,0.15664718802518898,0.3957633457024944,singtam
2023-10-06 05:50:00,0.13654991759940754,0.19469269626343833,singtam
2023-10-06 06:00:00,0.1419465539089841,0.2509802710002968,singtam
2023-10-06 06:10:00,0.13191680310637288,0.14485485669581277,singtam
2023-10-06 06:20:00,0.1243304250132003,0.05994239638939561,singtam
2023-10-06 06:30:00,0.1576827003106334,0.4055350052669463,singtam
2023-10-06 06:40:00,0.11920292202211755,0.0,singtam
2023-10-06 06:50:00,0.22996848211937415,0.9893885236837826,singtam
2023-10-06 07:00:00,0.17298120930130909,0.5441944444444444,singtam
2023-10-06 07:10:00,0.12463184491892151,0.0633995054570823,singtam
2023-10-06 07:20:00,0.11920292202211755,0.0,singtam
2023-10-06 07:30:00,0.15494932030259131,0.37962687016574176,singtam
2023-10-06 07:40:00,0.1861678275791935,0.6561179966764322,singtam
2023-10-06 07:50:00,0.11920292202211755,0.0,singtam
2023-10-06 08:00:00,0.13276355108461446,0.1540725928346595,singtam
2023-10-06 08:10:00,0.12993628584245057,0.12309722222222222,singtam
2023-10-06 08:20:00,0.1667215859479936,0.4886968178559874,singtam
2023-10-06 08:30:00,0.11920292202211755,0.0,singtam
2023-10-06 08:40:00,0.14810785806765675,0.31310106778448477,singtam
2023-10-06 08:50:00,0.16984060570027074,0.5165533250123543,singtam
2023-10-06 09:00:00,0.11920292202211755,0.0,singtam
2023-10-06 09:10:00,0.11920292202211755,0.0,singtam
2023-10-06 09:20:00,0.11920292202211755,0.0,singtam
2023-10-06 09:30:00,0.1494475314366047,0.326324086967317,singtam
2023-10-06 09:40:00,0.11920292202211755,0.0,singtam
2023-10-06 09:50:00,0.2161489359872037,0.8896858195028726,singtam
2023-10-06 10:00:00,0.1406645222875697,0.23777298828018575,singtam
2023-10-06 10:10:00,0.1504271028343283,0.335931063771187,singtam
2023-10-06 10:20:00,0.14422083378315304,0.27416666666666667,singtam
2023-10-06 10:30:00,0.12889738453111368,0.11157104468412717,singtam
2023-10-06 10:40:00,0.15100395205302772,0.34156434707385874,singtam
2023-10-06 10:50:00,0.1670661921578212,0.49179489684757416,singtam
2023-10-06 11:00:00,0.17553686526439757,0.5663958132507526,singtam
2023-10-06 11:10:00,0.21262446417817787,0.8635277777777777,singtam
2023-10-06 11:20:00,0.3471081899033971,1.7102813544863966,singtam
2023-10-06 11:30:00,0.11920292202211755,0.0,singtam
2023-10-06 11:40:00,0.11920292202211755,0.0,singtam
2023-10-06 11:50:00,0.24810882114656155,1.114094800451813,singtam
2023-10-06 12:00:00,0.11920292202211755,0.0,singtam
2023-10-06 12:10:00,0.14669295538720437,0.2990277777777778,singtam
2023-10-06 12:20:00,0.13803702637490628,0.210387050654889,singtam
2023-10-06 12:30:00,0.1206678316558481,0.017348572455349914,singtam
2023-10-06 12:40:00,0.12338650418262109,0.04906944444444443,singtam
2023-10-06 12:50:00,0.11920292202211755,0.0,singtam
2023-10-06 13:00:00,0.13666158451231067,0.19587616396262086,singtam
2023-10-06 13:10:00,0.20432276633865726,0.8006341414690747,singtam
2023-10-06 13:20:00,0.24271273675080338,1.0776699167650066,singtam
2023-10-06 13:30:00,0.14734113954201752,0.30548879618412494,singtam
2023-10-06 13:40:00,0.14278722309541297,0.25958675362168576,singtam
2023-10-06 13:50:00,0.15017771019015896,0.3334900882987762,singtam
2023-10-06 14:00:00,0.22460531498921607,0.9512156694598273,singtam
2023-10-06 14:10:00,0.1716077084539252,0.5321553535733228,singtam
2023-10-06 14:20:00,0.12509163987637423,0.06865929765899571,singtam
2023-10-06 14:30:00,0.11920292202211755,0.0,singtam
2023-10-06 14:40:00,0.41216288643059884,2.056210918560288,singtam
2023-10-06 14:50:00,0.12127857232323604,0.02452777777777779,singtam
2023-10-06 15:00:00,0.11920292202211755,0.0,singtam
2023-10-06 15:10:00,0.11920292202211755,0.0,singtam
2023-10-06 15:20:00,0.17987061584437197,0.6034695977466195,singtam
2023-10-06 15:30:00,0.11920292202211755,0.0,singtam
2023-10-06 15:40:00,0.1575673947597616,0.40444950591384565,singtam
2023-10-06 15:50:00,0.13104547139991138,0.13531696890121425,singtam
2023-10-06 16:00:00,0.13997827085818385,0.23066193379388494,singtam
2023-10-06 16:10:00,0.16572326714778438,0.4796927132373382,singtam
2023-10-06 16:20:00,0.3311434448459546,1.6212275366091602,singtam
2023-10-06 16:30:00,0.13301676758857353,0.15681944444444443,singtam
2023-10-06 16:40:00,0.11920292202211755,0.0,singtam
2023-10-06 16:50:00,0.15881633546531407,0.4161729841158841,singtam
2023-10-06 17:00:00,0.1496656390213686,0.3284676185376575,singtam
2023-10-06 17:10:00,0.14712864687998467,0.3033732922005037,singtam
2023-10-06 17:20:00,0.17011374940887028,0.518973354430994,singtam
2023-10-06 17:30:00,0.11920292202211755,0.0,singtam
2023-10-06 17:40:00,0.14222332416720398,0.25381843320898584,singtam
2023-10-06 17:50:00,0.22917015832638024,0.9837464076279236,singtam
2023-10-06 18:00:00,0.12473483794457076,0.06457913115500633,singtam
2023-10-06 18:10:00,0.12167050987646469,0.029118569642969307,singtam
2023-10-06 18:20:00,0.3192996224284724,1.5537596026091207,singtam
2023-10-06 18:30:00,0.17624325851004688,0.5724874021080025,singtam
2023-10-06 18:40:00,0.12593007544916243,0.07820802311388476,singtam
2023-10-06 18:50:00,0.1387810953180305,0.21818640138781042,singtam
2023-10-06 19:00:00,0.22028962363735877,0.920025766585551,singtam
2023-10-06 19:10:00,0.11920292202211755,0.0,singtam
2023-10-06 19:20:00,0.1242085186673337,0.05854215982241484,singtam
2023-10-06 19:30:00,0.14419651333340616,0.2739203338044707,singtam
2023-10-06 19:40:00,0.1333748167232563,0.16069595841106335,singtam
2023-10-06 19:50:00,0.13044279360039054,0.1286883043925186,singtam
2023-10-06 20:00:00,0.1586280540334805,0.41441043812944794,singtam
2023-10-06 20:10:00,0.11946189310906831,0.003080285881557193,singtam
2023-10-06 20:20:00,0.13307358649330092,0.15743519848987825,singtam
2023-10-06 20:30:00,0.1517910037749007,0.3492219203707881,singtam
2023-10-06 20:40:00,0.25363737648827606,1.150867528417106,singtam
2023-10-06 20:50:00,0.12505468373306416,0.06823715349378164,singtam
2023-10-06 21:00:00,0.2026557521469628,0.7877777777777777,singtam
2023-10-06 21:10:00,0.13558301774963602,0.18441107387779038,singtam
2023-10-06 21:20:00,0.12904303529037692,0.11319173632070066,singtam
2023-10-06 21:30:00,0.1622818029620004,0.44831573115735596,singtam
2023-10-06 21:40:00,0.17388433800915745,0.5520694547009467,singtam
2023-10-06 21:50:00,0.1676022701884659,0.4966042074980531,singtam
2023-10-06 22:00:00,0.15270894209440683,0.3581118761005715,singtam
2023-10-06 22:10:00,0.1332901182160971,0.15977974353672525,singtam
2023-10-06 22:20:00,0.11920292202211755,0.0,singtam
2023-10-06 22:30:00,0.11920292202211755,0.0,singtam
2023-10-06 22:40:00,0.27418855497958866,1.283157203858654,singtam
2023-10-06 22:50:00,0.11920292202211755,0.0,singtam
2023-10-06 23:00:00,0.135486268650107,0.18337888529710256,singtam
2023-10-06 23:10:00,0.11920292202211755,0.0,singtam
2023-10-06 23:20:00,0.18979031048710476,0.6857834294907093,singtam
2023-10-06 23:30:00,0.11920292202211755,0.0,singtam
2023-10-06 23:40:00,0.11920292202211755,0.0,singtam
2023-10-06 23:50:00,0.2095635085336789,0.8405519038266325,singtam
